gadmid,dslr_med,lsl_med,n_seg_ir,var_med
329,0.017399992421269418,0.0007999997586011886,10,0.018199992179870606
366,0.010166666082416972,0.47866668303807575,3,0.4888333491204927
592,0.005499992752447724,0.47050002217292786,1,0.4760000149253756
631,0.004874995560385287,0.4813750199973583,4,0.4862500155577436
717,0.005499992752447724,0.47050002217292786,1,0.4760000149253756
877,-0.02650000061839819,0.49650001525878906,1,0.4700000146403909
901,-0.021999993827193975,0.4970000088214874,1,0.47500001499429345
902,-0.021499991416931152,0.49950000643730164,2,0.4780000150203705
907,-0.021999993827193975,0.4970000088214874,2,0.47500001499429345
908,-0.020500007085502148,0.49250002205371857,1,0.4720000149682164
921,-0.02650000061839819,0.49650001525878906,2,0.4700000146403909
984,-0.021000005770474672,0.503000020980835,1,0.4820000152103603
1019,-0.019875008263625205,0.4921250231564045,4,0.4722500148927793
1117,-0.0270000072196126,0.4960000216960907,1,0.4690000144764781
1157,-0.021000004839152098,0.4950000196695328,2,0.4740000148303807
1158,-0.020500007085502148,0.49250002205371857,1,0.4720000149682164
1161,-0.02000001585111022,0.4930000305175781,2,0.4730000146664679
1162,-0.02150001877453178,0.5020000338554382,1,0.48050001508090645
1184,-0.021500005095731467,0.5007500201463699,2,0.47925001505063847
1188,-0.020500007085502148,0.49250002205371857,1,0.4720000149682164
1193,-0.021250012272503227,0.5025000274181366,2,0.48125001514563337
1194,-0.021000005770474672,0.503000020980835,1,0.4820000152103603
1195,-0.021000005770474672,0.503000020980835,2,0.4820000152103603
1198,-0.02050001034513116,0.49400002509355545,4,0.4735000147484243
1205,-0.020166679595907528,0.49283336102962494,3,0.47266668143371743
1219,-0.021000005770474672,0.503000020980835,1,0.4820000152103603
1223,-0.020500007085502148,0.49250002205371857,1,0.4720000149682164
1236,-0.021000005770474672,0.503000020980835,2,0.4820000152103603
1241,-0.021000005770474672,0.503000020980835,1,0.4820000152103603
1257,-0.021999993827193975,0.4970000088214874,3,0.47500001499429345
1260,-0.021000005770474672,0.503000020980835,2,0.4820000152103603
1267,-0.021000005770474672,0.503000020980835,2,0.4820000152103603
1335,-0.021000005770474672,0.503000020980835,1,0.4820000152103603
1349,-0.02166665888701876,0.4986666738986969,3,0.47700001501167816
1404,-0.022499986458569765,0.50450000166893,1,0.4820000152103603
1412,-0.021000005770474672,0.503000020980835,1,0.4820000152103603
1419,-0.022499986458569765,0.50450000166893,2,0.4820000152103603
1427,-0.02150001877453178,0.5020000338554382,2,0.48050001508090645
1436,-0.02174999611452222,0.5037500113248825,2,0.4820000152103603
1621,-0.023750001535518095,0.4998750165104866,4,0.4761250149749685
1686,-0.026750003919005394,0.4962500184774399,2,0.4695000145584345
1710,-0.026750003919005394,0.4962500184774399,4,0.4695000145584345
1721,-0.025250010192394257,0.4957500249147415,4,0.47050001472234726
1742,-0.0270000072196126,0.4960000216960907,2,0.4690000144764781
1744,-0.024000019766390324,0.49500003457069397,1,0.47100001480430365
1755,-0.0270000072196126,0.4960000216960907,1,0.4690000144764781
1784,-0.02650000061839819,0.49650001525878906,1,0.4700000146403909
1835,-0.027500002644956112,0.49250001708666485,3,0.46500001444170874
1932,-0.02850000560283661,0.49150002002716064,2,0.46300001442432404
2019,-0.02850000560283661,0.49150002002716064,2,0.46300001442432404
2227,-0.047500014305114746,0.6505000293254852,1,0.6030000150203705
2308,-0.06300000194460154,0.5326666831970215,3,0.46966668125241995
2321,-0.06080832059830443,0.5288083349108698,4,0.4680000143125653
2331,-0.059500016272068024,0.518500030040741,4,0.45900001376867294
2337,-0.06330000180751086,0.525600016117096,5,0.4623000143095851
2341,-0.062499997206032276,0.5315000116825104,1,0.4690000144764781
2346,-0.06310000289231539,0.5329000174999237,5,0.4698000146076083
2348,-0.06628573566143002,0.5240714635167804,7,0.4577857278553503
2374,-0.062499997206032276,0.5315000116825104,1,0.4690000144764781
2376,-0.062499997206032276,0.5315000116825104,2,0.4690000144764781
2381,-0.05750003270804882,0.5195000469684601,2,0.46200001426041126
2398,-0.06183333353449901,0.5281666815280914,3,0.46633334799359244
2409,-0.05830002650618553,0.5209000408649445,5,0.4626000143587589
2417,-0.061500005734463535,0.523166686296463,3,0.4616666805619995
2430,-0.06080832059830443,0.5288083349108698,1,0.4680000143125653
2442,-0.05915417665317663,0.524154190939665,4,0.46500001428648835
2468,-0.05750003270804882,0.5195000469684601,3,0.46200001426041126
2474,-0.05915417665317663,0.524154190939665,2,0.46500001428648835
2523,-0.061500001698732376,0.526500016450882,2,0.4650000147521496
2546,-0.062499997206032276,0.5315000116825104,1,0.4690000144764781
2547,-0.062499997206032276,0.5315000116825104,2,0.4690000144764781
2621,-0.06400001142174006,0.5350000262260437,2,0.47100001480430365
2629,-0.0619166794543465,0.5287500272194544,6,0.46683334776510793
2656,-0.059800027124583724,0.5218000411987305,5,0.46200001407414676
2660,-0.059000039473176,0.5190000534057617,1,0.4600000139325857
2744,-0.0640000132843852,0.5302500277757645,2,0.46625001449137926
2786,-0.06657143961638212,0.5297857395240239,7,0.46321429990764174
2835,-0.04050001502037048,0.4735000282526016,1,0.43300001323223114
2837,-0.042500004172325134,0.4545000195503235,1,0.41200001537799835
2857,0.020999982953071594,0.4190000295639038,4,0.4400000125169754
2858,0.021999984979629517,0.4190000295639038,3,0.4410000145435333
2859,0.02049998939037323,0.4205000251531601,2,0.4410000145435333
2862,0.02433331807454427,0.4190000295639038,3,0.44333334763844806
2894,0.02099998388439417,0.4490000307559967,1,0.4700000146403909
2975,0.02099998388439417,0.4490000307559967,1,0.4700000146403909
3012,0.02099998388439417,0.4490000307559967,2,0.4700000146403909
3013,0.02099998388439417,0.4490000307559967,1,0.4700000146403909
3014,0.02099998388439417,0.4490000307559967,1,0.4700000146403909
3015,0.017999985255301,0.4410000294446945,4,0.4590000146999955
3017,0.02099998388439417,0.4490000307559967,2,0.4700000146403909
3029,0.02099998388439417,0.4490000307559967,1,0.4700000146403909
3030,0.02099998388439417,0.4490000307559967,1,0.4700000146403909
3036,0.02099998388439417,0.4490000307559967,1,0.4700000146403909
3042,0.02099998388439417,0.4490000307559967,1,0.4700000146403909
3045,0.013999991118907928,0.4310000240802765,2,0.4450000151991844
3048,0.013999991118907928,0.4310000240802765,2,0.4450000151991844
3054,0.02099998388439417,0.4490000307559967,1,0.4700000146403909
3055,0.02099998388439417,0.4490000307559967,1,0.4700000146403909
3063,0.02099998388439417,0.4490000307559967,1,0.4700000146403909
3065,0.02099998388439417,0.4490000307559967,1,0.4700000146403909
3076,0.02099998388439417,0.4490000307559967,1,0.4700000146403909
3081,0.02099998388439417,0.4490000307559967,1,0.4700000146403909
3082,0.02099998388439417,0.4490000307559967,1,0.4700000146403909
3090,0.013999991118907928,0.4310000240802765,3,0.4450000151991844
3093,0.06629999512806535,0.3984000191092491,10,0.46470001423731444
3094,0.08549999818205833,0.3636000156402588,5,0.4491000138223171
3096,0.09243749128654599,0.3396875225007534,8,0.4321250137872994
3097,0.08019999116659164,0.3122000217437744,5,0.3924000129103661
3098,0.06749999709427357,0.28437501192092896,4,0.3518750090152025
3099,0.0682225174956645,0.3162774938403939,12,0.3845000113360584
3104,0.02099998388439417,0.4490000307559967,1,0.4700000146403909
3107,0.02099998388439417,0.4490000307559967,1,0.4700000146403909
3116,0.02099998388439417,0.4490000307559967,1,0.4700000146403909
3118,0.02099998388439417,0.4490000307559967,1,0.4700000146403909
3119,0.02099998388439417,0.4490000307559967,1,0.4700000146403909
3120,0.024999981746077538,0.4280000329017639,2,0.45300001464784145
3121,0.026999983936548233,0.4190000295639038,1,0.44600001350045204
3122,0.026999983936548233,0.4190000295639038,3,0.44600001350045204
3123,0.025499984622001648,0.4190000295639038,2,0.44450001418590546
3125,0.02099998388439417,0.4490000307559967,1,0.4700000146403909
3128,0.02099998388439417,0.4490000307559967,1,0.4700000146403909
3129,0.02099998388439417,0.4490000307559967,1,0.4700000146403909
3135,0.02099998388439417,0.4490000307559967,1,0.4700000146403909
3147,0.02099998388439417,0.4490000307559967,1,0.4700000146403909
3148,0.02099998388439417,0.4490000307559967,1,0.4700000146403909
3150,0.02099998388439417,0.4490000307559967,1,0.4700000146403909
3151,0.02099998388439417,0.4490000307559967,1,0.4700000146403909
3157,0.02099998388439417,0.4490000307559967,1,0.4700000146403909
3164,0.02099998388439417,0.4490000307559967,1,0.4700000146403909
3168,0.02099998388439417,0.4490000307559967,1,0.4700000146403909
3169,0.02099998388439417,0.4490000307559967,1,0.4700000146403909
3170,0.02099998388439417,0.4490000307559967,1,0.4700000146403909
3172,0.02099998388439417,0.4490000307559967,1,0.4700000146403909
3175,0.03574999151751399,0.45830002427101135,10,0.49405001578852537
3181,0.02099998388439417,0.4490000307559967,1,0.4700000146403909
3182,0.02099998388439417,0.4490000307559967,1,0.4700000146403909
3186,0.02099998388439417,0.4490000307559967,1,0.4700000146403909
3187,0.02099998388439417,0.4490000307559967,1,0.4700000146403909
3188,0.02099998388439417,0.4490000307559967,1,0.4700000146403909
3189,0.02099998388439417,0.4490000307559967,1,0.4700000146403909
3191,0.02099998388439417,0.4490000307559967,1,0.4700000146403909
3193,0.02099998388439417,0.4490000307559967,1,0.4700000146403909
3194,0.01749998750165105,0.4400000274181366,2,0.45750001491978765
3195,0.02099998388439417,0.4490000307559967,1,0.4700000146403909
3196,0.02099998388439417,0.4490000307559967,1,0.4700000146403909
3197,0.02099998388439417,0.4490000307559967,1,0.4700000146403909
3200,0.02099998388439417,0.4490000307559967,1,0.4700000146403909
3201,0.02099998388439417,0.4490000307559967,1,0.4700000146403909
3202,0.02099998388439417,0.4490000307559967,1,0.4700000146403909
3205,0.02099998388439417,0.4490000307559967,1,0.4700000146403909
3208,0.02099998388439417,0.4490000307559967,1,0.4700000146403909
3209,0.02099998388439417,0.4490000307559967,1,0.4700000146403909
3211,0.02099998388439417,0.4490000307559967,1,0.4700000146403909
3212,0.02099998388439417,0.4490000307559967,1,0.4700000146403909
3213,0.02099998388439417,0.4490000307559967,1,0.4700000146403909
3214,0.02099998388439417,0.4490000307559967,2,0.4700000146403909
3224,0.017999985255301,0.4410000294446945,4,0.4590000146999955
3231,0.013999991118907928,0.4310000240802765,3,0.4450000151991844
3237,0.015166661391655603,0.42783335347970325,6,0.44300001487135887
3239,0.01483332614103953,0.42883335550626117,6,0.4436666816473007
3242,0.01600000262260437,0.42500001192092896,1,0.4410000145435333
3246,0.015583328902721405,0.4267500191926956,6,0.442333348095417
3249,0.016374997794628143,0.4246250167489052,4,0.4410000145435333
3256,0.015249993652105331,0.42775002121925354,4,0.44300001487135887
3259,0.01633333166440328,0.42466668287913006,3,0.4410000145435333
3266,0.01999998837709427,0.4205000251531601,4,0.44050001353025436
3268,0.018999993801116943,0.4220000207424164,4,0.4410000145435333
3270,0.01600000262260437,0.42500001192092896,3,0.4410000145435333
3274,0.01933332284291585,0.4210000236829122,3,0.440333346525828
3282,0.026333316539724667,0.42200003067652386,3,0.4483333472162485
3286,0.029249986866489053,0.4347500279545784,2,0.46400001482106745
3288,0.03349999198690057,0.4415000230073929,1,0.47500001499429345
3289,0.035249990643933415,0.447750024497509,4,0.4830000151414424
3290,0.027187485888134688,0.43556252866983414,8,0.4627500145579688
3293,0.03116665470103423,0.44216669350862503,6,0.4733333482096593
3299,0.04074999038130045,0.4557500258088112,2,0.49650001619011164
3302,0.03939998988062143,0.45790002644062044,5,0.4973000163212419
3306,0.045071417199713845,0.4407143124512264,7,0.48578572965094025
3307,0.05869999649003148,0.41110001802444457,5,0.46980001451447606
3341,0.02099998388439417,0.4490000307559967,1,0.4700000146403909
3342,0.02099998388439417,0.4490000307559967,1,0.4700000146403909
3360,-0.06700000446289778,0.5540000200271606,1,0.48700001556426287
3362,0.007500000298023224,0.5035000145435333,2,0.5110000148415565
3365,-0.030583343119360507,0.5123333583275477,6,0.48175001520818717
3366,-0.0318749935249798,0.5022500082850456,4,0.4703750147600658
3367,-0.027411767630837858,0.49102942908511443,17,0.4636176614542766
3368,-0.029250008839881048,0.5062500238418579,4,0.47700001500197686
3369,-0.029500003904104233,0.4905000180006027,2,0.4610000140964985
3370,-0.029500003904104233,0.4905000180006027,1,0.4610000140964985
3376,-0.028000014019198716,0.5070000290870667,2,0.47900001506786793
3378,-0.028000014019198716,0.5070000290870667,1,0.47900001506786793
3379,-0.025999993085861206,0.46700000762939453,3,0.4410000145435333
3380,-0.02725001476937905,0.5092500299215317,2,0.4820000151521526
3384,-0.026999998837709427,0.4690000116825104,1,0.44200001284480095
3385,-0.026999998837709427,0.4690000116825104,1,0.44200001284480095
3387,-0.026999998837709427,0.4690000116825104,1,0.44200001284480095
3388,-0.026999998837709427,0.4690000116825104,1,0.44200001284480095
3391,-0.026499999687075615,0.4620000123977661,3,0.4355000127106905
3393,-0.029750016052275896,0.5022500306367874,2,0.4725000145845115
3395,-0.011090365394949675,0.5225903821811078,2,0.5115000167861581
3397,0.00699998252093792,0.44200003147125244,1,0.44900001399219036
3401,-0.011180740162729741,0.5271807576864953,2,0.5160000175237656
3402,-0.007499998435378075,0.5035000145435333,2,0.49600001610815525
3405,-0.007499998435378075,0.5035000145435333,1,0.49600001610815525
3407,-0.007499998435378075,0.5035000145435333,2,0.49600001610815525
3408,-0.03850001282989979,0.5025000274181366,2,0.4640000145882368
3410,-0.007499998435378075,0.5035000145435333,1,0.49600001610815525
3411,-0.007499998435378075,0.5035000145435333,2,0.49600001610815525
3415,-0.03100001811981201,0.4790000319480896,1,0.4480000138282776
3417,-0.03100001811981201,0.4790000319480896,1,0.4480000138282776
3420,-0.028750008903443813,0.47050002217292786,2,0.44175001326948404
3421,-0.028750008903443813,0.47050002217292786,2,0.44175001326948404
3427,-0.004645817336044272,0.4712916860977809,12,0.46664586876173664
3433,-0.0354999965056777,0.5360000133514404,2,0.5005000168457627
3434,-0.011249759294558292,0.4750000238418579,3,0.4637502645472996
3435,-0.03500001132488251,0.4520000219345093,1,0.41700001060962677
3436,-0.03550001233816147,0.4645000249147415,2,0.42900001257658005
3437,-0.03500001132488251,0.4520000219345093,1,0.41700001060962677
3438,-0.03500001132488251,0.4520000219345093,2,0.41700001060962677
3440,-0.03500001132488251,0.4520000219345093,2,0.41700001060962677
3441,-0.03500001132488251,0.4520000219345093,2,0.41700001060962677
3442,0.007500000298023224,0.5035000145435333,1,0.5110000148415565
3444,-0.03500001132488251,0.4520000219345093,2,0.41700001060962677
3445,-0.03500001132488251,0.4520000219345093,2,0.41700001060962677
3447,0.00699998252093792,0.44200003147125244,1,0.44900001399219036
3448,-0.03500001132488251,0.4520000219345093,2,0.41700001060962677
3459,-0.027833339447776478,0.4676666855812073,3,0.4398333461334308
3462,-0.019333337278415758,0.510833352804184,6,0.4915000155257682
3464,-0.028500009328126907,0.47050002217292786,1,0.44200001284480095
3466,-0.02149999508401379,0.5032500103116035,2,0.48175001522758976
3469,-0.021500005794223398,0.49550002068281174,2,0.47400001488858834
3471,-0.026500015519559383,0.5115000307559967,1,0.4850000152364373
3472,-0.04199998639523983,0.5,1,0.45800001360476017
3474,-0.0255000171600841,0.5067500323057175,4,0.48125001514563337
3485,-0.026499999687075615,0.4620000123977661,2,0.4355000127106905
3487,-0.03850001282989979,0.5025000274181366,2,0.4640000145882368
3489,-0.03850001282989979,0.5025000274181366,2,0.4640000145882368
3491,0.00699998252093792,0.44200003147125244,1,0.44900001399219036
3492,0.0036666647841533027,0.43933334946632385,3,0.44300001425047714
3496,-0.028000014019198716,0.5070000290870667,2,0.47900001506786793
3497,-0.028000014019198716,0.5070000290870667,2,0.47900001506786793
3498,-0.028000014019198716,0.5070000290870667,1,0.47900001506786793
3499,-0.028000014019198716,0.5070000290870667,3,0.47900001506786793
3500,-0.03299999330192804,0.5040000081062317,1,0.47100001480430365
3501,-0.025999993085861206,0.46700000762939453,1,0.4410000145435333
3502,-0.027250006794929504,0.43150001764297485,2,0.40425001084804535
3503,-0.028000014019198716,0.5070000290870667,1,0.47900001506786793
3504,-0.04012501519173384,0.4646250270307064,4,0.42450001183897257
3505,-0.03631579846535858,0.42355265037009593,19,0.38723685190473733
3506,0.009749995544552803,0.5237500220537186,2,0.5335000175982714
3508,0.006666654720902443,0.5231666962305704,6,0.5298333509514729
3517,-2.0489096641540527e-08,0.45100003480911255,2,0.4510000143200159
3518,0.0104999965056777,0.44400001764297486,5,0.45450001414865254
3519,0.0022999865934252737,0.4534000277519226,5,0.4557000143453479
3520,-0.00700001697987318,0.4790000319480896,1,0.4720000149682164
3522,-0.02700003795325756,0.5190000534057617,1,0.49200001545250416
3523,-0.024250000715255737,0.4987500160932541,2,0.47450001537799835
3524,-0.026750026736408472,0.5152500420808792,2,0.48850001534447074
3525,-0.02700003795325756,0.5190000534057617,1,0.49200001545250416
3526,-0.02149999508401379,0.5032500103116035,2,0.48175001522758976
3527,-0.022499998100101948,0.5197500139474869,2,0.49725001584738493
3528,-0.03800003230571747,0.5010000467300415,1,0.46300001442432404
3529,-0.02766667374720176,0.5124666889508566,15,0.4848000152036548
3530,-0.026000008918344975,0.5120000243186951,1,0.4860000154003501
3534,-0.026000008918344975,0.5120000243186951,1,0.4860000154003501
3537,-0.026000008918344975,0.5120000243186951,1,0.4860000154003501
3541,-0.026499999687075615,0.4620000123977661,2,0.4355000127106905
3542,-0.026499999687075615,0.4620000123977661,1,0.4355000127106905
3546,-0.026499999687075615,0.4620000123977661,1,0.4355000127106905
3547,-0.026499999687075615,0.4620000123977661,2,0.4355000127106905
3548,-0.02750000450760126,0.466250017285347,2,0.4387500127777457
3550,-0.026499999687075615,0.4620000123977661,1,0.4355000127106905
3551,-0.026499999687075615,0.4620000123977661,1,0.4355000127106905
3552,-0.026499999687075615,0.4620000123977661,1,0.4355000127106905
3554,-0.026499999687075615,0.4620000123977661,2,0.4355000127106905
3555,-0.026499999687075615,0.4620000123977661,1,0.4355000127106905
3559,-0.026499999687075615,0.4620000123977661,1,0.4355000127106905
3562,-0.03033335196475188,0.5066667000452677,3,0.4763333480805158
3566,-0.031500023789703846,0.5155000388622284,1,0.48400001507252455
3569,-0.031500023789703846,0.5155000388622284,2,0.48400001507252455
3570,-0.031500023789703846,0.5155000388622284,1,0.48400001507252455
3571,-2.0489096641540527e-08,0.45100003480911255,1,0.4510000143200159
3573,0.009999983012676239,0.5135000348091125,2,0.5235000178217888
3579,0.005499992519617081,0.41850002110004425,2,0.42400001361966133
3583,0.007500000298023224,0.5035000145435333,1,0.5110000148415565
3584,-0.03400001674890518,0.44200003147125244,2,0.40800001472234726
3586,-0.03299999330192804,0.5040000081062317,1,0.47100001480430365
3592,-0.032499998807907104,0.43650001287460327,5,0.40400001406669617
3593,0.008500006049871445,0.5315000116825104,2,0.5400000177323818
3598,-0.02950003184378147,0.5195000469684601,1,0.4900000151246786
3601,-0.022500007413327694,0.507500022649765,4,0.4850000152364373
3602,-0.02950003184378147,0.5195000469684601,1,0.4900000151246786
3603,-0.02349998988211155,0.5135000050067902,3,0.4900000151246786
3611,-0.011250015813857317,0.523000031709671,4,0.5117500158958137
3615,-0.0354999965056777,0.5360000133514404,2,0.5005000168457627
3616,0.008500006049871445,0.5315000116825104,1,0.5400000177323818
3618,0.002749993155399958,0.46666668852170307,6,0.46941668167710304
3619,-0.03400001674890518,0.44200003147125244,2,0.40800001472234726
3620,0.007500000298023224,0.5035000145435333,1,0.5110000148415565
3629,-0.005000017583370209,0.42600002884864807,1,0.42100001126527786
3630,-0.029100003093481062,0.4445000171661377,5,0.41540001407265664
3632,-0.03500001225620508,0.5210000276565552,1,0.4860000154003501
3637,-0.03500001225620508,0.5210000276565552,1,0.4860000154003501
3639,-0.03500001225620508,0.5210000276565552,1,0.4860000154003501
3644,0.010166658709446589,0.5211666921774546,3,0.5313333508869011
3649,-0.03350001573562622,0.3215000182390213,1,0.2880000025033951
3650,-0.03350001573562622,0.3215000182390213,1,0.2880000025033951
3651,-0.03350001573562622,0.3215000182390213,1,0.2880000025033951
3652,-0.03350001573562622,0.3215000182390213,1,0.2880000025033951
3653,-0.03350001573562622,0.3215000182390213,1,0.2880000025033951
3654,-0.03350001573562622,0.3215000182390213,1,0.2880000025033951
3655,-0.03350001573562622,0.3215000182390213,1,0.2880000025033951
3656,-0.03350001573562622,0.3215000182390213,1,0.2880000025033951
3659,-0.03350001573562622,0.3215000182390213,1,0.2880000025033951
3661,-0.03350001573562622,0.3215000182390213,1,0.2880000025033951
3662,-0.03350001573562622,0.3215000182390213,1,0.2880000025033951
3663,-0.03350001573562622,0.3215000182390213,1,0.2880000025033951
3664,-0.03350001573562622,0.3215000182390213,1,0.2880000025033951
3665,-0.03875001519918442,0.3277500197291374,4,0.289000004529953
3666,-0.03350001573562622,0.3215000182390213,1,0.2880000025033951
3667,-0.03700001537799835,0.3256666858990987,3,0.28866667052110034
3668,-0.03350001573562622,0.3215000182390213,1,0.2880000025033951
3671,-0.027250006794929504,0.43150001764297485,2,0.40425001084804535
3672,-0.028000014019198716,0.5070000290870667,2,0.47900001506786793
3682,-0.028000014019198716,0.5070000290870667,1,0.47900001506786793
3684,-0.028000014019198716,0.5070000290870667,1,0.47900001506786793
3686,-0.028000014019198716,0.5070000290870667,1,0.47900001506786793
3689,-0.026499999687075615,0.4620000123977661,2,0.4355000127106905
3694,-0.026499999687075615,0.4620000123977661,1,0.4355000127106905
3695,-0.026499999687075615,0.4620000123977661,2,0.4355000127106905
3696,-0.026499999687075615,0.4620000123977661,2,0.4355000127106905
3697,-0.026499999687075615,0.4620000123977661,2,0.4355000127106905
3703,-0.03550001233816147,0.4645000249147415,2,0.42900001257658005
3708,-0.008000002708286047,0.4816666841506958,3,0.47366668144240975
3709,-0.03500001132488251,0.4520000219345093,1,0.41700001060962677
3710,0.008000003173947334,0.5175000131130219,2,0.5255000162869692
3711,-0.03500001132488251,0.4520000219345093,1,0.41700001060962677
3712,-0.03500001132488251,0.4520000219345093,1,0.41700001060962677
3714,0.008500006049871445,0.5315000116825104,1,0.5400000177323818
3717,0.008500006049871445,0.5315000116825104,1,0.5400000177323818
3718,0.004999985918402672,0.4930000305175781,1,0.4980000164359808
3722,-0.03400001674890518,0.44200003147125244,1,0.40800001472234726
3730,-0.028000014019198716,0.5070000290870667,1,0.47900001506786793
3733,-0.028000014019198716,0.5070000290870667,1,0.47900001506786793
3734,-0.028000014019198716,0.5070000290870667,1,0.47900001506786793
3736,-0.028000014019198716,0.5070000290870667,1,0.47900001506786793
3737,-0.028000014019198716,0.5070000290870667,1,0.47900001506786793
3738,-0.028000014019198716,0.5070000290870667,1,0.47900001506786793
3742,-0.026500015519559383,0.5115000307559967,1,0.4850000152364373
3743,-0.02183332957793027,0.5025833447774252,6,0.4807500151994949
3744,-0.026500015519559383,0.5115000307559967,1,0.4850000152364373
3746,-0.020500002312473953,0.497500017285347,1,0.47700001497287303
3748,-0.025999993085861206,0.46700000762939453,1,0.4410000145435333
3749,-0.022499987855553627,0.5090000033378601,1,0.4865000154823065
3753,-0.02250000834465027,0.5305000245571136,1,0.5080000162124634
3754,-0.03900002490263432,0.5085000395774841,2,0.4695000146748498
3755,-0.026375000132247806,0.5150000154972076,4,0.48862501536495984
3757,-0.02250000834465027,0.5305000245571136,1,0.5080000162124634
3758,-0.04000001749955118,0.5160000324249268,1,0.4760000149253756
3759,-0.04000001749955118,0.5160000324249268,1,0.4760000149253756
3760,-0.04000001749955118,0.5160000324249268,1,0.4760000149253756
3761,-0.024250000715255737,0.4987500160932541,2,0.47450001537799835
3762,-0.04000001749955118,0.5160000324249268,1,0.4760000149253756
3763,-0.04000001749955118,0.5160000324249268,1,0.4760000149253756
3764,-0.04000001749955118,0.5160000324249268,1,0.4760000149253756
3765,-0.04000001749955118,0.5160000324249268,1,0.4760000149253756
3766,-0.04000001749955118,0.5160000324249268,1,0.4760000149253756
3767,-0.04000001749955118,0.5160000324249268,1,0.4760000149253756
3772,-0.02250000834465027,0.5305000245571136,1,0.5080000162124634
3775,-0.02250000834465027,0.5305000245571136,1,0.5080000162124634
3777,-0.03750001487787813,0.518500030040741,2,0.48100001516286284
3781,-0.03500001225620508,0.5210000276565552,1,0.4860000154003501
3782,-0.03500001225620508,0.5210000276565552,1,0.4860000154003501
3784,-0.03500001225620508,0.5210000276565552,1,0.4860000154003501
3786,-0.03500001225620508,0.5210000276565552,1,0.4860000154003501
3788,-0.03500001225620508,0.5210000276565552,1,0.4860000154003501
3790,-0.03500001225620508,0.5210000276565552,1,0.4860000154003501
3791,-0.03500001225620508,0.5210000276565552,1,0.4860000154003501
3792,-0.03500001225620508,0.5210000276565552,1,0.4860000154003501
3794,-0.03500001225620508,0.5210000276565552,1,0.4860000154003501
3798,-0.03075000597164035,0.49150002002716064,2,0.4607500140555203
3799,-0.03500001225620508,0.5210000276565552,1,0.4860000154003501
3802,-0.03500001225620508,0.5210000276565552,1,0.4860000154003501
3803,-0.03500001225620508,0.5210000276565552,1,0.4860000154003501
3804,-0.03500001225620508,0.5210000276565552,1,0.4860000154003501
3805,-0.03500001225620508,0.5210000276565552,1,0.4860000154003501
3806,-0.03500001225620508,0.5210000276565552,2,0.4860000154003501
3808,-0.03500001225620508,0.5210000276565552,1,0.4860000154003501
3809,-0.023999983444809914,0.5139999985694885,1,0.4900000151246786
3812,-0.03575001284480095,0.5232500284910202,2,0.48750001564621925
3815,-0.036500013433396816,0.5255000293254852,3,0.4890000158920884
3816,-0.033000022638589144,0.5225000381469727,2,0.4895000155083835
3817,-0.022749997908249497,0.5082500129938126,2,0.48550001508556306
3823,-0.02950003184378147,0.5195000469684601,1,0.4900000151246786
3824,-0.02325001056306064,0.5072500258684158,2,0.4840000153053552
3827,-0.027750020381063223,0.5157500356435776,2,0.48800001526251435
3830,-0.027750020381063223,0.5157500356435776,2,0.48800001526251435
3840,-0.026000008918344975,0.5120000243186951,1,0.4860000154003501
3842,-0.027833331221093733,0.5051666796207428,3,0.4773333483996491
3846,-0.026000008918344975,0.5120000243186951,1,0.4860000154003501
3847,-0.026000008918344975,0.5120000243186951,1,0.4860000154003501
3852,-0.02072222080702583,0.5097222361299727,9,0.48900001532294685
3853,-0.025999994948506355,0.49000000953674316,1,0.4640000145882368
3859,-0.025999994948506355,0.49000000953674316,1,0.4640000145882368
3861,-0.025999994948506355,0.49000000953674316,1,0.4640000145882368
3862,-0.025999994948506355,0.49000000953674316,1,0.4640000145882368
3864,-0.028749992372468114,0.5017500072717667,2,0.47300001489929855
3865,-0.028833338990807533,0.4838333527247111,3,0.4550000137339036
3866,-0.029625007417052984,0.4856250211596489,4,0.4560000137425959
3868,-0.025999994948506355,0.49000000953674316,1,0.4640000145882368
3871,-0.028500009328126907,0.47050002217292786,2,0.44200001284480095
3872,-0.029666677117347717,0.47733335693677265,3,0.44766667981942493
3876,-0.028500009328126907,0.47050002217292786,2,0.44200001284480095
3877,-0.028500009328126907,0.47050002217292786,3,0.44200001284480095
3881,-0.0050000036135315895,0.468500018119812,1,0.4635000145062804
3883,-0.026499999687075615,0.4620000123977661,2,0.4355000127106905
3887,-0.026499999687075615,0.4620000123977661,1,0.4355000127106905
3888,-0.026499999687075615,0.4620000123977661,1,0.4355000127106905
3889,-0.026499999687075615,0.4620000123977661,2,0.4355000127106905
3892,-0.015666660542289417,0.5161666770776113,6,0.500500016535322
3896,-0.026499999687075615,0.4620000123977661,1,0.4355000127106905
3897,-0.026499999687075615,0.4620000123977661,1,0.4355000127106905
3898,-0.026999998837709427,0.4690000116825104,1,0.44200001284480095
3901,-0.026499999687075615,0.4620000123977661,1,0.4355000127106905
3902,-0.026499999687075615,0.4620000123977661,2,0.4355000127106905
3903,-0.026499999687075615,0.4620000123977661,1,0.4355000127106905
3904,-0.026499999687075615,0.4620000123977661,2,0.4355000127106905
3907,-0.026499999687075615,0.4620000123977661,1,0.4355000127106905
3909,-0.026499999687075615,0.4620000123977661,2,0.4355000127106905
3912,-0.026499999687075615,0.4620000123977661,1,0.4355000127106905
3914,-0.026499999687075615,0.4620000123977661,1,0.4355000127106905
3916,-0.026499999687075615,0.4620000123977661,1,0.4355000127106905
3928,-0.026499999687075615,0.4620000123977661,1,0.4355000127106905
3932,-0.028166672214865685,0.470000018676122,3,0.4418333464612563
3938,-0.026499999687075615,0.4620000123977661,1,0.4355000127106905
3939,-0.026499999687075615,0.4620000123977661,1,0.4355000127106905
3952,-0.026499999687075615,0.4620000123977661,2,0.4355000127106905
3956,-0.026499999687075615,0.4620000123977661,2,0.4355000127106905
3966,-0.026499999687075615,0.4620000123977661,1,0.4355000127106905
3970,-0.026499999687075615,0.4620000123977661,1,0.4355000127106905
3972,-0.026499999687075615,0.4620000123977661,1,0.4355000127106905
3979,-0.026499999687075615,0.4620000123977661,1,0.4355000127106905
3984,-0.026499999687075615,0.4620000123977661,1,0.4355000127106905
3987,-0.026499999687075615,0.4620000123977661,2,0.4355000127106905
3993,-0.026499999687075615,0.4620000123977661,2,0.4355000127106905
3994,-0.026499999687075615,0.4620000123977661,1,0.4355000127106905
3996,-0.026499999687075615,0.4620000123977661,2,0.4355000127106905
3998,-0.028750008903443813,0.47050002217292786,2,0.44175001326948404
4000,-0.026499999687075615,0.4620000123977661,1,0.4355000127106905
4001,-0.028750008903443813,0.47050002217292786,2,0.44175001326948404
4004,-0.026499999687075615,0.4620000123977661,2,0.4355000127106905
4008,-0.026499999687075615,0.4620000123977661,2,0.4355000127106905
4010,-0.026499999687075615,0.4620000123977661,1,0.4355000127106905
4011,-0.026499999687075615,0.4620000123977661,1,0.4355000127106905
4014,-0.026499999687075615,0.4620000123977661,1,0.4355000127106905
4015,-0.028750008903443813,0.47050002217292786,2,0.44175001326948404
4021,-0.026499999687075615,0.4620000123977661,1,0.4355000127106905
4031,-0.03100001811981201,0.4790000319480896,1,0.4480000138282776
4032,-0.026499999687075615,0.4620000123977661,2,0.4355000127106905
4042,-0.026499999687075615,0.4620000123977661,2,0.4355000127106905
4043,-0.026499999687075615,0.4620000123977661,2,0.4355000127106905
4047,-0.026499999687075615,0.4620000123977661,1,0.4355000127106905
4050,-0.03100001811981201,0.4790000319480896,1,0.4480000138282776
4055,-0.026499999687075615,0.4620000123977661,2,0.4355000127106905
4059,-0.028750008903443813,0.47050002217292786,2,0.44175001326948404
4060,-0.03100001811981201,0.4790000319480896,1,0.4480000138282776
4061,-0.03100001811981201,0.4790000319480896,1,0.4480000138282776
4064,-0.02900000847876072,0.4740000218153,2,0.44500001333653927
4068,-0.03100001811981201,0.4790000319480896,1,0.4480000138282776
4071,-0.02900000847876072,0.4740000218153,2,0.44500001333653927
4072,-0.026999998837709427,0.4690000116825104,1,0.44200001284480095
4073,-0.026999998837709427,0.4690000116825104,1,0.44200001284480095
4075,-0.026999998837709427,0.4690000116825104,1,0.44200001284480095
4079,-0.026999998837709427,0.4690000116825104,1,0.44200001284480095
4080,-0.026999998837709427,0.4690000116825104,1,0.44200001284480095
4081,-0.010999990627169609,0.5180000066757202,1,0.5070000160485506
4083,-0.026999998837709427,0.4690000116825104,1,0.44200001284480095
4084,-0.026999998837709427,0.4690000116825104,2,0.44200001284480095
4087,-0.026999998837709427,0.4690000116825104,2,0.44200001284480095
4099,0.014499995857477188,0.4245000183582306,1,0.4390000142157078
4101,0.014499995857477188,0.4245000183582306,1,0.4390000142157078
4107,-0.013857156038284302,0.43585716826575144,7,0.42200001222746714
4108,0.014499995857477188,0.4245000183582306,1,0.4390000142157078
4110,-0.026999998837709427,0.4690000116825104,2,0.44200001284480095
4111,-0.026999998837709427,0.4690000116825104,2,0.44200001284480095
4112,-0.026999998837709427,0.4690000116825104,1,0.44200001284480095
4113,-0.026999998837709427,0.4690000116825104,1,0.44200001284480095
4114,-0.026999998837709427,0.4690000116825104,2,0.44200001284480095
4116,-0.026999998837709427,0.4690000116825104,2,0.44200001284480095
4119,-0.026999998837709427,0.4690000116825104,1,0.44200001284480095
4120,-0.026999998837709427,0.4690000116825104,1,0.44200001284480095
4124,-0.02900000847876072,0.4740000218153,2,0.44500001333653927
4125,-0.02900000847876072,0.4740000218153,2,0.44500001333653927
4131,-0.02900000847876072,0.4740000218153,2,0.44500001333653927
4133,-0.03100001811981201,0.4790000319480896,2,0.4480000138282776
4134,-0.03100001811981201,0.4790000319480896,1,0.4480000138282776
4137,-0.03100001811981201,0.4790000319480896,2,0.4480000138282776
4140,-0.031333340952793755,0.49133335550626117,3,0.4600000145534674
4141,-0.0303333376844724,0.4946666856606801,3,0.46433334797620773
4145,-0.010999990627169609,0.5180000066757202,3,0.5070000160485506
4147,-0.0303333376844724,0.4946666856606801,3,0.46433334797620773
4148,-0.028000008314847946,0.48900002241134644,2,0.4610000140964985
4150,-0.029750005342066288,0.4932500198483467,2,0.4635000145062804
4151,-0.028000008314847946,0.48900002241134644,1,0.4610000140964985
4153,-0.01299999033411344,0.5180000066757202,3,0.5050000163416067
4154,0.00699998252093792,0.44200003147125244,1,0.44900001399219036
4157,-0.031500023789703846,0.5155000388622284,1,0.48400001507252455
4169,-0.011620500644047738,0.5279538509349025,3,0.5163333502908548
4174,-0.034999996423721313,0.5360000133514404,3,0.5010000169277191
4179,-0.03325001010671258,0.5257500261068344,2,0.49250001600012183
4181,-0.03599999658763409,0.5360000133514404,4,0.5000000167638063
4182,-0.007499998435378075,0.5035000145435333,2,0.49600001610815525
4186,-0.007499998435378075,0.5035000145435333,2,0.49600001610815525
4189,-0.007499998435378075,0.5035000145435333,1,0.49600001610815525
4190,-0.007499998435378075,0.5035000145435333,2,0.49600001610815525
4192,0.0034999946753184,0.4295000185569127,3,0.43300001323223114
4193,-0.034999996423721313,0.5360000133514404,1,0.5010000169277191
4197,-0.007499998435378075,0.5035000145435333,1,0.49600001610815525
4201,-0.007499998435378075,0.5035000145435333,1,0.49600001610815525
4203,-0.007499998435378075,0.5035000145435333,1,0.49600001610815525
4204,-0.007499998435378075,0.5035000145435333,1,0.49600001610815525
4205,-0.007499998435378075,0.5035000145435333,2,0.49600001610815525
4207,-0.007499998435378075,0.5035000145435333,2,0.49600001610815525
4219,-0.03850001282989979,0.5025000274181366,2,0.4640000145882368
4222,0.00699998252093792,0.44200003147125244,1,0.44900001399219036
4223,-0.0072500077076256275,0.49125002324581146,2,0.48400001553818583
4224,-0.007499998435378075,0.5035000145435333,1,0.49600001610815525
4226,-0.03725000470876694,0.5192500203847885,6,0.4820000156760216
4229,-0.0072500077076256275,0.49125002324581146,2,0.48400001553818583
4231,0.00699998252093792,0.44200003147125244,1,0.44900001399219036
4232,0.00699998252093792,0.44200003147125244,1,0.44900001399219036
4235,-0.00700001697987318,0.4790000319480896,2,0.4720000149682164
4239,-0.00700001697987318,0.4790000319480896,2,0.4720000149682164
4240,-0.00015000812709331512,0.4472500219941139,10,0.4471000138670206
4241,-0.03850001282989979,0.5025000274181366,2,0.4640000145882368
4244,-0.03850001282989979,0.5025000274181366,1,0.4640000145882368
4246,0.006000000983476639,0.4180000126361847,1,0.42400001361966133
4247,-0.03850001282989979,0.5025000274181366,1,0.4640000145882368
4250,0.008500006049871445,0.5315000116825104,1,0.5400000177323818
4251,-0.00700001697987318,0.4790000319480896,1,0.4720000149682164
4253,0.00699998252093792,0.44200003147125244,1,0.44900001399219036
4255,-0.03850001282989979,0.5025000274181366,1,0.4640000145882368
4257,-0.03850001282989979,0.5025000274181366,2,0.4640000145882368
4258,-0.03850001282989979,0.5025000274181366,1,0.4640000145882368
4260,-0.03850001282989979,0.5025000274181366,1,0.4640000145882368
4261,-0.00700001697987318,0.4790000319480896,2,0.4720000149682164
4266,-0.03612501220777631,0.4708750247955322,4,0.4347500125877559
4269,0.0036666604379812875,0.4713333547115326,3,0.4750000151495139
4270,-0.03850001282989979,0.5025000274181366,1,0.4640000145882368
4271,-0.00700001697987318,0.4790000319480896,1,0.4720000149682164
4273,0.00699998252093792,0.44200003147125244,1,0.44900001399219036
4274,0.006999984383583069,0.4410000294446945,2,0.4480000138282776
4275,-0.03725001309067011,0.4897500276565552,2,0.45250001456588507
4276,0.00699998252093792,0.44200003147125244,1,0.44900001399219036
4277,-0.03500001132488251,0.4520000219345093,1,0.41700001060962677
4278,-0.03500001132488251,0.4520000219345093,1,0.41700001060962677
4279,-0.009124888137215736,0.47700002789497375,2,0.467875139757758
4282,-0.03500001132488251,0.4520000219345093,2,0.41700001060962677
4283,0.007249991409480572,0.4727500230073929,2,0.48000001441687346
4286,-0.03500001132488251,0.4520000219345093,1,0.41700001060962677
4287,-0.03500001132488251,0.4520000219345093,1,0.41700001060962677
4289,0.0029999960213899614,0.4380000174045563,5,0.44100001342594625
4295,-0.03500001132488251,0.4520000219345093,1,0.41700001060962677
4299,-0.03500001132488251,0.4520000219345093,1,0.41700001060962677
4300,-0.010083260345117492,0.4703333576520284,3,0.4602500973069109
4301,0.008000003173947334,0.5175000131130219,2,0.5255000162869692
4302,-0.03500001132488251,0.4520000219345093,1,0.41700001060962677
4303,-0.03500001132488251,0.4520000219345093,1,0.41700001060962677
4304,-0.03500001132488251,0.4520000219345093,1,0.41700001060962677
4305,-0.006200009561143816,0.4842000246047974,5,0.4780000150436536
4306,-0.03500001132488251,0.4520000219345093,2,0.41700001060962677
4307,-0.03500001132488251,0.4520000219345093,1,0.41700001060962677
4308,-0.03500001132488251,0.4520000219345093,1,0.41700001060962677
4309,-0.03500001132488251,0.4520000219345093,1,0.41700001060962677
4310,-0.03500001132488251,0.4520000219345093,1,0.41700001060962677
4311,-0.03500001132488251,0.4520000219345093,1,0.41700001060962677
4312,-0.03500001132488251,0.4520000219345093,1,0.41700001060962677
4315,-0.03500001132488251,0.4520000219345093,1,0.41700001060962677
4317,-0.03500001132488251,0.4520000219345093,1,0.41700001060962677
4320,-0.03500001132488251,0.4520000219345093,2,0.41700001060962677
4322,-0.03500001132488251,0.4520000219345093,1,0.41700001060962677
4324,-0.03500001132488251,0.4520000219345093,2,0.41700001060962677
4325,-0.03500001132488251,0.4520000219345093,1,0.41700001060962677
4326,-0.03500001132488251,0.4520000219345093,2,0.41700001060962677
4328,-0.03500001132488251,0.4520000219345093,2,0.41700001060962677
4329,-0.03500001132488251,0.4520000219345093,2,0.41700001060962677
4330,-0.03500001132488251,0.4520000219345093,1,0.41700001060962677
4331,-0.03500001132488251,0.4520000219345093,1,0.41700001060962677
4332,-0.03500001132488251,0.4520000219345093,2,0.41700001060962677
4334,-0.03500001132488251,0.4520000219345093,1,0.41700001060962677
4335,-0.03500001132488251,0.4520000219345093,1,0.41700001060962677
4336,-0.03500001132488251,0.4520000219345093,1,0.41700001060962677
4337,-0.03466667979955673,0.44866669178009033,3,0.4140000119805336
4338,0.008500006049871445,0.5315000116825104,1,0.5400000177323818
4340,0.008500006049871445,0.5315000116825104,1,0.5400000177323818
4342,-0.03500001132488251,0.4520000219345093,2,0.41700001060962677
4343,0.006999986246228218,0.4400000274181366,2,0.4470000136643648
4344,-0.007333341636694968,0.4820000231266022,3,0.4746666814899072
4345,0.008500006049871445,0.5315000116825104,1,0.5400000177323818
4350,0.007500000298023224,0.5035000145435333,1,0.5110000148415565
4353,-0.011249759294558292,0.4750000238418579,3,0.4637502645472996
4356,0.006499989579121272,0.47950002551078796,3,0.48600001508990925
4357,0.0019999975338578224,0.4870000183582306,2,0.4890000158920884
4359,0.007500000298023224,0.5035000145435333,1,0.5110000148415565
4367,0.007500000298023224,0.5035000145435333,1,0.5110000148415565
4371,-0.03400001674890518,0.44200003147125244,2,0.40800001472234726
4374,0.007500000298023224,0.5035000145435333,1,0.5110000148415565
4385,-0.009750009514391422,0.46925002336502075,4,0.45950001385062933
4394,0.007500000298023224,0.5035000145435333,1,0.5110000148415565
4395,0.007500000298023224,0.5035000145435333,1,0.5110000148415565
4398,0.007500000298023224,0.5035000145435333,2,0.5110000148415565
4410,0.007500000298023224,0.5035000145435333,2,0.5110000148415565
4414,-0.00800001434981823,0.4700000286102295,3,0.46200001426041126
4415,0.007500000298023224,0.5035000145435333,2,0.5110000148415565
4417,-0.008250006940215826,0.4775000214576721,4,0.4692500145174563
4422,0.007500000298023224,0.5035000145435333,1,0.5110000148415565
4423,0.007500000298023224,0.5035000145435333,1,0.5110000148415565
4459,-0.03341667726635933,0.43941669166088104,6,0.4060000143945217
4478,0.008500006049871445,0.5315000116825104,1,0.5400000177323818
4481,0.008500006049871445,0.5315000116825104,2,0.5400000177323818
4501,0.008500006049871445,0.5315000116825104,1,0.5400000177323818
4509,0.005416654050350189,0.5000833620627722,6,0.5055000161131223
4513,0.008500006049871445,0.5315000116825104,2,0.5400000177323818
4525,0.014499995857477188,0.4245000183582306,1,0.4390000142157078
4529,0.009333332379659018,0.5263333519299825,3,0.5356666843096416
4532,0.005166644851366679,0.5278333723545074,15,0.5330000172058741
4551,0.01033331702152888,0.5143333673477173,3,0.5246666843692461
4571,0.001999989151954651,0.4210000236829122,3,0.4230000128348668
4575,-0.005000017583370209,0.42600002884864807,2,0.42100001126527786
4576,0.009666649003823599,0.5126667022705078,3,0.5223333512743314
4578,0.012499997392296791,0.4905000180006027,2,0.5030000153928995
4596,0.011333325256903967,0.4973333577315013,3,0.5086666829884052
4604,0.014499995857477188,0.4245000183582306,1,0.4390000142157078
4605,0.014499995857477188,0.4245000183582306,1,0.4390000142157078
4606,0.014499995857477188,0.4245000183582306,1,0.4390000142157078
4611,0.014499995857477188,0.4245000183582306,1,0.4390000142157078
4617,0.014499995857477188,0.4245000183582306,1,0.4390000142157078
4618,0.014499995857477188,0.4245000183582306,1,0.4390000142157078
4620,0.014499995857477188,0.4245000183582306,1,0.4390000142157078
4622,0.014499995857477188,0.4245000183582306,1,0.4390000142157078
4625,0.014499995857477188,0.4245000183582306,1,0.4390000142157078
4629,0.014499995857477188,0.4245000183582306,1,0.4390000142157078
4633,0.014499995857477188,0.4245000183582306,2,0.4390000142157078
4635,0.012499997392296791,0.4905000180006027,1,0.5030000153928995
4637,0.014499995857477188,0.4245000183582306,1,0.4390000142157078
4639,0.015000003390014172,0.4690000116825104,1,0.48400001507252455
4640,0.014499995857477188,0.4245000183582306,1,0.4390000142157078
4641,0.014499995857477188,0.4245000183582306,1,0.4390000142157078
4645,0.01199999451637268,0.42900002002716064,1,0.4410000145435333
4648,0.014499995857477188,0.4245000183582306,2,0.4390000142157078
4650,-0.005000017583370209,0.42600002884864807,2,0.42100001126527786
4653,0.014499995857477188,0.4245000183582306,1,0.4390000142157078
4654,0.014499995857477188,0.4245000183582306,1,0.4390000142157078
4655,0.014499995857477188,0.4245000183582306,1,0.4390000142157078
4656,0.014499995857477188,0.4245000183582306,1,0.4390000142157078
4657,0.014499995857477188,0.4245000183582306,1,0.4390000142157078
4658,0.014499995857477188,0.4245000183582306,1,0.4390000142157078
4659,0.001999989151954651,0.4210000236829122,3,0.4230000128348668
4661,0.013249995186924934,0.4267500191926956,2,0.44000001437962055
4662,0.006499992683529854,0.4202500209212303,2,0.42675001360476017
4663,0.01199999451637268,0.42900002002716064,1,0.4410000145435333
4664,0.014499995857477188,0.4245000183582306,1,0.4390000142157078
4666,0.014499995857477188,0.4245000183582306,1,0.4390000142157078
4668,0.01199999451637268,0.42900002002716064,1,0.4410000145435333
4669,0.014499995857477188,0.4245000183582306,1,0.4390000142157078
4670,0.005499992519617081,0.41850002110004425,1,0.42400001361966133
4671,0.014499995857477188,0.4245000183582306,1,0.4390000142157078
4672,0.015499993227422237,0.4295000210404396,2,0.44500001426786184
4673,0.015166656114161015,0.4363333582878113,3,0.4515000144019723
4674,0.011499997228384018,0.42250001430511475,1,0.43400001153349876
4675,0.011499997228384018,0.42250001430511475,1,0.43400001153349876
4677,0.014499995857477188,0.4245000183582306,1,0.4390000142157078
4678,0.014499995857477188,0.4245000183582306,1,0.4390000142157078
4679,0.014499995857477188,0.4245000183582306,1,0.4390000142157078
4680,0.015499993227422237,0.4295000210404396,2,0.44500001426786184
4681,0.01199999451637268,0.42900002002716064,1,0.4410000145435333
4682,0.014499995857477188,0.4245000183582306,1,0.4390000142157078
4683,0.01199999451637268,0.42900002002716064,2,0.4410000145435333
4684,0.014333329784373442,0.45766668518384296,3,0.4720000149682164
4685,0.015499993227422237,0.4295000210404396,2,0.44500001426786184
4687,0.014499995857477188,0.4245000183582306,1,0.4390000142157078
4688,0.01199999451637268,0.42900002002716064,1,0.4410000145435333
4689,0.011999988928437233,0.4540000259876251,3,0.46600001491606236
4690,0.01199999451637268,0.42900002002716064,1,0.4410000145435333
4691,0.01283332829674085,0.42750001947085065,3,0.4403333477675915
4692,0.015999997034668922,0.45000001788139343,1,0.46600001491606236
4693,0.011499997228384018,0.42250001430511475,3,0.43400001153349876
4695,0.013124998891726136,0.48512501642107964,4,0.49825001531280577
4696,0.011666662991046906,0.42466668287913006,3,0.43633334587017697
4697,0.015000003390014172,0.4690000116825104,1,0.48400001507252455
4698,0.01199999451637268,0.42900002002716064,2,0.4410000145435333
4699,0.012299987860023976,0.44560002684593203,5,0.457900014705956
4700,0.012249993160367012,0.4722500219941139,2,0.48450001515448093
4701,0.010166662434736887,0.4223333497842153,3,0.4325000122189522
4702,0.008166660865147909,0.42100001871585846,3,0.42916667958100635
4703,0.009999990463256836,0.445000022649765,5,0.45500001311302185
4704,9.999945759773255e-05,0.43650001287460327,5,0.436600012332201
4705,0.01128570203270231,0.43500002580029623,7,0.4462857278329985
4706,-0.0006666854023933411,0.4396666983763377,3,0.43900001297394436
4707,0.01000000536441803,0.4300000071525574,1,0.4400000125169754
4708,0.012499995529651642,0.43950001895427704,1,0.4520000144839287
4709,0.002999980002641678,0.4350000321865082,2,0.43800001218914986
4710,0.01000000536441803,0.4300000071525574,2,0.4400000125169754
4711,0.01000000536441803,0.4300000071525574,1,0.4400000125169754
4714,0.002999980002641678,0.4350000321865082,2,0.43800001218914986
4715,0.01000000536441803,0.4300000071525574,1,0.4400000125169754
4716,0.002999980002641678,0.4350000321865082,1,0.43800001218914986
4717,0.002999980002641678,0.4350000321865082,2,0.43800001218914986
4718,0.006499992683529854,0.4325000196695328,2,0.43900001235306263
4719,0.002999980002641678,0.4350000321865082,1,0.43800001218914986
4720,0.002999980002641678,0.4350000321865082,2,0.43800001218914986
4721,0.002999980002641678,0.4350000321865082,1,0.43800001218914986
4722,0.002999980002641678,0.4350000321865082,1,0.43800001218914986
4724,-0.009333349764347076,0.45366669694582623,3,0.44433334718147915
4728,-0.009333341692884764,0.4596666892369588,3,0.45033334754407406
4729,-2.0489096641540527e-08,0.45100003480911255,1,0.4510000143200159
4730,-2.0489096641540527e-08,0.45100003480911255,1,0.4510000143200159
4731,-0.006000009675820668,0.45800002415974933,3,0.4520000144839287
4732,-2.0489096641540527e-08,0.45100003480911255,1,0.4510000143200159
4733,-0.004500012379139662,0.45625002682209015,2,0.4517500144429505
4734,-0.004500012379139662,0.45625002682209015,2,0.4517500144429505
4738,-0.026499999687075615,0.4620000123977661,1,0.4355000127106905
4750,-0.02900000847876072,0.4740000218153,2,0.44500001333653927
4756,-0.02900000847876072,0.4740000218153,2,0.44500001333653927
4926,-0.034813735688872194,0.5697843414895675,51,0.5349706058006953
4959,0.0319999847561121,0.42600002884864807,1,0.45800001360476017
4962,0.0319999847561121,0.42600002884864807,2,0.45800001360476017
4963,0.020500002428889275,0.42500001192092896,1,0.44550001434981823
4964,0.020500002428889275,0.42500001192092896,1,0.44550001434981823
4965,0.020500002428889275,0.42500001192092896,1,0.44550001434981823
4966,0.020500002428889275,0.42500001192092896,1,0.44550001434981823
4968,0.020500002428889275,0.42500001192092896,1,0.44550001434981823
4969,0.020500002428889275,0.42500001192092896,1,0.44550001434981823
4970,0.020500002428889275,0.42500001192092896,1,0.44550001434981823
4971,0.020500002428889275,0.42500001192092896,1,0.44550001434981823
4972,0.020500002428889275,0.42500001192092896,1,0.44550001434981823
4973,0.020500002428889275,0.42500001192092896,1,0.44550001434981823
4974,0.020500002428889275,0.42500001192092896,1,0.44550001434981823
4975,0.020500002428889275,0.42500001192092896,1,0.44550001434981823
4976,0.020500002428889275,0.42500001192092896,1,0.44550001434981823
4977,0.020500002428889275,0.42500001192092896,1,0.44550001434981823
4978,0.020500002428889275,0.42500001192092896,1,0.44550001434981823
4979,0.020500002428889275,0.42500001192092896,1,0.44550001434981823
4980,0.020500002428889275,0.42500001192092896,1,0.44550001434981823
4981,0.020500002428889275,0.42500001192092896,1,0.44550001434981823
4982,0.020500002428889275,0.42500001192092896,1,0.44550001434981823
4986,0.020500002428889275,0.42500001192092896,1,0.44550001434981823
4987,0.020500002428889275,0.42500001192092896,1,0.44550001434981823
4990,0.007874990347772837,0.44612502306699753,4,0.45400001341477036
4992,0.01649999525398016,0.4360000193119049,2,0.45250001456588507
4993,0.017833331289390724,0.4346666832764943,3,0.45250001456588507
4997,0.020500002428889275,0.42500001192092896,1,0.44550001434981823
4998,0.020500002428889275,0.42500001192092896,1,0.44550001434981823
4999,0.020500002428889275,0.42500001192092896,1,0.44550001434981823
5000,0.020500002428889275,0.42500001192092896,1,0.44550001434981823
5001,0.020500002428889275,0.42500001192092896,1,0.44550001434981823
5002,0.020500002428889275,0.42500001192092896,1,0.44550001434981823
5003,0.020500002428889275,0.42500001192092896,1,0.44550001434981823
5004,0.020500002428889275,0.42500001192092896,1,0.44550001434981823
5005,0.020500002428889275,0.42500001192092896,1,0.44550001434981823
5006,0.020500002428889275,0.42500001192092896,1,0.44550001434981823
5007,0.020500002428889275,0.42500001192092896,1,0.44550001434981823
5008,0.020500002428889275,0.42500001192092896,1,0.44550001434981823
5009,0.020500002428889275,0.42500001192092896,1,0.44550001434981823
5010,0.020500002428889275,0.42500001192092896,1,0.44550001434981823
5012,0.020500002428889275,0.42500001192092896,1,0.44550001434981823
5014,0.020500002428889275,0.42500001192092896,1,0.44550001434981823
5015,0.020500002428889275,0.42500001192092896,1,0.44550001434981823
5016,0.020500002428889275,0.42500001192092896,1,0.44550001434981823
5018,0.020500002428889275,0.42500001192092896,1,0.44550001434981823
5019,0.020500002428889275,0.42500001192092896,1,0.44550001434981823
5020,0.020500002428889275,0.42500001192092896,1,0.44550001434981823
5023,0.020500002428889275,0.42500001192092896,1,0.44550001434981823
5024,0.020500002428889275,0.42500001192092896,1,0.44550001434981823
5026,0.020500002428889275,0.42500001192092896,1,0.44550001434981823
5027,0.020500002428889275,0.42500001192092896,1,0.44550001434981823
5028,0.020500002428889275,0.42500001192092896,1,0.44550001434981823
5031,0.017166661098599434,0.42900002002716064,3,0.4461666811257601
5033,0.01974999438971281,0.4255000203847885,2,0.4452500147745013
5034,0.020500002428889275,0.42500001192092896,1,0.44550001434981823
5036,0.020500002428889275,0.42500001192092896,1,0.44550001434981823
5041,0.020500002428889275,0.42500001192092896,1,0.44550001434981823
5042,0.020500002428889275,0.42500001192092896,1,0.44550001434981823
5043,0.020500002428889275,0.42500001192092896,1,0.44550001434981823
5044,0.020500002428889275,0.42500001192092896,1,0.44550001434981823
5045,0.020500002428889275,0.42500001192092896,1,0.44550001434981823
5046,0.020500002428889275,0.42500001192092896,1,0.44550001434981823
5052,0.020500002428889275,0.42500001192092896,1,0.44550001434981823
5057,0.020500002428889275,0.42500001192092896,1,0.44550001434981823
5066,0.020500002428889275,0.42500001192092896,1,0.44550001434981823
5067,0.020500002428889275,0.42500001192092896,1,0.44550001434981823
5069,0.020500002428889275,0.42500001192092896,1,0.44550001434981823
5074,0.020500002428889275,0.42500001192092896,1,0.44550001434981823
5075,0.020500002428889275,0.42500001192092896,1,0.44550001434981823
5077,0.020500002428889275,0.42500001192092896,1,0.44550001434981823
5079,0.020500002428889275,0.42500001192092896,1,0.44550001434981823
5080,0.020500002428889275,0.42500001192092896,1,0.44550001434981823
5081,0.020500002428889275,0.42500001192092896,1,0.44550001434981823
5082,0.020500002428889275,0.42500001192092896,1,0.44550001434981823
5083,0.020500002428889275,0.42500001192092896,1,0.44550001434981823
5084,0.020500002428889275,0.42500001192092896,1,0.44550001434981823
5085,0.020500002428889275,0.42500001192092896,1,0.44550001434981823
5086,0.020500002428889275,0.42500001192092896,1,0.44550001434981823
5087,0.020500002428889275,0.42500001192092896,1,0.44550001434981823
5088,0.020500002428889275,0.42500001192092896,1,0.44550001434981823
5089,0.020500002428889275,0.42500001192092896,1,0.44550001434981823
5090,0.020500002428889275,0.42500001192092896,1,0.44550001434981823
5091,0.020500002428889275,0.42500001192092896,1,0.44550001434981823
5092,0.020500002428889275,0.42500001192092896,1,0.44550001434981823
5093,0.020500002428889275,0.42500001192092896,1,0.44550001434981823
5096,0.020500002428889275,0.42500001192092896,1,0.44550001434981823
5098,0.020500002428889275,0.42500001192092896,1,0.44550001434981823
5100,0.020500002428889275,0.42500001192092896,1,0.44550001434981823
5101,0.020500002428889275,0.42500001192092896,1,0.44550001434981823
5102,0.020500002428889275,0.42500001192092896,1,0.44550001434981823
5104,0.020500002428889275,0.42500001192092896,1,0.44550001434981823
5105,0.020500002428889275,0.42500001192092896,1,0.44550001434981823
5106,0.020500002428889275,0.42500001192092896,1,0.44550001434981823
5107,0.020500002428889275,0.42500001192092896,1,0.44550001434981823
5108,0.020500002428889275,0.42500001192092896,1,0.44550001434981823
5109,0.020500002428889275,0.42500001192092896,2,0.44550001434981823
5110,0.020500002428889275,0.42500001192092896,1,0.44550001434981823
5111,0.020500002428889275,0.42500001192092896,1,0.44550001434981823
5112,0.020500002428889275,0.42500001192092896,2,0.44550001434981823
5113,0.020500002428889275,0.42500001192092896,2,0.44550001434981823
5114,0.020500002428889275,0.42500001192092896,1,0.44550001434981823
5115,0.020500002428889275,0.42500001192092896,1,0.44550001434981823
5116,0.020500002428889275,0.42500001192092896,1,0.44550001434981823
5117,0.020500002428889275,0.42500001192092896,1,0.44550001434981823
5118,0.020500002428889275,0.42500001192092896,1,0.44550001434981823
5119,0.020500002428889275,0.42500001192092896,1,0.44550001434981823
5120,0.020500002428889275,0.42500001192092896,1,0.44550001434981823
5121,0.020500002428889275,0.42500001192092896,1,0.44550001434981823
5122,0.020500002428889275,0.42500001192092896,1,0.44550001434981823
5123,0.020500002428889275,0.42500001192092896,1,0.44550001434981823
5124,0.020500002428889275,0.42500001192092896,1,0.44550001434981823
5125,0.020500002428889275,0.42500001192092896,1,0.44550001434981823
5127,0.020500002428889275,0.42500001192092896,1,0.44550001434981823
5129,0.020500002428889275,0.42500001192092896,1,0.44550001434981823
5130,0.020500002428889275,0.42500001192092896,1,0.44550001434981823
5131,0.020500002428889275,0.42500001192092896,1,0.44550001434981823
5132,0.020500002428889275,0.42500001192092896,1,0.44550001434981823
5133,0.020500002428889275,0.42500001192092896,1,0.44550001434981823
5134,0.020500002428889275,0.42500001192092896,1,0.44550001434981823
5135,0.020500002428889275,0.42500001192092896,1,0.44550001434981823
5136,0.020500002428889275,0.42500001192092896,1,0.44550001434981823
5137,0.020500002428889275,0.42500001192092896,1,0.44550001434981823
5138,0.020500002428889275,0.42500001192092896,1,0.44550001434981823
5139,0.020500002428889275,0.42500001192092896,1,0.44550001434981823
5141,0.020500002428889275,0.42500001192092896,1,0.44550001434981823
5142,0.020500002428889275,0.42500001192092896,1,0.44550001434981823
5143,0.020500002428889275,0.42500001192092896,1,0.44550001434981823
5144,0.020500002428889275,0.42500001192092896,1,0.44550001434981823
5145,0.020500002428889275,0.42500001192092896,1,0.44550001434981823
5146,0.020500002428889275,0.42500001192092896,1,0.44550001434981823
5147,0.020500002428889275,0.42500001192092896,1,0.44550001434981823
5148,0.020500002428889275,0.42500001192092896,1,0.44550001434981823
5150,0.020500002428889275,0.42500001192092896,1,0.44550001434981823
5151,0.020500002428889275,0.42500001192092896,1,0.44550001434981823
5152,0.020500002428889275,0.42500001192092896,1,0.44550001434981823
5153,0.020500002428889275,0.42500001192092896,1,0.44550001434981823
5154,0.020500002428889275,0.42500001192092896,1,0.44550001434981823
5155,0.020500002428889275,0.42500001192092896,1,0.44550001434981823
5156,0.020500002428889275,0.42500001192092896,1,0.44550001434981823
5157,0.020500002428889275,0.42500001192092896,1,0.44550001434981823
5158,0.020500002428889275,0.42500001192092896,1,0.44550001434981823
5159,0.020500002428889275,0.42500001192092896,1,0.44550001434981823
5160,0.020500002428889275,0.42500001192092896,1,0.44550001434981823
5163,0.020500002428889275,0.42500001192092896,1,0.44550001434981823
5164,0.020500002428889275,0.42500001192092896,1,0.44550001434981823
5165,0.020500002428889275,0.42500001192092896,1,0.44550001434981823
5167,0.020500002428889275,0.42500001192092896,1,0.44550001434981823
5169,0.020500002428889275,0.42500001192092896,1,0.44550001434981823
5170,0.020500002428889275,0.42500001192092896,1,0.44550001434981823
5171,0.020500002428889275,0.42500001192092896,1,0.44550001434981823
5172,0.020500002428889275,0.42500001192092896,1,0.44550001434981823
5173,0.020500002428889275,0.42500001192092896,1,0.44550001434981823
5174,0.020500002428889275,0.42500001192092896,1,0.44550001434981823
5175,0.018499998841434717,0.43050001561641693,2,0.44900001445785165
5176,0.020500002428889275,0.42500001192092896,1,0.44550001434981823
5178,0.018499998841434717,0.43050001561641693,2,0.44900001445785165
5179,0.020500002428889275,0.42500001192092896,1,0.44550001434981823
5181,0.01649999525398016,0.4360000193119049,1,0.45250001456588507
5182,0.018499999307096004,0.43400001525878906,2,0.45250001456588507
5183,0.01649999525398016,0.4360000193119049,1,0.45250001456588507
5184,0.01649999525398016,0.4360000193119049,1,0.45250001456588507
5185,0.018499998841434717,0.43050001561641693,2,0.44900001445785165
5186,0.01649999525398016,0.4360000193119049,1,0.45250001456588507
5187,0.020500002428889275,0.42500001192092896,1,0.44550001434981823
5188,0.020500002428889275,0.42500001192092896,1,0.44550001434981823
5190,0.020500002428889275,0.42500001192092896,1,0.44550001434981823
5191,0.018999986350536346,0.42600002884864807,1,0.4450000151991844
5192,0.018499998841434717,0.43050001561641693,2,0.44900001445785165
5194,0.012750240914057964,0.43800002336502075,2,0.4507502642790787
5196,0.01199999451637268,0.4360000193119049,2,0.4480000138282776
5197,0.014000159027365363,0.4373333553473155,3,0.45133351437468083
5198,0.01199999451637268,0.4360000193119049,2,0.4480000138282776
5199,0.020500002428889275,0.42500001192092896,1,0.44550001434981823
5200,0.020500002428889275,0.42500001192092896,1,0.44550001434981823
5201,0.020500002428889275,0.42500001192092896,1,0.44550001434981823
5202,0.020500002428889275,0.42500001192092896,1,0.44550001434981823
5203,0.020500002428889275,0.42500001192092896,1,0.44550001434981823
5204,0.020500002428889275,0.42500001192092896,1,0.44550001434981823
5205,0.020500002428889275,0.42500001192092896,1,0.44550001434981823
5206,0.020500002428889275,0.42500001192092896,1,0.44550001434981823
5207,0.020500002428889275,0.42500001192092896,1,0.44550001434981823
5208,0.020500002428889275,0.42500001192092896,1,0.44550001434981823
5209,0.020500002428889275,0.42500001192092896,1,0.44550001434981823
5210,0.020500002428889275,0.42500001192092896,1,0.44550001434981823
5211,0.020500002428889275,0.42500001192092896,1,0.44550001434981823
5212,0.020500002428889275,0.42500001192092896,1,0.44550001434981823
5213,0.018499998841434717,0.43050001561641693,2,0.44900001445785165
5214,0.020500002428889275,0.42500001192092896,1,0.44550001434981823
5215,0.019166667014360428,0.431000014146169,3,0.45016668116052944
5216,0.018499998841434717,0.43050001561641693,2,0.44900001445785165
5217,0.018499998841434717,0.43050001561641693,2,0.44900001445785165
5218,0.020500002428889275,0.42500001192092896,1,0.44550001434981823
5219,0.020500002428889275,0.42500001192092896,1,0.44550001434981823
5220,0.020500002428889275,0.42500001192092896,1,0.44550001434981823
5221,0.018499998841434717,0.43050001561641693,2,0.44900001445785165
5222,0.018499998841434717,0.43050001561641693,2,0.44900001445785165
5223,0.020500002428889275,0.42500001192092896,1,0.44550001434981823
5224,0.018499998841434717,0.43050001561641693,2,0.44900001445785165
5225,0.01649999525398016,0.4360000193119049,1,0.45250001456588507
5226,0.018499999307096004,0.43400001525878906,2,0.45250001456588507
5227,0.018499998841434717,0.43050001561641693,2,0.44900001445785165
5229,0.01649999525398016,0.4360000193119049,1,0.45250001456588507
5230,0.01649999525398016,0.4360000193119049,1,0.45250001456588507
5231,0.018499998841434717,0.43050001561641693,2,0.44900001445785165
5232,0.01649999525398016,0.4360000193119049,1,0.45250001456588507
5233,0.018499998841434717,0.43050001561641693,2,0.44900001445785165
5234,0.01649999525398016,0.4360000193119049,1,0.45250001456588507
5236,0.01649999525398016,0.4360000193119049,1,0.45250001456588507
5237,0.018499999307096004,0.43400001525878906,2,0.45250001456588507
5238,0.01649999525398016,0.4360000193119049,1,0.45250001456588507
5239,0.01649999525398016,0.4360000193119049,1,0.45250001456588507
5240,0.018499998841434717,0.43050001561641693,2,0.44900001445785165
5241,0.01649999525398016,0.4360000193119049,1,0.45250001456588507
5242,0.01649999525398016,0.4360000193119049,1,0.45250001456588507
5244,0.01649999525398016,0.4360000193119049,1,0.45250001456588507
5245,0.018499999307096004,0.43400001525878906,2,0.45250001456588507
5246,0.01649999525398016,0.4360000193119049,2,0.45250001456588507
5247,0.01649999525398016,0.4360000193119049,1,0.45250001456588507
5248,0.01649999525398016,0.4360000193119049,1,0.45250001456588507
5249,0.01649999525398016,0.4360000193119049,1,0.45250001456588507
5250,0.01649999525398016,0.4360000193119049,1,0.45250001456588507
5251,0.01649999525398016,0.4360000193119049,1,0.45250001456588507
5252,0.01649999525398016,0.4360000193119049,1,0.45250001456588507
5253,0.01649999525398016,0.4360000193119049,1,0.45250001456588507
5254,0.01649999525398016,0.4360000193119049,2,0.45250001456588507
5255,0.017833331289390724,0.4346666832764943,3,0.45250001456588507
5256,0.01649999525398016,0.4360000193119049,2,0.45250001456588507
5257,0.020500002428889275,0.42500001192092896,1,0.44550001434981823
5258,0.020500002428889275,0.42500001192092896,1,0.44550001434981823
5260,0.020500002428889275,0.42500001192092896,1,0.44550001434981823
5261,0.020500002428889275,0.42500001192092896,1,0.44550001434981823
5262,0.020500002428889275,0.42500001192092896,1,0.44550001434981823
5263,0.020500002428889275,0.42500001192092896,1,0.44550001434981823
5264,0.020500002428889275,0.42500001192092896,1,0.44550001434981823
5265,0.020500002428889275,0.42500001192092896,1,0.44550001434981823
5266,0.020500002428889275,0.42500001192092896,1,0.44550001434981823
5267,0.020500002428889275,0.42500001192092896,1,0.44550001434981823
5268,0.020500002428889275,0.42500001192092896,1,0.44550001434981823
5270,0.020500002428889275,0.42500001192092896,1,0.44550001434981823
5271,0.020500002428889275,0.42500001192092896,1,0.44550001434981823
5272,0.020500002428889275,0.42500001192092896,1,0.44550001434981823
5273,0.020500002428889275,0.42500001192092896,1,0.44550001434981823
5275,0.020500002428889275,0.42500001192092896,1,0.44550001434981823
5276,0.020500002428889275,0.42500001192092896,1,0.44550001434981823
5277,0.020500002428889275,0.42500001192092896,1,0.44550001434981823
5278,0.020500002428889275,0.42500001192092896,1,0.44550001434981823
5279,0.020500002428889275,0.42500001192092896,1,0.44550001434981823
5280,0.020500002428889275,0.42500001192092896,1,0.44550001434981823
5281,0.020500002428889275,0.42500001192092896,1,0.44550001434981823
5282,0.020500002428889275,0.42500001192092896,1,0.44550001434981823
5283,0.020500002428889275,0.42500001192092896,1,0.44550001434981823
5284,0.020500002428889275,0.42500001192092896,1,0.44550001434981823
5286,0.020500002428889275,0.42500001192092896,1,0.44550001434981823
5287,0.020500002428889275,0.42500001192092896,1,0.44550001434981823
5288,0.020500002428889275,0.42500001192092896,1,0.44550001434981823
5290,0.020500002428889275,0.42500001192092896,1,0.44550001434981823
5291,0.020500002428889275,0.42500001192092896,1,0.44550001434981823
5293,0.020500002428889275,0.42500001192092896,1,0.44550001434981823
5295,0.020500002428889275,0.42500001192092896,1,0.44550001434981823
5296,0.020500002428889275,0.42500001192092896,1,0.44550001434981823
5297,0.020500002428889275,0.42500001192092896,1,0.44550001434981823
5298,0.020500002428889275,0.42500001192092896,1,0.44550001434981823
5299,0.020500002428889275,0.42500001192092896,1,0.44550001434981823
5300,0.020500002428889275,0.42500001192092896,1,0.44550001434981823
5301,0.020500002428889275,0.42500001192092896,1,0.44550001434981823
5302,0.020500002428889275,0.42500001192092896,1,0.44550001434981823
5303,0.020500002428889275,0.42500001192092896,1,0.44550001434981823
5304,0.020500002428889275,0.42500001192092896,1,0.44550001434981823
5305,0.020500002428889275,0.42500001192092896,1,0.44550001434981823
5307,0.020500002428889275,0.42500001192092896,1,0.44550001434981823
5308,0.020500002428889275,0.42500001192092896,1,0.44550001434981823
5309,0.020500002428889275,0.42500001192092896,1,0.44550001434981823
5310,0.020500002428889275,0.42500001192092896,1,0.44550001434981823
5311,0.020500002428889275,0.42500001192092896,1,0.44550001434981823
5312,0.020500002428889275,0.42500001192092896,1,0.44550001434981823
5313,0.020500002428889275,0.42500001192092896,1,0.44550001434981823
5314,0.020500002428889275,0.42500001192092896,1,0.44550001434981823
5316,0.020500002428889275,0.42500001192092896,1,0.44550001434981823
5317,0.020500002428889275,0.42500001192092896,1,0.44550001434981823
5318,0.020500002428889275,0.42500001192092896,1,0.44550001434981823
5319,0.020500002428889275,0.42500001192092896,1,0.44550001434981823
5320,0.020500002428889275,0.42500001192092896,1,0.44550001434981823
5321,0.020500002428889275,0.42500001192092896,1,0.44550001434981823
5322,0.020500002428889275,0.42500001192092896,1,0.44550001434981823
5323,0.020500002428889275,0.42500001192092896,1,0.44550001434981823
5324,0.020500002428889275,0.42500001192092896,1,0.44550001434981823
5325,0.020500002428889275,0.42500001192092896,1,0.44550001434981823
5326,0.020500002428889275,0.42500001192092896,1,0.44550001434981823
5327,0.020500002428889275,0.42500001192092896,1,0.44550001434981823
5328,0.020500002428889275,0.42500001192092896,1,0.44550001434981823
5329,0.020500002428889275,0.42500001192092896,1,0.44550001434981823
5330,0.020500002428889275,0.42500001192092896,1,0.44550001434981823
5331,0.020500002428889275,0.42500001192092896,1,0.44550001434981823
5332,0.020500002428889275,0.42500001192092896,1,0.44550001434981823
5333,0.020500002428889275,0.42500001192092896,1,0.44550001434981823
5334,0.020500002428889275,0.42500001192092896,1,0.44550001434981823
5336,0.020500002428889275,0.42500001192092896,1,0.44550001434981823
5337,0.020500002428889275,0.42500001192092896,1,0.44550001434981823
5338,0.020500002428889275,0.42500001192092896,1,0.44550001434981823
5339,0.020500002428889275,0.42500001192092896,1,0.44550001434981823
5340,0.020500002428889275,0.42500001192092896,1,0.44550001434981823
5341,0.020500002428889275,0.42500001192092896,1,0.44550001434981823
5342,0.020500002428889275,0.42500001192092896,1,0.44550001434981823
5343,0.020500002428889275,0.42500001192092896,1,0.44550001434981823
5344,0.020500002428889275,0.42500001192092896,1,0.44550001434981823
5345,0.020500002428889275,0.42500001192092896,1,0.44550001434981823
5346,0.020500002428889275,0.42500001192092896,1,0.44550001434981823
5347,0.020500002428889275,0.42500001192092896,1,0.44550001434981823
5348,0.020500002428889275,0.42500001192092896,1,0.44550001434981823
5350,0.020500002428889275,0.42500001192092896,1,0.44550001434981823
5352,0.020500002428889275,0.42500001192092896,1,0.44550001434981823
5354,0.020500002428889275,0.42500001192092896,1,0.44550001434981823
5355,0.020500002428889275,0.42500001192092896,1,0.44550001434981823
5356,0.020500002428889275,0.42500001192092896,1,0.44550001434981823
5357,0.020500002428889275,0.42500001192092896,1,0.44550001434981823
5358,0.020500002428889275,0.42500001192092896,1,0.44550001434981823
5360,0.020500002428889275,0.42500001192092896,1,0.44550001434981823
5361,0.020500002428889275,0.42500001192092896,1,0.44550001434981823
5362,0.014833330487211546,0.4323333501815796,3,0.4471666806687911
5363,0.020500002428889275,0.42500001192092896,1,0.44550001434981823
5365,0.020500002428889275,0.42500001192092896,1,0.44550001434981823
5366,0.020500002428889275,0.42500001192092896,1,0.44550001434981823
5367,0.020500002428889275,0.42500001192092896,3,0.44550001434981823
5368,0.020500002428889275,0.42500001192092896,1,0.44550001434981823
5369,0.020500002428889275,0.42500001192092896,1,0.44550001434981823
5370,0.020500002428889275,0.42500001192092896,1,0.44550001434981823
5371,0.01974999438971281,0.4255000203847885,2,0.4452500147745013
5372,0.020500002428889275,0.42500001192092896,1,0.44550001434981823
5373,0.014000159027365363,0.4373333553473155,3,0.45133351437468083
5374,0.01199999451637268,0.4360000193119049,3,0.4480000138282776
5375,0.01791674859061217,0.42933334906895954,3,0.4472500976595717
5376,0.01199999451637268,0.4360000193119049,1,0.4480000138282776
5378,0.020500002428889275,0.42500001192092896,2,0.44550001434981823
5379,0.015333494752335067,0.43366668621699017,3,0.44900018096932526
5380,0.020500002428889275,0.42500001192092896,1,0.44550001434981823
5381,0.016583412865642466,0.43300001819928485,3,0.4495834310649273
5382,0.01662512167147362,0.43150001764297485,2,0.4481251393144485
5384,0.016249998472630978,0.43050001561641693,2,0.4467500140890479
5385,0.020500002428889275,0.42500001192092896,2,0.44550001434981823
5386,0.014333325127760569,0.43266668915748596,3,0.44700001428524655
5387,0.01199999451637268,0.4360000193119049,2,0.4480000138282776
5388,0.016583412865642466,0.43300001819928485,3,0.4495834310649273
5389,0.012750240914057964,0.43800002336502075,2,0.4507502642790787
5390,0.01199999451637268,0.4360000193119049,2,0.4480000138282776
5391,0.01199999451637268,0.4360000193119049,1,0.4480000138282776
5392,0.016249998472630978,0.43050001561641693,2,0.4467500140890479
5395,0.012750240914057964,0.43800002336502075,1,0.4507502642790787
5396,0.01199999451637268,0.4360000193119049,1,0.4480000138282776
5397,0.016583412865642466,0.43300001819928485,3,0.4495834310649273
5398,0.01649999525398016,0.4360000193119049,1,0.45250001456588507
5399,0.012750240914057964,0.43800002336502075,2,0.4507502642790787
5400,0.01525007714067276,0.43666668732961017,3,0.45191676447028295
5401,0.01199999451637268,0.4360000193119049,1,0.4480000138282776
5402,0.01199999451637268,0.4360000193119049,1,0.4480000138282776
5403,0.01199999451637268,0.4360000193119049,1,0.4480000138282776
5404,0.01895005012592301,0.4276000142097473,5,0.4465500643356703
5405,0.012750240914057964,0.43800002336502075,2,0.4507502642790787
5406,0.01199999451637268,0.4360000193119049,2,0.4480000138282776
5407,0.012750240914057964,0.43800002336502075,2,0.4507502642790787
5408,0.01649999525398016,0.4360000193119049,2,0.45250001456588507
5409,0.01199999451637268,0.4360000193119049,2,0.4480000138282776
5411,0.01199999451637268,0.4360000193119049,2,0.4480000138282776
5412,0.012750240914057964,0.43800002336502075,2,0.4507502642790787
5413,0.012750240914057964,0.43800002336502075,2,0.4507502642790787
5414,0.012750240914057964,0.43800002336502075,3,0.4507502642790787
5415,0.01199999451637268,0.4360000193119049,3,0.4480000138282776
5416,0.010166659330328306,0.44050002098083496,3,0.45066668031116325
5417,0.00833332414428393,0.445000022649765,3,0.45333334679404896
5418,0.00833332414428393,0.445000022649765,3,0.45333334679404896
5419,0.010166659330328306,0.44050002098083496,3,0.45066668031116325
5420,0.006499988958239555,0.44950002431869507,2,0.4560000132769346
5421,0.006499988958239555,0.44950002431869507,2,0.4560000132769346
5422,0.01525007714067276,0.43666668732961017,3,0.45191676447028295
5424,0.01199999451637268,0.4360000193119049,2,0.4480000138282776
5425,0.01525007714067276,0.43666668732961017,3,0.45191676447028295
5426,-0.04850000515580177,0.5055000185966492,2,0.4570000134408474
5604,-0.011500013992190361,0.518500030040741,1,0.5070000160485506
5629,-0.011500013992190361,0.518500030040741,1,0.5070000160485506
5654,-0.011500013992190361,0.518500030040741,1,0.5070000160485506
5696,-0.011500013992190361,0.518500030040741,2,0.5070000160485506
5705,-0.011500013992190361,0.518500030040741,1,0.5070000160485506
5767,-0.011500013992190361,0.518500030040741,1,0.5070000160485506
5771,-0.011500013992190361,0.518500030040741,2,0.5070000160485506
5794,-0.011500013992190361,0.518500030040741,1,0.5070000160485506
5795,-0.011500013992190361,0.518500030040741,1,0.5070000160485506
5806,-0.011500013992190361,0.518500030040741,2,0.5070000160485506
5808,-0.011500013992190361,0.518500030040741,1,0.5070000160485506
5815,-0.011500013992190361,0.518500030040741,1,0.5070000160485506
5840,-0.011500013992190361,0.518500030040741,1,0.5070000160485506
5862,-0.011500013992190361,0.518500030040741,1,0.5070000160485506
5991,-0.011500013992190361,0.518500030040741,1,0.5070000160485506
6084,-0.011500013992190361,0.518500030040741,1,0.5070000160485506
6144,-0.05766668915748596,0.8143333792686462,3,0.7566666901111603
6148,-0.0632500063095774,0.785000034740993,14,0.7217500284314156
6162,-0.046345343780517634,0.5178453586667777,2,0.4715000148862601
6165,-0.046345343780517634,0.5178453586667777,2,0.4715000148862601
6167,-0.045999991707503796,0.5180000066757202,1,0.4720000149682164
6168,-0.04669069585353147,0.5176907106578351,2,0.47100001480430365
6196,-0.045999991707503796,0.5180000066757202,1,0.4720000149682164
6209,-0.046345343780517634,0.5178453586667777,2,0.4715000148862601
6212,-0.04669069585353147,0.5176907106578351,3,0.47100001480430365
6213,-0.045999991707503796,0.5180000066757202,1,0.4720000149682164
6214,-0.04655255502432594,0.5177525698614122,5,0.47120001483708623
6215,-0.04669069585353147,0.5176907106578351,2,0.47100001480430365
6217,-0.04669069585353147,0.5176907106578351,1,0.47100001480430365
6219,-0.045999991707503796,0.5180000066757202,1,0.4720000149682164
6220,-0.04669069585353147,0.5176907106578351,1,0.47100001480430365
6221,-0.04646046113818891,0.5177938093304635,3,0.47133334819227457
6222,-0.046345343780517634,0.5178453586667777,2,0.4715000148862601
6224,-0.04669069585353147,0.5176907106578351,1,0.47100001480430365
6225,-0.04669069585353147,0.5176907106578351,3,0.47100001480430365
6226,0.0339999720454216,0.5010000467300415,1,0.5350000187754631
6757,-0.06700000166893005,0.5450000166893005,2,0.4780000150203705
6797,0.018499984871596098,0.45600003004074097,1,0.47450001491233706
6953,-0.04899999871850014,0.492000013589859,1,0.44300001487135887
6988,-0.051000017672777176,0.48600003123283386,1,0.4350000135600567
7072,-0.055000023916363716,0.5110000371932983,1,0.4560000132769346
7078,-0.05629999805241823,0.5120000123977662,5,0.4557000143453479
7162,-0.05000001937150955,0.48600003123283386,2,0.4360000118613243
7167,-0.054322154598931444,0.49961387654952705,6,0.44529172195059563
7171,-0.056000007316470146,0.503000020980835,1,0.4470000136643648
7189,-0.055999988690018654,0.5090000033378601,1,0.45300001464784145
7198,-0.05300000309944153,0.49400001764297485,1,0.4410000145435333
7200,-0.04918308426812279,0.48718309645727265,1,0.43800001218914986
7206,-0.056375000393018126,0.5127500146627426,4,0.4563750142697245
7207,-0.05599999576807022,0.5094000101089478,5,0.4534000143408775
7214,-0.053500027395784855,0.5060000419616699,1,0.45250001456588507
7215,-0.05675001163035631,0.5072500258684158,2,0.4505000142380595
7218,-0.05725001823157072,0.5067500323057175,4,0.44950001407414675
7220,-0.04918308426812279,0.48718309645727265,1,0.43800001218914986
7229,-0.04918308426812279,0.48718309645727265,1,0.43800001218914986
7233,-0.05441660668825108,0.4986667037010193,3,0.4442500970127682
7236,-0.05412489341758189,0.4975000321865082,2,0.4433751387689263
7239,-0.053249753605574324,0.49400001764297485,1,0.44075026403740053
7242,-0.053249753605574324,0.49400001764297485,1,0.44075026403740053
7248,-0.053249753605574324,0.49400001764297485,1,0.44075026403740053
7249,-0.04918308426812279,0.48718309645727265,1,0.43800001218914986
7250,-0.053249753605574324,0.49400001764297485,1,0.44075026403740053
7251,-0.053249753605574324,0.49400001764297485,1,0.44075026403740053
7262,-0.04899999871850014,0.492000013589859,1,0.44300001487135887
7280,-0.04918308426812279,0.48718309645727265,1,0.43800001218914986
7291,-0.05311112085150348,0.49255557854970294,9,0.43944445769819945
7295,-0.05250001698732376,0.48850002884864807,2,0.4360000118613243
7298,-0.04918308426812279,0.48718309645727265,1,0.43800001218914986
7314,-0.05250001698732376,0.48850002884864807,3,0.4360000118613243
7320,-0.05450000520795584,0.4985000193119049,2,0.44400001410394907
7326,-0.056000007316470146,0.503000020980835,2,0.4470000136643648
7327,-0.056000007316470146,0.503000020980835,3,0.4470000136643648
7332,-0.0515000174442927,0.4868333637714386,3,0.4353333463271459
7333,-0.05121641893684856,0.49059155705012375,2,0.4393751381132752
7334,-0.05225001368671656,0.4892500266432762,4,0.43700001295655966
7338,-0.056000007316470146,0.503000020980835,1,0.4470000136643648
7345,-0.05200001038610935,0.49000002443790436,2,0.438000014051795
7347,-0.05200001038610935,0.49000002443790436,2,0.438000014051795
7350,-0.05256182856063037,0.5027285094107189,3,0.45016668085008854
7354,-0.04900001361966133,0.484000027179718,1,0.4350000135600567
7358,-0.04918308426812279,0.48718309645727265,1,0.43800001218914986
7424,-0.04918308426812279,0.48718309645727265,1,0.43800001218914986
7436,-0.05099998600780964,0.5,1,0.44900001399219036
7437,-0.05099998600780964,0.5,1,0.44900001399219036
7438,-0.05099998600780964,0.5,1,0.44900001399219036
7445,-0.04899999871850014,0.492000013589859,1,0.44300001487135887
7487,-0.05175001733005047,0.48725003004074097,2,0.4355000127106905
7488,-0.05175001733005047,0.48725003004074097,2,0.4355000127106905
7489,-0.0515000174442927,0.4868333637714386,3,0.4353333463271459
7494,-0.056000007316470146,0.503000020980835,3,0.4470000136643648
7537,-0.05175001733005047,0.48725003004074097,2,0.4355000127106905
7538,-0.052545551745345184,0.49161223189358905,15,0.43906668014824385
7539,-0.04918308426812279,0.48718309645727265,1,0.43800001218914986
7540,-0.04918308426812279,0.48718309645727265,1,0.43800001218914986
7541,-0.051000017672777176,0.48600003123283386,2,0.4350000135600567
7556,-0.049666681637366615,0.4846666951974233,3,0.4350000135600567
7567,-0.04909154894389206,0.48559156181849533,2,0.43650001287460327
7627,-0.04918308426812279,0.48718309645727265,1,0.43800001218914986
7634,-0.05300001660361886,0.5022500306367874,2,0.44925001403316855
7640,-0.04918308426812279,0.48718309645727265,1,0.43800001218914986
7641,-0.04918308426812279,0.48718309645727265,1,0.43800001218914986
7643,-0.04918308426812279,0.48718309645727265,1,0.43800001218914986
7650,-0.04900001361966133,0.484000027179718,1,0.4350000135600567
7656,-0.0510000076610595,0.4971250221133232,4,0.4461250144522637
7658,-0.05076407991424178,0.4986390937220303,4,0.4478750138077885
7662,-0.04918308426812279,0.48718309645727265,1,0.43800001218914986
7664,-0.04918308426812279,0.48718309645727265,1,0.43800001218914986
7668,-0.05076407991424178,0.4986390937220303,4,0.4478750138077885
7675,-0.04918308426812279,0.48718309645727265,1,0.43800001218914986
7681,-0.051842729102074936,0.5010927431352434,2,0.4492500140331685
7682,-0.04918308426812279,0.48718309645727265,1,0.43800001218914986
7693,-0.04918308426812279,0.48718309645727265,1,0.43800001218914986
7699,-0.04918308426812279,0.48718309645727265,1,0.43800001218914986
7718,-0.05408334297438463,0.5074166903893153,6,0.45333334741493064
7732,-0.04918308426812279,0.48718309645727265,1,0.43800001218914986
7741,-0.04918308426812279,0.48718309645727265,1,0.43800001218914986
7745,-0.055000023916363716,0.5110000371932983,1,0.4560000132769346
7750,-0.04918308426812279,0.48718309645727265,1,0.43800001218914986
7754,-0.05290417910218235,0.5011394874153767,17,0.44823530831319436
7760,-0.052179427819140214,0.5026794420571997,16,0.4505000142380595
7763,-0.04918308426812279,0.48718309645727265,1,0.43800001218914986
7773,-0.04918308426812279,0.48718309645727265,1,0.43800001218914986
7781,-0.04918308426812279,0.48718309645727265,1,0.43800001218914986
7798,-0.04918308426812279,0.48718309645727265,1,0.43800001218914986
7833,-0.05416667771836122,0.5035000244776408,3,0.44933334675927955
7844,-0.049000016413629055,0.484500028192997,4,0.4355000117793679
7876,-0.046000007539987564,0.48000001907348633,1,0.43400001153349876
7885,-0.051833330964048706,0.49950001140435535,6,0.44766668044030666
7951,-0.046000007539987564,0.48000001907348633,1,0.43400001153349876
7957,-0.05099998600780964,0.5,2,0.44900001399219036
7966,-0.05099998600780964,0.5,2,0.44900001399219036
7980,-0.05099998600780964,0.5,1,0.44900001399219036
7987,-0.055500030517578125,0.5105000436306,1,0.45500001311302185
7994,-0.05166665092110634,0.5016666650772095,3,0.45000001415610313
8010,-0.050999997183680534,0.49800001084804535,2,0.4470000136643648
8050,-0.05099998600780964,0.5,1,0.44900001399219036
8092,-0.05299998074769974,0.5049999952316284,1,0.4520000144839287
8100,-0.052833323987821736,0.5050000051657358,6,0.4521666811779141
8170,-0.05299998074769974,0.5049999952316284,1,0.4520000144839287
8184,-0.05249998718500137,0.50450000166893,1,0.4520000144839287
8220,-0.046000007539987564,0.48000001907348633,2,0.43400001153349876
8224,-0.04918308426812279,0.48718309645727265,1,0.43800001218914986
8229,-0.05355828006891532,0.4932614659548271,16,0.4397031858859118
8269,-0.04900001361966133,0.4910000264644623,1,0.44200001284480095
8275,-0.04899999871850014,0.492000013589859,1,0.44300001487135887
8291,-0.05299998074769974,0.5049999952316284,1,0.4520000144839287
8309,-0.052333345636725426,0.49800002574920654,9,0.4456666801124811
8317,-0.050999997183680534,0.49800001084804535,2,0.4470000136643648
8389,-0.050000015646219254,0.48500002920627594,2,0.4350000135600567
8476,-0.05425001308321953,0.5037500262260437,2,0.4495000131428242
8480,-0.05425001308321953,0.5037500262260437,2,0.4495000131428242
8515,-0.05425001308321953,0.5037500262260437,2,0.4495000131428242
8610,-0.044000010937452316,0.48266669114430744,3,0.4386666802068551
8649,-0.05200000355641047,0.4933333496252696,3,0.4413333460688591
8750,-0.05000001937150955,0.48600003123283386,1,0.4360000118613243
8870,-0.03250001557171345,0.48850002884864807,1,0.4560000132769346
8881,-0.03250001557171345,0.48850002884864807,3,0.4560000132769346
8973,-0.05000001937150955,0.48600003123283386,1,0.4360000118613243
9029,-0.05000001937150955,0.48600003123283386,1,0.4360000118613243
9184,-0.046000007539987564,0.48000001907348633,1,0.43400001153349876
9308,-0.020562756684209132,0.46813419901366693,7,0.4475714423294578
9330,-0.046000007539987564,0.48000001907348633,2,0.43400001153349876
9388,-0.046000007539987564,0.48000001907348633,2,0.43400001153349876
9400,-0.046000007539987564,0.48000001907348633,1,0.43400001153349876
9473,-0.046000007539987564,0.48000001907348633,2,0.43400001153349876
9493,-0.046000007539987564,0.48000001907348633,1,0.43400001153349876
9520,-0.028000016696751118,0.49525003135204315,2,0.46725001465529203
9530,-0.046000007539987564,0.48000001907348633,1,0.43400001153349876
9535,-0.046000007539987564,0.48000001907348633,1,0.43400001153349876
9567,-0.046000007539987564,0.48000001907348633,2,0.43400001153349876
9599,-0.046000007539987564,0.48000001907348633,2,0.43400001153349876
9607,-0.046000007539987564,0.48000001907348633,1,0.43400001153349876
9718,-0.04300001263618469,0.484000027179718,1,0.4410000145435333
9721,-0.04300001263618469,0.484000027179718,1,0.4410000145435333
9744,-0.04300001263618469,0.484000027179718,2,0.4410000145435333
9759,-0.04300001263618469,0.484000027179718,1,0.4410000145435333
9774,-0.0400000112131238,0.4818333586057027,6,0.4418333473925789
9782,-0.04300001263618469,0.484000027179718,2,0.4410000145435333
9812,-0.04300001263618469,0.484000027179718,2,0.4410000145435333
9830,-0.03090000944212079,0.4956000238656998,10,0.464700014423579
9843,-0.030500025488436222,0.5015000402927399,1,0.47100001480430365
9893,-0.03675000788643956,0.4775000214576721,2,0.44075001357123256
9898,-0.03500001458451152,0.48625002801418304,4,0.4512500134296715
9921,-0.03750001359730959,0.484000027179718,1,0.44650001358240843
9923,-0.03250001557171345,0.48850002884864807,1,0.4560000132769346
10033,-0.036666680593043566,0.48475002745787305,6,0.4480833468648295
10064,-0.033500015176832675,0.48760002851486206,5,0.4541000133380294
10104,-0.03250001557171345,0.48850002884864807,1,0.4560000132769346
10312,-0.033000011617938675,0.4922500252723694,6,0.4592500136544307
10353,-0.02625000663101673,0.49025002121925354,2,0.4640000145882368
10445,-0.025500007905066013,0.48900002241134644,1,0.4635000145062804
10447,-0.025500007905066013,0.48900002241134644,1,0.4635000145062804
10587,-0.025500007905066013,0.48900002241134644,1,0.4635000145062804
10612,-0.030500025488436222,0.5015000402927399,2,0.47100001480430365
10637,-0.025500007905066013,0.48900002241134644,1,0.4635000145062804
10642,-0.025500007905066013,0.48900002241134644,1,0.4635000145062804
10649,-0.030500025488436222,0.5015000402927399,3,0.47100001480430365
10656,-0.025500007905066013,0.48900002241134644,1,0.4635000145062804
10699,-0.028000016696751118,0.49525003135204315,2,0.46725001465529203
10702,-0.030500025488436222,0.5015000402927399,3,0.47100001480430365
10703,-0.025500007905066013,0.48900002241134644,1,0.4635000145062804
10708,-0.028000016696751118,0.49525003135204315,2,0.46725001465529203
10712,-0.030500025488436222,0.5015000402927399,1,0.47100001480430365
10739,-0.030500025488436222,0.5015000402927399,1,0.47100001480430365
10786,-0.030500025488436222,0.5015000402927399,2,0.47100001480430365
10791,-0.030500025488436222,0.5015000402927399,1,0.47100001480430365
10837,-0.025500007905066013,0.48900002241134644,2,0.4635000145062804
10840,-0.02625000337138772,0.4905000180006027,2,0.464250014629215
11168,-0.02575000748038292,0.4827500209212303,2,0.4570000134408474
11191,-0.019343929279595273,0.4658439428620037,2,0.44650001358240843
11218,-0.025000005960464478,0.48000001907348633,1,0.45500001311302185
11261,-0.02621429167421801,0.48989287763834,14,0.463678585964122
11288,-0.0260000117123127,0.4870000258088112,2,0.4610000140964985
11311,-0.02650000900030136,0.4855000227689743,1,0.45900001376867294
11328,-0.02650000900030136,0.4855000227689743,2,0.45900001376867294
11340,-0.02650000900030136,0.4855000227689743,1,0.45900001376867294
11545,-0.025000005960464478,0.48000001907348633,2,0.45500001311302185
11583,-0.025000005960464478,0.48000001907348633,2,0.45500001311302185
11693,-0.022500015795230865,0.47450003027915955,1,0.4520000144839287
11770,-0.013499999884516,0.49650001525878906,1,0.48300001537427306
11806,-0.024900009110569953,0.48040002286434175,10,0.4555000137537718
11857,-0.02050000987946987,0.4715000241994858,1,0.4510000143200159
11892,-0.025000005960464478,0.48000001907348633,1,0.45500001311302185
11937,-0.018000002950429916,0.46400001645088196,1,0.44600001350045204
11958,-0.020333341012398403,0.46900002161661786,3,0.44866668060421944
11962,-0.018000002950429916,0.46400001645088196,1,0.44600001350045204
12028,-0.018000002950429916,0.46400001645088196,1,0.44600001350045204
12044,-0.019791904722650393,0.4664585849990443,3,0.4466666802763939
12098,-0.015500001609325409,0.4935000166296959,2,0.4780000150203705
12214,-0.022500012069940567,0.47950002551078796,1,0.4570000134408474
12241,-0.02499999664723873,0.4830000102519989,2,0.45800001360476017
12257,-0.021412719683348725,0.47041273367553915,5,0.4490000139921904
12498,-0.021593935701995748,0.4710939497761425,4,0.44950001407414675
12626,-0.017500003334134817,0.4905000180006027,2,0.4730000146664679
12819,-0.019250005716457963,0.4897500202059746,2,0.4705000144895166
12923,-0.022500015795230865,0.47450003027915955,1,0.4520000144839287
12950,-0.022500015795230865,0.47450003027915955,1,0.4520000144839287
13056,-0.022500013932585716,0.47700002789497375,2,0.45450001396238804
13060,-0.022500013932585716,0.47700002789497375,2,0.45450001396238804
13080,-0.02150001097470522,0.47550002485513687,2,0.45400001388043165
13161,-0.022500012069940567,0.47950002551078796,1,0.4570000134408474
13240,-0.02150001097470522,0.47550002485513687,2,0.45400001388043165
13250,-0.02050000987946987,0.4715000241994858,2,0.4510000143200159
13257,-0.02150001283735037,0.47300002723932266,4,0.4515000144019723
13262,-0.02150001097470522,0.47550002485513687,2,0.45400001388043165
13281,-0.02050000987946987,0.4715000241994858,1,0.4510000143200159
13305,-0.02050000987946987,0.4715000241994858,1,0.4510000143200159
13316,-0.02050000987946987,0.4715000241994858,1,0.4510000143200159
13327,-0.02050000987946987,0.4715000241994858,1,0.4510000143200159
13353,-0.02050000987946987,0.4715000241994858,2,0.4510000143200159
13451,-0.012000033631920815,0.5100000500679016,1,0.4980000164359808
13492,-0.013499999884516,0.49650001525878906,1,0.48300001537427306
13493,-0.013499999884516,0.49650001525878906,1,0.48300001537427306
13687,-0.022600003331899644,0.4790000170469284,5,0.45640001371502875
13699,-0.017500003334134817,0.4905000180006027,1,0.4730000146664679
13793,-0.02499999664723873,0.4830000102519989,2,0.45800001360476017
13920,-0.02125000674277544,0.4787500202655792,2,0.4575000135228038
13933,-0.017500003334134817,0.4905000180006027,1,0.4730000146664679
13983,-0.005499996244907379,0.5315000116825104,1,0.526000015437603
14012,-0.01750001683831215,0.47450003027915955,1,0.4570000134408474
14013,-0.02125000674277544,0.4787500202655792,2,0.4575000135228038
14017,-0.017500003334134817,0.4905000180006027,2,0.4730000146664679
14141,-0.02125000674277544,0.4787500202655792,2,0.4575000135228038
14149,-0.02499999664723873,0.4830000102519989,1,0.45800001360476017
14204,-0.01983333984389901,0.4895000209410985,3,0.4696666810971995
14231,-0.01750001683831215,0.47450003027915955,1,0.4570000134408474
14235,-0.013499999884516,0.49650001525878906,2,0.48300001537427306
14239,-0.013499999884516,0.49650001525878906,1,0.48300001537427306
14394,-0.017500003334134817,0.4905000180006027,2,0.4730000146664679
14395,-0.017500003334134817,0.4905000180006027,1,0.4730000146664679
14401,-0.01750001683831215,0.47450003027915955,1,0.4570000134408474
14426,-0.017500003334134817,0.4905000180006027,1,0.4730000146664679
14487,-0.016166668850928545,0.49250001708666485,3,0.4763333482357363
14502,-0.017500003334134817,0.4905000180006027,1,0.4730000146664679
14537,-0.019250005716457963,0.4897500202059746,2,0.4705000144895166
14538,-0.01925001246854663,0.481750026345253,2,0.46250001387670636
14552,-0.017500003334134817,0.4905000180006027,1,0.4730000146664679
14563,-0.017500003334134817,0.4905000180006027,1,0.4730000146664679
14578,-0.02100000809878111,0.48900002241134644,1,0.4680000143125653
14620,-0.013499999884516,0.49650001525878906,1,0.48300001537427306
14627,-0.017500003334134817,0.4905000180006027,2,0.4730000146664679
14636,-0.017500003334134817,0.4905000180006027,2,0.4730000146664679
14654,-0.013499999884516,0.49650001525878906,1,0.48300001537427306
14658,-0.017500003334134817,0.4905000180006027,2,0.4730000146664679
14663,-0.017500003334134817,0.4905000180006027,2,0.4730000146664679
14670,-0.017500003334134817,0.4905000180006027,1,0.4730000146664679
14672,-0.02100000809878111,0.48900002241134644,1,0.4680000143125653
14673,-0.01500000525265932,0.5467500239610672,4,0.5317500187084079
14679,-0.02100000809878111,0.48900002241134644,2,0.4680000143125653
14691,-0.019250005716457963,0.4897500202059746,2,0.4705000144895166
14705,-0.017500003334134817,0.4905000180006027,1,0.4730000146664679
14711,-0.017500003334134817,0.4905000180006027,2,0.4730000146664679
14726,-0.017500003334134817,0.4905000180006027,2,0.4730000146664679
14729,-0.02100000809878111,0.48900002241134644,2,0.4680000143125653
14733,-0.013499999884516,0.49650001525878906,1,0.48300001537427306
14740,-0.017500003334134817,0.4905000180006027,1,0.4730000146664679
14753,-0.009000019170343876,0.5065000355243683,1,0.4975000163540244
14760,-0.015000002575106919,0.49400001764297485,2,0.47900001506786793
14767,-0.010000035166740417,0.5840000510215759,1,0.5740000158548355
14812,-0.013499999884516,0.49650001525878906,2,0.48300001537427306
14813,-0.013499999884516,0.49650001525878906,2,0.48300001537427306
14821,-0.017500003334134817,0.4905000180006027,1,0.4730000146664679
14879,-0.016166668850928545,0.49250001708666485,3,0.4763333482357363
14883,-0.012750016758218408,0.5032500326633453,2,0.49050001590512693
14924,-0.013499999884516,0.49650001525878906,1,0.48300001537427306
15045,-0.010000009555369616,0.5142500251531601,2,0.5042500155977905
15112,-0.007750009186565876,0.4582500234246254,2,0.4505000142380595
15163,-0.014250008389353752,0.5235000252723694,2,0.5092500168830156
15343,-0.010250024497509003,0.5637500435113907,2,0.5535000190138817
15351,-0.013500027358531952,0.5565000474452972,1,0.5430000200867653
15368,-0.007500021159648896,0.5848000407218933,5,0.5773000195622444
15527,-0.00783335417509079,0.5940000414848328,3,0.586166687309742
15547,-0.006000019609928131,0.5940000414848328,2,0.5880000218749046
15551,-0.007000023499131203,0.5915000438690186,4,0.5845000203698874
15564,-0.010000035166740417,0.5840000510215759,1,0.5740000158548355
15577,-0.0068333496650060015,0.5790000359217325,3,0.5721666862567265
15579,-0.010000035166740417,0.5840000510215759,1,0.5740000158548355
15598,-0.009499996900558472,0.5360000133514404,2,0.526500016450882
15602,-0.009333337657153606,0.526166687409083,3,0.5168333497519294
15626,-0.010000035166740417,0.5840000510215759,1,0.5740000158548355
15673,-0.005499996244907379,0.5315000116825104,1,0.526000015437603
15708,-0.007250014692544937,0.5715000331401825,2,0.5642500184476376
15732,-0.010000009555369616,0.5142500251531601,2,0.5042500155977905
15735,-0.010500014759600163,0.46300002932548523,1,0.45250001456588507
15761,-0.009499997831881046,0.4620000123977661,1,0.45250001456588507
15773,-0.004499994218349457,0.5590000152587891,2,0.5545000210404396
15786,-0.004499994218349457,0.5590000152587891,2,0.5545000210404396
15808,-0.004499994218349457,0.5590000152587891,2,0.5545000210404396
15818,-0.004499994218349457,0.5590000152587891,2,0.5545000210404396
15827,-0.004499994218349457,0.5590000152587891,1,0.5545000210404396
15885,-0.004499994218349457,0.5590000152587891,2,0.5545000210404396
15897,-0.009000019170343876,0.5065000355243683,2,0.4975000163540244
15940,-0.011000017635524273,0.4790000319480896,2,0.4680000143125653
15993,-0.005499996244907379,0.5315000116825104,2,0.526000015437603
16050,-0.005499996244907379,0.5315000116825104,2,0.526000015437603
16092,-0.005499996244907379,0.5315000116825104,1,0.526000015437603
16130,-0.006749995052814484,0.5407500118017197,2,0.5340000167489052
16133,-0.005916662514209747,0.5345833450555801,6,0.5286666825413704
16139,-0.006749995052814484,0.5407500118017197,2,0.5340000167489052
16166,-0.009333337657153606,0.526166687409083,3,0.5168333497519294
16224,-0.013000010105315596,0.4865000247955322,4,0.47350001469021663
16280,-0.013000010105315596,0.4865000247955322,2,0.47350001469021663
16281,-0.011000017635524273,0.4790000319480896,1,0.4680000143125653
16297,-0.009499997831881046,0.4620000123977661,1,0.45250001456588507
16307,-0.010500014759600163,0.46300002932548523,2,0.45250001456588507
16309,-0.010500014759600163,0.46300002932548523,1,0.45250001456588507
16410,-0.010500014759600163,0.46300002932548523,1,0.45250001456588507
16415,-0.009499997831881046,0.4620000123977661,1,0.45250001456588507
16416,-0.004700006917119026,0.4537000209093094,5,0.44900001399219036
16425,-0.005750007461756468,0.4555000215768814,2,0.44975001411512494
16488,-0.009499997831881046,0.4620000123977661,1,0.45250001456588507
16491,-0.008250006940215826,0.46250002086162567,2,0.45425001392140985
16496,-0.010500014759600163,0.46300002932548523,2,0.45250001456588507
16511,-0.015000002575106919,0.49400001764297485,1,0.47900001506786793
16589,-0.008852944024564588,0.5221764901105095,17,0.5133235460859449
16630,-0.015000002575106919,0.49400001764297485,1,0.47900001506786793
16636,-0.014500003308057785,0.4755000174045563,2,0.4610000140964985
16653,-0.013333341417213282,0.4766666889190674,3,0.4633333475018541
16661,-0.009499997831881046,0.4620000123977661,1,0.45250001456588507
16662,-0.009499997831881046,0.4620000123977661,1,0.45250001456588507
16663,-0.014500003308057785,0.4755000174045563,2,0.4610000140964985
16664,-0.014500003308057785,0.4755000174045563,1,0.4610000140964985
16665,-0.009499997831881046,0.4620000123977661,1,0.45250001456588507
16668,-0.010500014759600163,0.46300002932548523,1,0.45250001456588507
16678,-0.009499997831881046,0.4620000123977661,1,0.45250001456588507
16685,-0.014500003308057785,0.4755000174045563,1,0.4610000140964985
16687,-0.009499997831881046,0.4620000123977661,1,0.45250001456588507
16695,-0.015000002575106919,0.49400001764297485,1,0.47900001506786793
16716,-0.015000002575106919,0.49400001764297485,2,0.47900001506786793
16736,-0.015000002575106919,0.49400001764297485,1,0.47900001506786793
16753,-0.011000017635524273,0.4790000319480896,2,0.4680000143125653
16759,-0.011000017635524273,0.4790000319480896,1,0.4680000143125653
16768,-0.009499997831881046,0.4620000123977661,1,0.45250001456588507
16780,-0.011250007664784789,0.4658750221133232,4,0.4546250144485384
16783,-0.011000017635524273,0.4790000319480896,2,0.4680000143125653
16808,-0.01016667578369379,0.46266669034957886,3,0.45250001456588507
16812,-0.014500003308057785,0.4755000174045563,1,0.4610000140964985
16825,-0.011000017635524273,0.4790000319480896,2,0.4680000143125653
16839,-0.009499997831881046,0.4620000123977661,1,0.45250001456588507
16846,-0.011000017635524273,0.4790000319480896,1,0.4680000143125653
16848,-0.011000017635524273,0.4790000319480896,1,0.4680000143125653
16850,-0.009499997831881046,0.4620000123977661,1,0.45250001456588507
16855,-0.009499997831881046,0.4620000123977661,1,0.45250001456588507
16856,-0.009499997831881046,0.4620000123977661,1,0.45250001456588507
16857,-0.009499997831881046,0.4620000123977661,1,0.45250001456588507
16860,-0.012750010471791029,0.47725002467632294,2,0.4645000142045319
16874,-0.009499997831881046,0.4620000123977661,1,0.45250001456588507
16881,-0.009499997831881046,0.4620000123977661,1,0.45250001456588507
16886,-0.012750010471791029,0.47725002467632294,2,0.4645000142045319
16908,-0.009499997831881046,0.4620000123977661,1,0.45250001456588507
16920,-0.009499997831881046,0.4620000123977661,1,0.45250001456588507
16923,-0.009499997831881046,0.4620000123977661,1,0.45250001456588507
16927,-0.009499997831881046,0.4620000123977661,1,0.45250001456588507
16928,-0.009499997831881046,0.4620000123977661,1,0.45250001456588507
16929,-0.009499997831881046,0.4620000123977661,1,0.45250001456588507
16936,-0.009499997831881046,0.4620000123977661,1,0.45250001456588507
16943,-0.009499997831881046,0.4620000123977661,1,0.45250001456588507
16947,-0.014500003308057785,0.4755000174045563,1,0.4610000140964985
16950,-0.014500003308057785,0.4755000174045563,2,0.4610000140964985
16951,-0.009499997831881046,0.4620000123977661,1,0.45250001456588507
16952,-0.014500003308057785,0.4755000174045563,1,0.4610000140964985
16954,-0.009499997831881046,0.4620000123977661,1,0.45250001456588507
16957,-0.012833334815998873,0.4710000157356262,3,0.45816668091962737
16960,-0.009499997831881046,0.4620000123977661,1,0.45250001456588507
16969,-0.014500003308057785,0.4755000174045563,2,0.4610000140964985
16970,-0.009499997831881046,0.4620000123977661,1,0.45250001456588507
16974,-0.009499997831881046,0.4620000123977661,1,0.45250001456588507
16976,-0.009499997831881046,0.4620000123977661,1,0.45250001456588507
16977,-0.012000000569969416,0.4687500149011612,2,0.4567500143311918
16978,-0.014500003308057785,0.4755000174045563,2,0.4610000140964985
16981,-0.009499997831881046,0.4620000123977661,1,0.45250001456588507
16984,-0.009499997831881046,0.4620000123977661,1,0.45250001456588507
16985,-0.009499997831881046,0.4620000123977661,1,0.45250001456588507
16986,-0.012833334815998873,0.4710000157356262,3,0.45816668091962737
16989,-0.014500003308057785,0.4755000174045563,1,0.4610000140964985
16990,-0.009499997831881046,0.4620000123977661,1,0.45250001456588507
16992,-0.009499997831881046,0.4620000123977661,1,0.45250001456588507
16995,-0.014500003308057785,0.4755000174045563,1,0.4610000140964985
16996,-0.009499997831881046,0.4620000123977661,1,0.45250001456588507
17017,-0.012000000569969416,0.4687500149011612,2,0.4567500143311918
17018,-0.012000000569969416,0.4687500149011612,2,0.4567500143311918
17023,-0.014500003308057785,0.4755000174045563,2,0.4610000140964985
17025,-0.009499997831881046,0.4620000123977661,1,0.45250001456588507
17027,-0.009499997831881046,0.4620000123977661,1,0.45250001456588507
17030,-0.008000005967915058,0.46025002002716064,4,0.4522500140592456
17033,-0.014500003308057785,0.4755000174045563,2,0.4610000140964985
17036,-0.012833334815998873,0.4710000157356262,3,0.45816668091962737
17039,-0.014500003308057785,0.4755000174045563,2,0.4610000140964985
17054,-0.007500008679926395,0.4596666892369588,3,0.4521666805570324
17055,-0.0059999991208314896,0.4620000123977661,1,0.4560000132769346
17060,-0.010500014759600163,0.46300002932548523,2,0.45250001456588507
17064,-0.010500014759600163,0.46300002932548523,2,0.45250001456588507
17090,-0.006000012159347534,0.4540000259876251,1,0.4480000138282776
17091,-0.007500008679926395,0.4596666892369588,3,0.4521666805570324
17092,-0.006000012159347534,0.4540000259876251,1,0.4480000138282776
17093,-0.006000012159347534,0.4540000259876251,1,0.4480000138282776
17094,-0.006000012159347534,0.4540000259876251,1,0.4480000138282776
17096,-0.006000012159347534,0.4540000259876251,1,0.4480000138282776
17099,-0.006000012159347534,0.4540000259876251,1,0.4480000138282776
17100,-0.006000012159347534,0.4540000259876251,1,0.4480000138282776
17102,-0.006000012159347534,0.4540000259876251,1,0.4480000138282776
17104,-0.006000012159347534,0.4540000259876251,2,0.4480000138282776
17105,-0.006000012159347534,0.4540000259876251,2,0.4480000138282776
17107,-0.007125012809410691,0.45625002682209015,4,0.44912501401267946
17111,-0.006875010672956705,0.45612502470612526,4,0.44925001403316855
17115,-0.006000012159347534,0.4540000259876251,2,0.4480000138282776
17116,-0.004375005606561899,0.45362501963973045,4,0.44925001403316855
17118,-0.0030000037513673306,0.4517500177025795,2,0.44875001395121217
17119,-0.003999998793005943,0.45500001311302185,1,0.4510000143200159
17121,-0.040500018978491426,0.5205000340938568,1,0.4800000151153654
17122,-0.03800000995397568,0.4935000240802765,2,0.4555000141263008
17279,0.03566665155813098,0.4413333634535472,3,0.47700001501167816
17297,0.03349998593330383,0.44450002908706665,2,0.4780000150203705
26481,-0.034249764927197224,0.48500002920627594,1,0.4507502642790787
26505,-0.03200000710785389,0.4775000214576721,1,0.44550001434981823
26518,-0.034249764927197224,0.48500002920627594,1,0.4507502642790787
26565,-0.034249764927197224,0.48500002920627594,1,0.4507502642790787
26654,-0.03274992638096833,0.48000002404054004,3,0.4472500976595717
26765,-0.03406244541157502,0.4815000221133232,4,0.4474375767017482
26770,-0.034249764927197224,0.48500002920627594,1,0.4507502642790787
27118,-0.034249764927197224,0.48500002920627594,1,0.4507502642790787
27130,-0.034249764927197224,0.48500002920627594,1,0.4507502642790787
27162,-0.034249764927197224,0.48500002920627594,1,0.4507502642790787
27176,-0.034249764927197224,0.48500002920627594,1,0.4507502642790787
27180,-0.034249764927197224,0.48500002920627594,1,0.4507502642790787
27198,-0.034249764927197224,0.48500002920627594,1,0.4507502642790787
27214,-0.034249764927197224,0.48500002920627594,1,0.4507502642790787
27215,-0.034249764927197224,0.48500002920627594,1,0.4507502642790787
27222,-0.034000005573034286,0.480333353082339,3,0.4463333475093047
27252,-0.034249764927197224,0.48500002920627594,1,0.4507502642790787
27258,-0.034249764927197224,0.48500002920627594,1,0.4507502642790787
27289,-0.035000004805624485,0.4817500188946724,2,0.4467500140890479
27325,-0.03200000710785389,0.4775000214576721,2,0.44550001434981823
27355,-0.03200000710785389,0.4775000214576721,1,0.44550001434981823
27360,-0.03200000710785389,0.4775000214576721,1,0.44550001434981823
27364,-0.03200000710785389,0.4775000214576721,1,0.44550001434981823
27413,-0.03800000250339508,0.48600001633167267,1,0.4480000138282776
27427,-0.03200000710785389,0.4775000214576721,2,0.44550001434981823
27523,-0.03200000710785389,0.4775000214576721,1,0.44550001434981823
27559,-0.03200000710785389,0.4775000214576721,1,0.44550001434981823
27594,-0.03200000710785389,0.4775000214576721,1,0.44550001434981823
27596,-0.03200000710785389,0.4775000214576721,1,0.44550001434981823
27619,-0.03200000710785389,0.4775000214576721,1,0.44550001434981823
27626,-0.03200000710785389,0.4775000214576721,1,0.44550001434981823
27630,-0.035000004805624485,0.4817500188946724,2,0.4467500140890479
27656,-0.03200000710785389,0.4775000214576721,1,0.44550001434981823
27672,-0.03200000710785389,0.4775000214576721,1,0.44550001434981823
27900,-0.03800000250339508,0.48600001633167267,1,0.4480000138282776
27956,-0.035000004805624485,0.4817500188946724,2,0.4467500140890479
28027,-0.03312488601752556,0.48125002533197403,10,0.4481251393144485
28048,-0.03320000618696213,0.47920002043247223,5,0.4460000142455101
28054,-0.042750030755996704,0.5057500451803207,2,0.46300001442432404
28055,-0.04100003279745579,0.5010000467300415,1,0.4600000139325857
28056,-0.042250013910233974,0.5047500282526016,2,0.46250001434236765
28062,-0.04100003279745579,0.5010000467300415,2,0.4600000139325857
28064,-0.042750030755996704,0.5057500451803207,2,0.46300001442432404
28069,-0.04450000170618296,0.5080000162124634,4,0.4635000145062804
28083,-0.04187502502463758,0.502750039100647,4,0.4608750140760094
28106,-0.04100003279745579,0.5010000467300415,1,0.4600000139325857
28120,-0.017809553451836047,-0.4501904711052776,2,-0.46800002455711365
28128,0.06750000268220901,0.2875000089406967,1,0.35500001162290573
28130,0.4025000147521496,-0.021000001579523087,1,0.3815000131726265
28131,0.054000020027160645,0.5550000071525574,1,0.609000027179718
28139,0.040142854542604516,-0.10900000496102231,7,-0.0688571504184178
28140,0.21750000305473804,-0.029000001028180122,1,0.18850000202655792
28141,0.23407469301362122,0.010103884478924565,14,0.2441785774925458
28145,0.029499977827072144,-0.07600000500679016,1,-0.04650002717971802
28155,0.08300000429153442,0.2460000067949295,1,0.32900001108646393
28161,-0.018000006675720215,-0.4180000126361847,2,-0.4360000193119049
28163,0.041999995708465576,0.06000000238418579,2,0.10199999809265137
28178,0.07850000262260437,0.2745000123977661,1,0.3530000150203705
28181,0.07599999755620956,0.276000015437603,2,0.35200001299381256
28203,-0.0367574077109616,0.47933808186111915,93,0.44258067415015756
28210,0.07349999248981476,0.2775000184774399,1,0.35100001096725464
28263,0.09600000083446503,0.15000000596046448,1,0.2460000067949295
28267,0.09600000083446503,0.15000000596046448,1,0.2460000067949295
28315,0.07850000262260437,0.2745000123977661,1,0.3530000150203705
28333,0.06300000660121441,0.44600000977516174,1,0.5090000163763762
28334,1.0200000330805779,-0.6805000305175781,1,0.3395000025629997
28335,0.1210000067949295,0.21400000154972076,2,0.33500000834465027
28337,0.03999997675418854,0.5290000438690186,1,0.5690000206232071
28338,0.2177734707221386,-0.3307734762057659,1,-0.11300000548362732
28374,0.21250000223517418,-0.017000000923871994,1,0.19550000131130219
28375,0.15450000017881393,0.25850000977516174,1,0.4130000099539757
28376,0.051083333479861416,0.4765833516915639,6,0.5276666851714253
28377,0.21250000223517418,-0.017000000923871994,1,0.19550000131130219
28378,0.21250000223517418,-0.017000000923871994,1,0.19550000131130219
28379,0.03599998727440834,0.46300002932548523,1,0.49900001659989357
28380,0.05719043178930883,0.1288095577202737,1,0.18599998950958252
28381,0.0796700597002038,0.2209728010870516,7,0.30064286078725544
28383,0.085999995470047,0.3135000169277191,1,0.3995000123977661
28384,0.10850000381469727,0.17800000309944153,1,0.2865000069141388
28385,0.03999997675418854,0.5290000438690186,1,0.5690000206232071
28386,0.03300000727176666,0.49000000953674316,1,0.5230000168085098
28387,0.03749999403953552,0.25050000846385956,1,0.2880000025033951
28388,0.04549998790025711,0.1055000051856041,1,0.1509999930858612
28389,0.32127215334176995,0.16022786178663395,1,0.4815000151284039
28391,0.03300000727176666,0.49000000953674316,1,0.5230000168085098
28392,0.03999997675418854,0.5290000438690186,1,0.5690000206232071
28396,0.08850000239908695,0.033250002190470695,2,0.12175000458955765
28397,0.03999997675418854,0.5290000438690186,1,0.5690000206232071
28398,0.10250002890825272,-0.22150001674890518,1,-0.11899998784065247
28399,0.055999998934566975,0.021500001661479473,1,0.07750000059604645
28402,0.055750004947185516,0.38225001096725464,2,0.43800001591444016
28405,0.12199999392032623,0.1720000058412552,1,0.2939999997615814
28408,0.029499977827072144,-0.07600000500679016,1,-0.04650002717971802
28412,0.013999998569488525,-0.18450000882148743,1,-0.1705000102519989
28414,0.0950000025331974,-0.039500001817941666,1,0.05550000071525574
28415,0.07850000262260437,0.2745000123977661,1,0.3530000150203705
28418,0.05100000649690628,0.1080000028014183,1,0.15900000929832458
28422,0.0034999847412109375,-0.23100000619888306,1,-0.22750002145767212
28424,0.05525025393813854,0.1055000051856041,1,0.16075025912374263
28425,0.0076536457693034965,-0.19747184515459973,11,-0.18981819938529623
28430,0.07424991784654567,0.005000000121071935,1,0.0792499179676176
28472,0.09600000083446503,0.15000000596046448,1,0.2460000067949295
28488,0.0010000169277191162,-0.3595000207424164,1,-0.35850000381469727
28490,0.07899999618530273,0.15800000727176666,1,0.2370000034570694
28495,0.03899998962879181,0.10250000655651093,1,0.14149999618530273
28516,0.07349999248981476,0.2775000184774399,1,0.35100001096725464
28530,0.07850000262260437,0.2745000123977661,1,0.3530000150203705
28544,-0.04900001734495163,-0.20150000602006912,2,-0.25050002336502075
28587,0.02724999189376831,0.026000000536441803,2,0.053249992430210114
28590,0.05549998953938484,0.09550000354647636,1,0.1509999930858612
28597,0.03950000461190939,0.02950000111013651,1,0.0690000057220459
28608,0.05249999463558197,0.265500009059906,2,0.318000003695488
28618,0.009500004351139069,-0.0950000062584877,1,-0.08550000190734863
28636,0.03149998188018799,0.04150000214576721,1,0.0729999840259552
28642,0.07850000262260437,0.2745000123977661,1,0.3530000150203705
28649,-0.015250027179718018,-0.4385000169277191,2,-0.45375004410743713
28653,-0.0018453597694635948,-0.28115466240346426,2,-0.28300002217292786
28691,-0.017809553451836047,-0.4501904711052776,2,-0.46800002455711365
28693,0.04999999180436134,0.08300000354647637,5,0.1329999953508377
28737,-0.030500024557113647,-0.242000013589859,1,-0.27250003814697266
28746,-0.018000006675720215,-0.4180000126361847,2,-0.4360000193119049
28806,-0.04800000786781311,0.33900001645088196,3,0.29100000858306885
28842,0.06149999238550663,0.40800002217292786,1,0.4695000145584345
28907,0.07599999755620956,0.276000015437603,2,0.35200001299381256
28933,0.07850000262260437,0.2745000123977661,1,0.3530000150203705
28950,0.07850000262260437,0.2745000123977661,1,0.3530000150203705
28966,0.05931248982960824,0.3878750242292881,8,0.44718751405889634
28975,0.08391674621527395,0.17966667314370474,6,0.26358341935897867
28977,0.07899999618530273,0.17800000309944153,1,0.25699999928474426
29012,0.0711563435974531,0.29512501135468483,8,0.3662813549521379
29045,0.06750000081956387,0.39250001311302185,1,0.4600000139325857
29058,0.06750000268220901,0.2875000089406967,1,0.35500001162290573
29103,0.06975024979189043,0.3370000123977661,1,0.40675026218965654
29115,0.07192856818437576,0.230928578547069,7,0.30285714673144476
29121,0.06522726741704074,0.4195000204173001,11,0.4847272878343408
29122,-0.026000022888183594,-0.5365000069141388,2,-0.5625000298023224
29128,0.06750000081956387,0.39250001311302185,1,0.4600000139325857
29182,0.06750000268220901,0.2875000089406967,1,0.35500001162290573
29187,-0.0415678179227389,-0.3755091388445634,13,-0.4170769567673023
29208,0.06149999238550663,0.40800002217292786,1,0.4695000145584345
29284,-0.03619069246053708,-0.5378093382954596,2,-0.5740000307559967
29337,-0.06917308098994769,0.6304038682809243,26,0.5612307872909766
29381,0.09600000083446503,0.15000000596046448,1,0.2460000067949295
29399,-0.03949999809265137,-0.4245000183582306,1,-0.46400001645088196
29452,-0.05150000751018524,0.3865000158548355,1,0.33500000834465027
29472,0.0689999908208847,0.2410000115633011,1,0.3100000023841858
29588,0.09600000083446503,0.15000000596046448,1,0.2460000067949295
29589,0.09600000083446503,0.15000000596046448,1,0.2460000067949295
29621,0.07899999618530273,0.17800000309944153,1,0.25699999928474426
29653,-0.043500036001205444,-0.42650002241134644,1,-0.4700000584125519
29660,-0.04000001400709152,-0.32212501764297485,4,-0.3621250316500664
29668,-0.04500001668930054,-0.3110000193119049,1,-0.35600003600120544
29675,0.07899999618530273,0.17800000309944153,1,0.25699999928474426
29812,0.0767502416260541,0.2110000103712082,1,0.2877502519972623
29864,-0.041600017622113225,0.36210002452135087,20,0.32050000689923763
29933,-0.04900001734495163,-0.20150000602006912,1,-0.25050002336502075
29943,-0.04650001724561056,-0.2808333436648051,3,-0.32733336091041565
29952,-0.031500011682510376,0.2695000171661377,1,0.23800000548362732
30002,0.08958341443166139,0.17033334076404572,6,0.2599167551957071
30023,0.09600000083446503,0.15000000596046448,1,0.2460000067949295
30031,0.0767502416260541,0.2110000103712082,2,0.2877502519972623
30038,0.08239999413490295,0.23320001363754272,5,0.3156000077724457
30140,0.07878585342583914,0.21085715081010545,7,0.2896430042359446
30145,0.09600000083446503,0.15000000596046448,1,0.2460000067949295
30188,0.09600000083446503,0.15000000596046448,1,0.2460000067949295
30195,0.09600000083446503,0.15000000596046448,1,0.2460000067949295
30208,0.09600000083446503,0.15000000596046448,1,0.2460000067949295
30234,0.0860000029206276,0.2460000067949295,2,0.3320000097155571
30266,0.08399999141693115,0.20600001513957977,2,0.2900000065565109
30270,0.09600000083446503,0.15000000596046448,1,0.2460000067949295
30303,0.08379999399185181,0.21400001347064973,5,0.29780000746250157
30362,-0.05150000751018524,0.3865000158548355,1,0.33500000834465027
30436,0.08900000154972076,0.2460000067949295,1,0.33500000834465027
30494,-0.04800000786781311,0.33900001645088196,1,0.29100000858306885
30520,0.07199998199939728,0.26200002431869507,1,0.33400000631809235
30523,-0.05300001303354899,0.3630000154177348,3,0.3100000023841858
30540,-0.04900000989437103,0.2980000078678131,1,0.24899999797344208
30542,-0.048666675885518394,0.31166667739550274,3,0.26300000150998437
30567,0.07199998199939728,0.26200002431869507,1,0.33400000631809235
30585,0.07199998199939728,0.26200002431869507,2,0.33400000631809235
30618,0.07199998199939728,0.26200002431869507,2,0.33400000631809235
30665,0.07199998199939728,0.26200002431869507,2,0.33400000631809235
30672,0.08900000154972076,0.2460000067949295,1,0.33500000834465027
30674,-0.04900000989437103,0.2980000078678131,2,0.24899999797344208
30682,0.08150000125169754,0.2175000086426735,1,0.29900000989437103
30683,0.08150000125169754,0.2175000086426735,1,0.29900000989437103
30689,0.08150000125169754,0.2175000086426735,1,0.29900000989437103
30701,-0.04761529958993201,-0.24905139211068547,6,-0.2966666917006175
30703,0.0860000029206276,0.2460000067949295,2,0.3320000097155571
30730,0.07749999314546585,0.2540000155568123,2,0.33150000870227814
30755,0.07199998199939728,0.26200002431869507,1,0.33400000631809235
30756,0.08300000429153442,0.2460000067949295,1,0.32900001108646393
30780,0.07512499578297138,0.24125001206994057,4,0.31637500785291195
30821,0.08300000429153442,0.2460000067949295,1,0.32900001108646393
30836,0.08300000429153442,0.2460000067949295,1,0.32900001108646393
30848,-0.05150000751018524,0.3865000158548355,2,0.33500000834465027
30850,-0.06787501648068428,0.6993750408291817,4,0.6315000243484974
30899,0.08800001442432404,0.2639999985694885,1,0.35200001299381256
30933,0.0860000029206276,0.2460000067949295,2,0.3320000097155571
31072,0.08300000429153442,0.2460000067949295,1,0.32900001108646393
31082,0.08900000154972076,0.2460000067949295,1,0.33500000834465027
31096,0.08900000154972076,0.2460000067949295,1,0.33500000834465027
31116,0.08300000429153442,0.2460000067949295,1,0.32900001108646393
31141,0.06866666426261266,0.3149166802565257,6,0.38358334451913834
31159,0.08800001442432404,0.2639999985694885,1,0.35200001299381256
31162,0.08866667250792186,0.25200000405311584,3,0.3406666765610377
31193,0.0860000029206276,0.2460000067949295,2,0.3320000097155571
31196,0.0885000079870224,0.255000002682209,2,0.3435000106692314
31207,-0.052333357433478035,0.4786667029062907,9,0.42633334547281265
31248,-0.055500020971521735,0.46400003135204315,4,0.4085000103805214
31264,0.08800001442432404,0.2639999985694885,1,0.35200001299381256
31270,-0.05625002225860953,0.5387500375509262,4,0.4825000152923167
31274,0.08800001442432404,0.2639999985694885,1,0.35200001299381256
31291,-0.049500010907649994,0.3355000168085098,2,0.28600000590085983
31307,-0.05500002205371857,0.42600002884864807,1,0.3710000067949295
31380,-0.044000014662742615,0.3060000240802765,1,0.2620000094175339
31396,0.08900000154972076,0.2460000067949295,1,0.33500000834465027
31483,0.08300000429153442,0.2460000067949295,2,0.32900001108646393
31490,-0.06400001049041748,0.445000022649765,1,0.38100001215934753
31493,-0.0710422596006439,0.6921961277623588,13,0.6211538681617149
31530,-0.05500001708666483,0.4056666890780131,3,0.35066667199134827
31533,0.0885000079870224,0.255000002682209,2,0.3435000106692314
31535,-0.05500002205371857,0.42600002884864807,1,0.3710000067949295
31544,-0.046500012278556824,0.33283335467179614,3,0.2863333423932393
31554,0.07749999314546585,0.2540000155568123,8,0.33150000870227814
31611,0.08866667250792186,0.25200000405311584,3,0.3406666765610377
31619,0.0885000079870224,0.255000002682209,2,0.3435000106692314
31637,0.07499999925494194,0.28325001150369644,4,0.3582500107586384
31686,-0.062000006437301636,0.5630000233650208,1,0.5010000169277191
31731,-0.05150000751018524,0.3865000158548355,1,0.33500000834465027
31742,-0.05325000733137131,0.37575001269578934,2,0.32250000536441803
31747,-0.05150000751018524,0.3865000158548355,1,0.33500000834465027
31774,-0.061999984085559845,0.6110000014305115,1,0.5490000173449516
31779,-0.04775001108646393,0.346250019967556,2,0.29850000888109207
31787,-0.06099999137222767,0.6068750098347664,4,0.5458750184625387
31801,-0.058500006794929504,0.46400001645088196,4,0.40550000965595245
31818,-0.05150000751018524,0.3865000158548355,2,0.33500000834465027
31826,-0.05150000751018524,0.3865000158548355,3,0.33500000834465027
31839,-0.05150000751018524,0.3865000158548355,2,0.33500000834465027
31842,-0.06199999898672104,0.5790000160535177,3,0.5170000170667967
31913,-0.05933333436648051,0.44566668073336285,3,0.3863333463668823
31937,-0.05150000751018524,0.3865000158548355,1,0.33500000834465027
31978,-0.05150000751018524,0.3865000158548355,2,0.33500000834465027
32092,-0.06400001049041748,0.445000022649765,1,0.38100001215934753
32130,-0.06400001049041748,0.445000022649765,1,0.38100001215934753
32136,-0.07118309731930483,0.7141831188961862,1,0.6430000215768814
32137,-0.05425000190734863,0.4162500128149986,2,0.36200001090765
32154,-0.05425000190734863,0.4162500128149986,2,0.36200001090765
32193,-0.07118309731930483,0.7141831188961862,1,0.6430000215768814
32202,-0.05333333710829417,0.4063333471616109,3,0.3530000100533167
32305,-0.06050000339746475,0.4455000162124634,2,0.3850000128149986
32422,-0.06400001049041748,0.445000022649765,1,0.38100001215934753
32519,-0.06400001049041748,0.445000022649765,1,0.38100001215934753
32580,-0.06400001049041748,0.445000022649765,1,0.38100001215934753
32622,-0.06400001049041748,0.445000022649765,1,0.38100001215934753
32635,-0.06400001049041748,0.445000022649765,1,0.38100001215934753
32638,-0.06400001049041748,0.445000022649765,1,0.38100001215934753
32663,-0.07200001925230026,0.6730000376701355,1,0.6010000184178352
32673,-0.07400001585483551,0.7010000348091125,1,0.627000018954277
32714,-0.07050000876188278,0.6575000286102295,1,0.5870000198483467
32757,-0.06945473338259116,0.7138833271543895,7,0.6444285937717984
32758,-0.06400001049041748,0.445000022649765,1,0.38100001215934753
32852,-0.07100003957748413,0.7220000624656677,1,0.6510000228881836
32886,-0.06400001049041748,0.445000022649765,1,0.38100001215934753
32932,-0.07080003321170807,0.7216000556945801,5,0.650800022482872
32933,-0.06400001049041748,0.445000022649765,1,0.38100001215934753
33000,-0.0735915548883378,0.7203415766142308,2,0.646750021725893
33006,-0.07600001245737076,0.7265000343322754,1,0.6505000218749046
33009,-0.07200002670288086,0.7000000476837158,1,0.628000020980835
33013,-0.07000002264976501,0.6770000457763672,1,0.6070000231266022
33018,-0.06400001049041748,0.445000022649765,1,0.38100001215934753
33025,-0.06400001049041748,0.445000022649765,1,0.38100001215934753
33043,-0.06400001049041748,0.445000022649765,1,0.38100001215934753
33046,-0.07055231310256886,0.7156237653200116,7,0.6450714522174428
33051,-0.07200001925230026,0.6730000376701355,1,0.6010000184178352
33074,-0.06400001049041748,0.445000022649765,1,0.38100001215934753
33087,-0.06400001049041748,0.445000022649765,1,0.38100001215934753
33126,-0.06400001049041748,0.445000022649765,1,0.38100001215934753
33136,-0.07137501612305641,0.6818750351667404,4,0.610500019043684
33153,-0.07000000774860382,0.7200000286102295,2,0.6500000208616257
33163,-0.0715000182390213,0.6985000371932983,1,0.627000018954277
33166,-0.06400001049041748,0.445000022649765,1,0.38100001215934753
33184,-0.06400001049041748,0.445000022649765,1,0.38100001215934753
33187,-0.07600001245737076,0.7265000343322754,1,0.6505000218749046
33190,-0.07118309731930483,0.7141831188961861,3,0.6430000215768813
33193,-0.06400001049041748,0.445000022649765,1,0.38100001215934753
33195,-0.07139437793244914,0.703727731094261,3,0.6323333531618118
33197,-0.07118309731930483,0.7141831188961862,1,0.6430000215768814
33198,-0.07134155777916307,0.7063415780447423,2,0.6350000202655792
33200,-0.07175001688301563,0.7221250385046005,4,0.6503750216215849
33211,-0.06400001049041748,0.445000022649765,1,0.38100001215934753
33223,-0.06400001049041748,0.445000022649765,1,0.38100001215934753
33252,-0.06400001049041748,0.445000022649765,1,0.38100001215934753
33262,-0.07300001010298729,0.7232500314712524,2,0.6502500213682652
33283,-0.06400001049041748,0.445000022649765,1,0.38100001215934753
33295,-0.06400001049041748,0.445000022649765,1,0.38100001215934753
33346,-0.06400001049041748,0.445000022649765,1,0.38100001215934753
33363,-0.0712857288973672,0.6677143190588269,7,0.5964285901614598
33365,-0.0715000182390213,0.6985000371932983,1,0.627000018954277
33392,-0.06400001049041748,0.445000022649765,1,0.38100001215934753
33398,-0.06400001049041748,0.445000022649765,1,0.38100001215934753
33414,-0.07090001553297043,0.672700035572052,5,0.6018000200390816
33452,-0.0715000182390213,0.6985000371932983,1,0.627000018954277
33469,-0.07050000876188278,0.6575000286102295,3,0.5870000198483467
33474,-0.06400001049041748,0.445000022649765,1,0.38100001215934753
33481,-0.07050000876188278,0.6575000286102295,1,0.5870000198483467
33489,-0.07419720365876951,0.7199472233581047,6,0.6457500196993352
33492,-0.06400001049041748,0.445000022649765,1,0.38100001215934753
33500,-0.07050000876188278,0.6575000286102295,1,0.5870000198483467
33504,-0.07110001891851425,0.646500039100647,5,0.5754000201821328
33509,-0.07050000876188278,0.6575000286102295,1,0.5870000198483467
33515,-0.07300004363059998,0.7130000591278076,1,0.6400000154972076
33524,-0.07233335574467976,0.6971667110919952,3,0.6248333553473154
33526,-0.07050000876188278,0.6575000286102295,1,0.5870000198483467
33535,-0.07200003415346146,0.6300000548362732,1,0.5580000206828117
33537,-0.07361113362842137,0.7124444875452254,9,0.6388333539168041
33546,-0.07000002264976501,0.6770000457763672,1,0.6070000231266022
33547,-0.07257145430360522,0.6802857603345599,7,0.6077143060309547
33613,-0.07200002670288086,0.7000000476837158,1,0.628000020980835
33615,-0.07400001585483551,0.7010000348091125,3,0.627000018954277
33621,-0.07200002670288086,0.7000000476837158,1,0.628000020980835
33632,-0.07470002174377441,0.712300044298172,5,0.6376000225543975
33639,-0.07875001430511475,0.7307500392198563,2,0.6520000249147415
33701,-0.04264918277472837,0.5204568901249996,13,0.4778077073502712
33719,-0.04015564764067531,0.551155664344877,4,0.5110000167042017
34126,0.01799999177455902,0.3500000163912773,2,0.36800000816583633
34130,0.016749992966651917,0.3322500139474869,2,0.3490000069141388
34131,0.022499993443489075,0.3565000146627426,2,0.3790000081062317
34134,0.014999985694885254,0.2900000214576721,1,0.3050000071525574
34135,0.014749988913536072,0.3017500191926956,2,0.3165000081062317
34139,0.015499986708164215,0.29350002110004425,2,0.30900000780820847
34141,0.015999987721443176,0.2970000207424164,3,0.31300000846385956
34145,0.015999987721443176,0.2970000207424164,1,0.31300000846385956
34158,0.019999995827674866,0.32100000977516174,2,0.3410000056028366
34164,0.016749992966651917,0.3322500139474869,2,0.3490000069141388
34168,0.004000007174909115,0.39125000685453415,4,0.39525001402944326
34170,0.007749997079372406,0.34975001215934753,2,0.35750000923871994
34172,0.0104999840259552,0.3225000202655792,1,0.3330000042915344
34183,-0.006750002503395081,0.3422500118613243,2,0.33550000935792923
34184,-0.007500007748603821,0.3355000168085098,2,0.328000009059906
34187,-0.0077500119805336,0.33125001937150955,2,0.32350000739097595
34190,-0.007600009441375732,0.31940001249313354,5,0.3118000030517578
34193,-0.005750000476837158,0.30425000563263893,4,0.2985000051558018
34196,-0.006000002225240071,0.30100000898043316,3,0.2950000067551931
34198,-0.005083334942658742,0.31925001243750256,6,0.31416667749484384
34201,-0.0030000098049640656,0.46800002455711365,3,0.4650000147521496
34202,-0.004100002348423004,0.41030001640319824,5,0.40620001405477524
34204,-0.0015833433717489243,0.5060833593209585,6,0.5045000159492096
34205,0.003999998172124227,0.42400001486142475,3,0.42800001303354895
34211,0.00024998176377266645,0.4962500333786011,4,0.49650001514237374
34213,0.006000000983476639,0.42500001192092896,2,0.4310000129044056
34214,0.053666661183039345,0.32966668407122296,3,0.3833333452542623
34216,0.004499994101934135,0.45100001990795135,2,0.4555000140098855
34218,0.0034999996423721313,0.429500013589859,2,0.43300001323223114
34220,0.012499988079071045,0.31800001859664917,2,0.3305000066757202
34227,0.01449999213218689,0.3135000169277191,1,0.328000009059906
34230,0.01449999213218689,0.3135000169277191,1,0.328000009059906
34240,0.014999985694885254,0.2900000214576721,2,0.3050000071525574
34242,0.014999985694885254,0.2900000214576721,1,0.3050000071525574
34244,0.014999985694885254,0.2900000214576721,2,0.3050000071525574
34248,0.015499986708164215,0.29350002110004425,2,0.30900000780820847
34249,0.015499986708164215,0.29350002110004425,2,0.30900000780820847
34263,0.050499990582466125,0.33400002121925354,4,0.38450001180171967
34264,0.05299999564886093,0.32500001788139343,4,0.37800001353025436
34271,0.01799999177455902,0.30900001525878906,2,0.3270000070333481
34274,0.015999987721443176,0.2970000207424164,2,0.31300000846385956
34283,0.01799999177455902,0.30900001525878906,2,0.3270000070333481
34284,0.07387499324977398,0.29009376652538776,16,0.36396875977516174
34289,0.015999987721443176,0.2970000207424164,1,0.31300000846385956
34293,0.07174999825656414,0.2802250117063522,20,0.35197500996291636
34303,0.025999996811151505,0.36000001430511475,2,0.38600001111626625
34307,0.022499993443489075,0.3565000146627426,2,0.3790000081062317
34310,0.029500000178813934,0.3635000139474869,2,0.3930000141263008
34314,0.029500000178813934,0.3635000139474869,2,0.3930000141263008
34315,0.029500000178813934,0.3635000139474869,2,0.3930000141263008
34322,0.029500000178813934,0.3635000139474869,2,0.3930000141263008
34342,0.028249993920326233,0.3721250183880329,4,0.40037501230835915
34346,0.02966666469971339,0.3711666812499364,3,0.4008333459496498
34349,0.03199999779462814,0.3635000139474869,1,0.395500011742115
34358,0.030000008642673492,0.3700000047683716,1,0.4000000134110451
34368,0.032499998807907104,0.36250001192092896,2,0.39500001072883606
34369,0.03849998861551285,0.34800001978874207,2,0.3865000084042549
34375,0.03933332612117132,0.3490000168482463,3,0.38833334296941757
34378,0.038249991834163666,0.3505000174045563,4,0.38875000923871994
34379,0.037999995052814484,0.3530000150203705,2,0.39100001007318497
34380,0.037999995052814484,0.3530000150203705,2,0.39100001007318497
34381,0.037999995052814484,0.3530000150203705,2,0.39100001007318497
34386,0.041499990969896317,0.34700001776218414,2,0.38850000873208046
34387,0.05299999564886093,0.32500001788139343,2,0.37800001353025436
34390,0.04499998688697815,0.3410000205039978,2,0.38600000739097595
34391,0.05299999564886093,0.32500001788139343,1,0.37800001353025436
34392,0.05216666062672933,0.3280000189940135,3,0.3801666796207428
34395,0.04974999092519283,0.3335000202059746,4,0.3832500111311674
34396,0.054124996066093445,0.32625001668930054,4,0.380375012755394
34397,0.0564999928077062,0.32733335097630817,3,0.38383334378401435
34398,0.05766666680574417,0.3223333458105723,3,0.3800000126163165
34399,0.06000000238418579,0.32100000977516174,1,0.38100001215934753
34400,0.05949999392032623,0.3240000158548355,2,0.38350000977516174
34402,0.0547499880194664,0.3305000215768814,2,0.3852500095963478
34403,0.05933332443237305,0.32500001788139343,3,0.3843333423137665
34404,0.05983333413799604,0.32083334525426227,6,0.3806666793922583
34405,0.06000000238418579,0.32100000977516174,1,0.38100001215934753
34406,0.05879999101161957,0.3291000187397003,5,0.3879000097513199
34408,0.08041675464374325,0.3085000067949295,3,0.38891676143867276
34410,0.08622502111215144,0.3073500141501427,10,0.3935750352622941
34412,0.13446428467120444,0.26953572779893875,14,0.40400001247014317
34414,0.27650000527501106,0.13600000739097595,1,0.412500012665987
34415,0.27650000527501106,0.13600000739097595,1,0.412500012665987
34416,0.25112500600516796,0.16237500682473183,8,0.4135000128298998
34417,0.10777777412699328,0.29352779272529816,18,0.40130556685229146
34418,0.10900000482797623,0.2840000092983246,1,0.3930000141263008
34419,0.08119999393820762,0.2948000177741051,10,0.3760000117123127
34420,0.07599999755620956,0.27966668208440143,3,0.355666679640611
34421,0.07608332484960556,0.2950000191728274,6,0.371083344022433
34422,0.07266666367650032,0.2721250131726265,12,0.3447916768491268
34430,0.03603487171358455,0.41121506699174626,2,0.4472499387053308
34432,0.03603487171358455,0.41121506699174626,2,0.4472499387053308
34433,0.03603487171358455,0.41121506699174626,1,0.4472499387053308
34435,0.03603487171358455,0.41121506699174626,1,0.4472499387053308
34438,-0.03566667561729749,0.4820000231266022,3,0.4463333475093047
34443,-0.01471938142346757,0.46046943126246337,7,0.4457500498389958
34444,0.03603487171358455,0.41121506699174626,2,0.4472499387053308
34460,0.017999999846021335,0.431000014146169,3,0.44900001399219036
34462,0.03603487171358455,0.41121506699174626,2,0.4472499387053308
34464,0.03149999212473631,0.4150000214576721,1,0.44650001358240843
34465,0.01125007958943025,0.4376666843891144,3,0.44891676397854463
34479,0.03603487171358455,0.41121506699174626,1,0.4472499387053308
34480,-0.016512057623344845,0.46226204732457804,3,0.4457499897012332
34486,-0.008500002324581146,0.45350001752376556,1,0.4450000151991844
34488,-0.02550000697374344,0.47050002217292786,1,0.4450000151991844
34491,-0.035500009233752884,0.4808333565791448,3,0.4453333473453919
34493,-0.031166679536302883,0.4740000267823537,3,0.44283334724605083
34505,0.03603487171358455,0.41121506699174626,2,0.4472499387053308
34536,0.03149999212473631,0.4150000214576721,2,0.44650001358240843
34539,0.03149999212473631,0.4150000214576721,2,0.44650001358240843
34541,-0.008500002324581146,0.45350001752376556,1,0.4450000151991844
34542,-0.008500002324581146,0.45350001752376556,1,0.4450000151991844
34544,-0.02550000697374344,0.47050002217292786,1,0.4450000151991844
34549,0.02399999415501952,0.4232500195503235,2,0.447250013705343
34553,-0.033500004559755325,0.4765000194311142,1,0.44300001487135887
34555,-0.035500009544193745,0.4820000231266022,2,0.44650001358240843
34556,-0.03200000990182161,0.47325002402067184,2,0.44125001411885023
34569,-0.008500002324581146,0.45350001752376556,2,0.4450000151991844
34577,0.03603487171358455,0.41121506699174626,1,0.4472499387053308
34578,0.03603487171358455,0.41121506699174626,1,0.4472499387053308
34579,0.03603487171358455,0.41121506699174626,1,0.4472499387053308
34581,0.027749993139877915,0.4191250205039978,4,0.4468750136438757
34597,0.03603487171358455,0.41121506699174626,1,0.4472499387053308
34601,0.03603487171358455,0.41121506699174626,2,0.4472499387053308
34604,0.03603487171358455,0.41121506699174626,2,0.4472499387053308
34608,-0.0059999991208314896,0.45500001311302185,1,0.44900001399219036
34610,-0.0059999991208314896,0.45500001311302185,2,0.44900001399219036
34619,-0.0004999954253435135,0.44600000977516174,1,0.44550001434981823
34622,-0.03550000861287117,0.47850002348423004,4,0.44300001487135887
34624,-0.03216668001065651,0.4740000267823537,3,0.44183334677169717
34627,-0.02800001110881567,0.4702500253915787,2,0.442250014282763
34630,0.016499996185302734,0.43150001764297485,1,0.4480000138282776
34631,0.03149999212473631,0.4150000214576721,1,0.44650001358240843
34635,0.03149999212473631,0.4150000214576721,1,0.44650001358240843
34637,-0.008500002324581146,0.45350001752376556,2,0.4450000151991844
34640,-0.008500002324581146,0.45350001752376556,1,0.4450000151991844
34643,-0.01450904379865392,0.46007153987437494,4,0.445562496075721
34744,-0.0004999954253435135,0.44600000977516174,2,0.44550001434981823
34748,-0.0004999954253435135,0.44600000977516174,1,0.44550001434981823
34749,-0.0004999954253435135,0.44600000977516174,1,0.44550001434981823
34752,0.001874962341669062,0.44450001418590546,6,0.4463749765275745
34753,-0.0004999954253435135,0.44600000977516174,2,0.44550001434981823
34785,-0.02051781779364706,0.4698929568473252,6,0.4493751390536781
34790,0.0006874834581627742,0.4452500119805336,4,0.4459374954386964
34792,0.03149999212473631,0.4150000214576721,2,0.44650001358240843
34797,-0.012314255798049456,0.46351437015086433,5,0.4512001143528149
34884,-0.019000012427568436,0.4610000252723694,1,0.44200001284480095
34911,-0.0004999954253435135,0.44600000977516174,1,0.44550001434981823
34916,-0.0004999954253435135,0.44600000977516174,1,0.44550001434981823
34926,-0.0004999954253435135,0.44600000977516174,2,0.44550001434981823
34930,-0.0004999954253435135,0.44600000977516174,2,0.44550001434981823
34935,-0.0004999954253435135,0.44600000977516174,2,0.44550001434981823
34941,-0.0004999954253435135,0.44600000977516174,4,0.44550001434981823
34947,-0.0004999954253435135,0.44600000977516174,1,0.44550001434981823
34950,0.004249920108681637,0.44300001859664917,1,0.4472499387053308
34951,0.004249920108681637,0.44300001859664917,2,0.4472499387053308
34953,-0.0004999954253435135,0.44600000977516174,2,0.44550001434981823
34954,-0.0004999954253435135,0.44600000977516174,2,0.44550001434981823
34955,-0.019000012427568436,0.4610000252723694,1,0.44200001284480095
34958,-0.019000012427568436,0.4610000252723694,3,0.44200001284480095
34964,-0.0004999954253435135,0.44600000977516174,2,0.44550001434981823
34971,-0.019000012427568436,0.4610000252723694,1,0.44200001284480095
34975,-0.0026666633784770966,0.4490000108877818,3,0.4463333475093047
34979,0.005999978631734848,0.4440000355243683,4,0.45000001415610313
34984,-0.005374998319894075,0.4527500122785568,4,0.44737501395866275
34986,0.003249951158347586,0.4453750252723694,4,0.44862497643071697
34989,0.019999993965029716,0.42900002002716064,1,0.44900001399219036
34991,0.03603487171358455,0.41121506699174626,1,0.4472499387053308
34992,0.03603487171358455,0.41121506699174626,1,0.4472499387053308
34994,0.03603487171358455,0.41121506699174626,1,0.4472499387053308
34996,0.015333322187264761,0.43400002519289654,3,0.4493333473801613
34998,0.03603487171358455,0.41121506699174626,1,0.4472499387053308
35001,0.03603487171358455,0.41121506699174626,1,0.4472499387053308
35003,-0.01016667578369379,0.46266669034957886,3,0.45250001456588507
35008,-9.98026240616845e-05,0.4510000169277191,5,0.45090021430365745
35009,-0.022000014781951904,0.47700002789497375,3,0.45500001311302185
35014,0.019999993965029716,0.42900002002716064,1,0.44900001399219036
35015,0.03603487171358455,0.41121506699174626,2,0.4472499387053308
35016,-0.017625011038035154,0.4605000242590904,4,0.44287501322105527
35021,0.03603487171358455,0.41121506699174626,1,0.4472499387053308
35022,0.019999993965029716,0.42900002002716064,1,0.44900001399219036
35023,0.010666650409499804,0.4390000303586324,3,0.4496666807681322
35024,0.03603487171358455,0.41121506699174626,1,0.4472499387053308
35025,0.03603487171358455,0.41121506699174626,1,0.4472499387053308
35026,0.03603487171358455,0.41121506699174626,1,0.4472499387053308
35027,-0.01600000774487853,0.4687500223517418,2,0.45275001460686326
35029,-0.029750008136034012,0.47575002163648605,2,0.44600001350045204
35031,-0.008500002324581146,0.45350001752376556,1,0.4450000151991844
35039,-0.023845393400468613,0.4705953826447329,3,0.4467499892442643
35049,-0.0305000152438879,0.4700000286102295,1,0.4395000133663416
35054,-0.02550000697374344,0.47050002217292786,1,0.4450000151991844
35069,-0.034000011160969734,0.47950002551078796,3,0.44550001434981823
35072,-0.034500010311603546,0.4750000238418579,1,0.44050001353025436
35080,0.03603487171358455,0.41121506699174626,1,0.4472499387053308
35083,0.02968991540456208,0.41814338172972193,3,0.447833297134284
35085,0.03603487171358455,0.41121506699174626,1,0.4472499387053308
35087,0.03603487171358455,0.41121506699174626,1,0.4472499387053308
35088,0.03603487171358455,0.41121506699174626,1,0.4472499387053308
35089,0.017750000581145287,0.4312500134110451,4,0.44900001399219036
35092,-0.017625011038035154,0.4605000242590904,4,0.44287501322105527
35095,0.03603487171358455,0.41121506699174626,2,0.4472499387053308
35098,0.0312761544818177,0.416411303045228,4,0.4476874575270457
35101,0.03603487171358455,0.41121506699174626,2,0.4472499387053308
35102,0.03603487171358455,0.41121506699174626,2,0.4472499387053308
35103,0.03603487171358455,0.41121506699174626,2,0.4472499387053308
35104,0.0312761544818177,0.416411303045228,4,0.4476874575270457
35107,0.017000002786517143,0.4320000112056732,5,0.44900001399219036
35108,-0.007441958901996316,0.4571607542620041,8,0.44971879536000775
35112,-0.01577671910950483,0.4652144209062684,4,0.44943770179676357
35114,0.03603487171358455,0.41121506699174626,1,0.4472499387053308
35116,0.03603487171358455,0.41121506699174626,2,0.4472499387053308
35119,0.03603487171358455,0.41121506699174626,2,0.4472499387053308
35120,0.03603487171358455,0.41121506699174626,1,0.4472499387053308
35122,0.03603487171358455,0.41121506699174626,2,0.4472499387053308
35123,0.03603487171358455,0.41121506699174626,1,0.4472499387053308
35125,0.03603487171358455,0.41121506699174626,2,0.4472499387053308
35129,0.03603487171358455,0.41121506699174626,1,0.4472499387053308
35130,-0.01565617164963664,0.4665001546940771,8,0.45084398304444046
35131,0.03603487171358455,0.41121506699174626,1,0.4472499387053308
35136,0.03603487171358455,0.41121506699174626,3,0.4472499387053308
35138,0.03603487171358455,0.41121506699174626,2,0.4472499387053308
35139,0.03603487171358455,0.41121506699174626,1,0.4472499387053308
35141,0.03603487171358455,0.41121506699174626,1,0.4472499387053308
35144,0.022438536765679258,0.4260614557159798,7,0.44849999248165906
35145,-0.009500010870397091,0.4610000252723694,3,0.4515000144019723
35147,0.03603487171358455,0.41121506699174626,2,0.4472499387053308
35148,0.03603487171358455,0.41121506699174626,1,0.4472499387053308
35150,0.03603487171358455,0.41121506699174626,2,0.4472499387053308
35152,0.03603487171358455,0.41121506699174626,2,0.4472499387053308
35154,0.03603487171358455,0.41121506699174626,2,0.4472499387053308
35158,-0.015666669855515163,0.467000017563502,3,0.45133334770798683
35165,-0.02500000223517418,0.46400001645088196,1,0.4390000142157078
35166,-0.02500000223517418,0.46400001645088196,1,0.4390000142157078
35167,-0.02500000223517418,0.46400001645088196,1,0.4390000142157078
35170,-0.02500000223517418,0.46400001645088196,1,0.4390000142157078
35172,-0.028500010818243028,0.4694000244140625,5,0.44090001359581943
35175,-0.0305000152438879,0.4700000286102295,1,0.4395000133663416
35179,-0.02500000223517418,0.46400001645088196,1,0.4390000142157078
35181,-0.0305000152438879,0.4700000286102295,1,0.4395000133663416
35182,-0.02775000873953104,0.4670000225305557,2,0.4392500137910247
35183,-0.0305000152438879,0.4700000286102295,1,0.4395000133663416
35185,-0.0305000152438879,0.4700000286102295,1,0.4395000133663416
35187,-0.0305000152438879,0.4700000286102295,2,0.4395000133663416
35188,-0.0305000152438879,0.4700000286102295,1,0.4395000133663416
35190,-0.02550000697374344,0.47050002217292786,1,0.4450000151991844
35192,-0.033500004559755325,0.4765000194311142,1,0.44300001487135887
35193,-0.02550000697374344,0.47050002217292786,1,0.4450000151991844
35195,-0.033500004559755325,0.4765000194311142,1,0.44300001487135887
35196,-0.03550001047551632,0.479000024497509,2,0.4435000140219927
35197,-0.027500009164214134,0.4735000232855479,3,0.4460000141213338
35198,-0.028262555929521798,0.4762625703786811,3,0.44800001444915927
35201,-0.027500003576278687,0.4755000174045563,1,0.4480000138282776
35204,-0.029500002041459084,0.48250001668930054,2,0.45300001464784145
35205,-0.029833337912956875,0.48350001871585846,3,0.45366668080290157
35206,-0.029500002041459084,0.48250001668930054,3,0.45300001464784145
35207,-0.030515064991712658,0.48551507959485063,5,0.455000014603138
35208,-0.030965744885057378,0.48671575951799767,4,0.4557500146329403
35209,-0.03072760268628566,0.49052761658608884,5,0.4598000138998032
35210,-0.033000013791024685,0.49550002813339233,1,0.46250001434236765
35211,-0.0308566328585147,0.4913566468730568,2,0.4605000140145421
35212,0.03603487171358455,0.41121506699174626,2,0.4472499387053308
35217,0.03301161865435239,0.4137383699690302,3,0.44674998862338255
35220,0.03603487171358455,0.41121506699174626,1,0.4472499387053308
35221,0.03603487171358455,0.41121506699174626,1,0.4472499387053308
35222,0.03603487171358455,0.41121506699174626,1,0.4472499387053308
35223,0.03376743191916043,0.4131075442247092,2,0.4468749761438696
35228,0.03603487171358455,0.41121506699174626,1,0.4472499387053308
35241,-0.008500002324581146,0.45350001752376556,1,0.4450000151991844
35242,-0.0305000152438879,0.4700000286102295,1,0.4395000133663416
35262,-0.02500000223517418,0.46400001645088196,1,0.4390000142157078
35263,-0.035000015050172806,0.47700002789497375,1,0.44200001284480095
35266,-0.02775000873953104,0.4670000225305557,2,0.4392500137910247
35267,-0.02500000223517418,0.46400001645088196,1,0.4390000142157078
35269,-0.0305000152438879,0.4700000286102295,2,0.4395000133663416
35270,-0.03550000861287117,0.47850002348423004,6,0.44300001487135887
35271,-0.02550000697374344,0.47050002217292786,1,0.4450000151991844
35272,-0.02800001110881567,0.4702500253915787,2,0.442250014282763
35273,-0.03550000861287117,0.47850002348423004,4,0.44300001487135887
35280,-0.03533333788315455,0.48000001907348633,3,0.44466668119033176
35288,0.03149999212473631,0.4150000214576721,4,0.44650001358240843
35290,0.03149999212473631,0.4150000214576721,1,0.44650001358240843
35293,0.03376743191916043,0.4131075442247092,2,0.4468749761438696
35296,0.03376743191916043,0.4131075442247092,2,0.4468749761438696
35297,0.03149999212473631,0.4150000214576721,1,0.44650001358240843
35301,0.03603487171358455,0.41121506699174626,1,0.4472499387053308
35304,0.015214285547179835,0.4334285855293274,7,0.44864287107650724
35305,0.026749994372949004,0.4203750193119049,4,0.4471250136848539
35306,0.03149999212473631,0.4150000214576721,1,0.44650001358240843
35308,0.03149999212473631,0.4150000214576721,2,0.44650001358240843
35315,0.03149999212473631,0.4150000214576721,1,0.44650001358240843
35317,0.03149999212473631,0.4150000214576721,1,0.44650001358240843
35319,0.03149999212473631,0.4150000214576721,2,0.44650001358240843
35320,0.03376743191916043,0.4131075442247092,2,0.4468749761438696
35321,0.013300000131130219,0.4355000138282776,5,0.4488000139594078
35322,0.015785713413996354,0.4327143004962376,7,0.448500013910234
35329,0.03149999212473631,0.4150000214576721,1,0.44650001358240843
35330,0.03149999212473631,0.4150000214576721,2,0.44650001358240843
35331,0.03149999212473631,0.4150000214576721,1,0.44650001358240843
35332,-0.01050000824034214,0.4635000228881836,5,0.45300001464784145
35333,0.03149999212473631,0.4150000214576721,1,0.44650001358240843
35335,0.03149999212473631,0.4150000214576721,1,0.44650001358240843
35336,0.03149999212473631,0.4150000214576721,1,0.44650001358240843
35339,-0.005250001093372703,0.4571250155568123,4,0.4518750144634396
35344,0.03149999212473631,0.4150000214576721,1,0.44650001358240843
35347,0.03149999212473631,0.4150000214576721,2,0.44650001358240843
35351,-0.014333343754212061,0.46800002455711365,3,0.45366668080290157
35352,0.03149999212473631,0.4150000214576721,1,0.44650001358240843
35355,-0.016250011511147022,0.4702500253915787,2,0.45400001388043165
35357,0.03149999212473631,0.4150000214576721,1,0.44650001358240843
35359,0.03149999212473631,0.4150000214576721,1,0.44650001358240843
35360,0.03149999212473631,0.4150000214576721,1,0.44650001358240843
35361,0.027749993139877915,0.4191250205039978,4,0.4468750136438757
35362,-0.021333344901601475,0.4756666918595632,3,0.4543333469579617
35365,0.03149999212473631,0.4150000214576721,1,0.44650001358240843
35366,-0.0034999987110495567,0.45500001311302185,1,0.4515000144019723
35368,0.03149999212473631,0.4150000214576721,1,0.44650001358240843
35369,0.014499998651444912,0.43400001525878906,2,0.448500013910234
35370,0.03149999212473631,0.4150000214576721,3,0.44650001358240843
35372,0.03149999212473631,0.4150000214576721,2,0.44650001358240843
35375,-0.022000014781951904,0.47700002789497375,3,0.45500001311302185
35376,-0.026500007137656212,0.48100002110004425,8,0.45450001396238804
35377,0.03149999212473631,0.4150000214576721,1,0.44650001358240843
35380,0.03149999212473631,0.4150000214576721,1,0.44650001358240843
35385,0.016499996185302734,0.43150001764297485,1,0.4480000138282776
35386,0.03149999212473631,0.4150000214576721,1,0.44650001358240843
35388,0.03149999212473631,0.4150000214576721,1,0.44650001358240843
35390,0.016499996185302734,0.43150001764297485,2,0.4480000138282776
35395,-0.03550001047551632,0.479000024497509,2,0.4435000140219927
35411,-0.028143828764557954,0.4768938436470927,2,0.44875001488253474
35415,0.016499996185302734,0.43150001764297485,4,0.4480000138282776
35417,0.02399999415501952,0.4232500195503235,2,0.447250013705343
35419,0.03149999212473631,0.4150000214576721,1,0.44650001358240843
35420,0.03149999212473631,0.4150000214576721,1,0.44650001358240843
35423,0.03149999212473631,0.4150000214576721,1,0.44650001358240843
35427,-0.013250002171844244,0.46400001645088196,2,0.4507500142790377
35428,0.02399999415501952,0.4232500195503235,2,0.447250013705343
35433,0.016499996185302734,0.43150001764297485,1,0.4480000138282776
35434,0.02399999415501952,0.4232500195503235,2,0.447250013705343
35435,0.003750081154052176,0.4455000162124634,3,0.44925009736651556
35436,-0.00624987788707948,0.4570000171661377,4,0.4507501392790582
35440,0.03149999212473631,0.4150000214576721,3,0.44650001358240843
35442,0.03149999212473631,0.4150000214576721,1,0.44650001358240843
35446,0.016499996185302734,0.43150001764297485,2,0.4480000138282776
35454,-0.02115209022840736,0.4667145863041284,4,0.445562496075721
35455,-0.02094075524318047,0.4666907449444137,3,0.44574998970123325
35456,-0.008500002324581146,0.45350001752376556,1,0.4450000151991844
35457,-0.02500000223517418,0.46400001645088196,1,0.4390000142157078
35460,-0.03200001269578934,0.4725000262260437,4,0.44050001353025436
35465,-0.0305000152438879,0.4700000286102295,1,0.4395000133663416
35468,-0.0305000152438879,0.4700000286102295,1,0.4395000133663416
35470,-0.03541667635242144,0.478250024219354,6,0.4428333478669325
35471,-0.03750001639127731,0.4815000295639038,1,0.4440000131726265
35474,-0.02550000697374344,0.47050002217292786,1,0.4450000151991844
35480,0.016499996185302734,0.43150001764297485,2,0.4480000138282776
35486,0.03149999212473631,0.4150000214576721,1,0.44650001358240843
35488,0.016499996185302734,0.43150001764297485,1,0.4480000138282776
35490,-0.018500013276934624,0.47283336023489636,3,0.45433334695796174
35493,0.03149999212473631,0.4150000214576721,1,0.44650001358240843
35496,-0.0037499172813258985,0.4533333480358124,3,0.4495834307544865
35499,0.0007502463976852836,0.45000001788139343,1,0.4507502642790787
35500,-0.015100008249282837,0.46790002286434174,5,0.4528000146150589
35510,-0.0059999991208314896,0.45500001311302185,2,0.44900001399219036
35517,-0.01580000501126051,0.4677000194787979,5,0.4519000144675374
35527,-0.0059999991208314896,0.45500001311302185,1,0.44900001399219036
35578,-0.013875038842973253,0.46000001579523087,2,0.4461249769522576
35581,-0.029750008136034012,0.47575002163648605,2,0.44600001350045204
35582,-0.029750008136034012,0.47575002163648605,2,0.44600001350045204
35583,-0.024134045609145005,0.46894654109627015,4,0.44481249548712515
35584,-0.008500002324581146,0.45350001752376556,1,0.4450000151991844
35587,-0.016750002279877663,0.45875001698732376,2,0.4420000147074461
35588,-0.02500000223517418,0.46400001645088196,1,0.4390000142157078
35590,-0.02500000223517418,0.46400001645088196,1,0.4390000142157078
35591,-0.008500002324581146,0.45350001752376556,1,0.4450000151991844
35596,-0.02550000697374344,0.47050002217292786,1,0.4450000151991844
35598,-0.034000011160969734,0.47950002551078796,1,0.44550001434981823
35603,-0.03528765948414825,0.4842876734763386,1,0.44900001399219036
35605,-0.033840747451782394,0.4810907611571254,4,0.447250013705343
35606,-0.029143827065825578,0.4793938412629069,2,0.4502500141970813
35610,-0.03419177473783508,0.4828584553420545,3,0.44866668060421944
35612,-0.008500002324581146,0.45350001752376556,1,0.4450000151991844
35613,-0.0059999991208314896,0.45500001311302185,4,0.44900001399219036
35617,-0.007666667923331261,0.45400001605351764,3,0.4463333481301864
35621,-0.008500002324581146,0.45350001752376556,1,0.4450000151991844
35632,-0.008500002324581146,0.45350001752376556,1,0.4450000151991844
35640,-0.027250008657574654,0.4670000225305557,2,0.43975001387298107
35642,-0.02500000223517418,0.46400001645088196,1,0.4390000142157078
35645,-0.035000015050172806,0.47700002789497375,2,0.44200001284480095
35647,-0.0305000152438879,0.4700000286102295,1,0.4395000133663416
35648,-0.0305000152438879,0.4700000286102295,1,0.4395000133663416
35649,-0.03550000907853246,0.4802500233054161,2,0.44475001422688365
35657,-0.03750001639127731,0.4815000295639038,2,0.4440000131726265
35660,-0.024500004947185516,0.46950002014636993,2,0.4450000151991844
35661,-0.029143827065825578,0.4793938412629069,2,0.4502500141970813
35663,-0.02500000223517418,0.46400001645088196,1,0.4390000142157078
35664,-0.028400009125471117,0.47000002264976504,5,0.4416000135242939
35666,-0.02500000223517418,0.46400001645088196,1,0.4390000142157078
35667,-0.016750002279877663,0.45875001698732376,2,0.4420000147074461
35668,-0.02500000223517418,0.46400001645088196,1,0.4390000142157078
35669,-0.02500000223517418,0.46400001645088196,1,0.4390000142157078
35670,-0.016750002279877663,0.45875001698732376,2,0.4420000147074461
35671,-0.02500000223517418,0.46400001645088196,1,0.4390000142157078
35672,-0.02500000223517418,0.46400001645088196,1,0.4390000142157078
35673,-0.031237764693796577,0.4729044447715083,3,0.4416666800777117
35674,-0.02500000223517418,0.46400001645088196,1,0.4390000142157078
35676,-0.032975514307618026,0.4758088609327871,3,0.4428333466251691
35680,-0.03550001047551632,0.479000024497509,2,0.4435000140219927
35684,-0.03523133395425948,0.4839813481383023,4,0.4487500141840428
35686,-0.033500004559755325,0.4765000194311142,1,0.44300001487135887
35688,-0.03750001639127731,0.4815000295639038,1,0.4440000131726265
35695,-0.016750002279877663,0.45875001698732376,2,0.4420000147074461
35699,-0.008500002324581146,0.45350001752376556,1,0.4450000151991844
35700,-0.016750002279877663,0.45875001698732376,2,0.4420000147074461
35701,-0.0305000152438879,0.4700000286102295,1,0.4395000133663416
35703,-0.0305000152438879,0.4700000286102295,1,0.4395000133663416
35704,-0.0305000152438879,0.4700000286102295,1,0.4395000133663416
35713,-0.008500002324581146,0.45350001752376556,1,0.4450000151991844
35723,-0.008500002324581146,0.45350001752376556,1,0.4450000151991844
35729,-0.008500002324581146,0.45350001752376556,1,0.4450000151991844
35733,-0.008500002324581146,0.45350001752376556,3,0.4450000151991844
35735,-0.008500002324581146,0.45350001752376556,1,0.4450000151991844
35742,-0.008500002324581146,0.45350001752376556,1,0.4450000151991844
35760,-0.008500002324581146,0.45350001752376556,1,0.4450000151991844
35762,-0.008500002324581146,0.45350001752376556,1,0.4450000151991844
35763,-0.008500002324581146,0.45350001752376556,1,0.4450000151991844
35764,-0.008500002324581146,0.45350001752376556,2,0.4450000151991844
35772,-0.008500002324581146,0.45350001752376556,2,0.4450000151991844
35773,-0.012083360003509217,0.45783334970474243,3,0.4457499897012332
35796,-0.013875038842973253,0.46000001579523087,2,0.4461249769522576
35801,-0.021786095184088028,0.46678611038327245,4,0.4450000151991844
35802,-0.02775000873953104,0.4670000225305557,2,0.4392500137910247
35803,-0.02775000873953104,0.4670000225305557,2,0.4392500137910247
35804,-0.02775000873953104,0.4670000225305557,2,0.4392500137910247
35808,-0.035000015050172806,0.47700002789497375,2,0.44200001284480095
35812,-0.03200000990182161,0.47325002402067184,2,0.44125001411885023
35818,-0.0305000152438879,0.4700000286102295,1,0.4395000133663416
35825,-0.02550000697374344,0.47050002217292786,1,0.4450000151991844
35827,-0.033500004559755325,0.4765000194311142,1,0.44300001487135887
35831,-0.03200000990182161,0.47325002402067184,2,0.44125001411885023
35834,-0.02550000697374344,0.47050002217292786,1,0.4450000151991844
35835,-0.03200000990182161,0.47325002402067184,2,0.44125001411885023
35840,-0.03150000795722008,0.47250002125899,3,0.4410000133017699
35845,-0.030500009655952454,0.4855000227689743,4,0.45500001311302185
35846,-0.029500002041459084,0.48250001668930054,2,0.45300001464784145
35847,-0.029500002041459084,0.48250001668930054,1,0.45300001464784145
35848,-0.030500009655952454,0.4855000227689743,1,0.45500001311302185
35850,-0.029713262334465806,0.48871327610313875,4,0.45900001376867294
35851,-0.029975511441628022,0.48764219165841727,3,0.45766668021678925
35852,-0.033000003546476364,0.49400001764297485,3,0.4610000140964985
35854,-0.008500002324581146,0.45350001752376556,1,0.4450000151991844
35866,-0.008500002324581146,0.45350001752376556,1,0.4450000151991844
35881,-0.008500002324581146,0.45350001752376556,1,0.4450000151991844
35882,-0.008500002324581146,0.45350001752376556,1,0.4450000151991844
35883,-0.02709537048538535,0.4727620512187482,3,0.44566668073336285
35884,-0.008500002324581146,0.45350001752376556,1,0.4450000151991844
35886,-0.008500002324581146,0.45350001752376556,1,0.4450000151991844
35888,-0.02115209022840736,0.4667145863041284,4,0.445562496075721
35889,-0.008500002324581146,0.45350001752376556,1,0.4450000151991844
35890,-0.008500002324581146,0.45350001752376556,1,0.4450000151991844
35892,-0.008500002324581146,0.45350001752376556,1,0.4450000151991844
35893,-0.008500002324581146,0.45350001752376556,1,0.4450000151991844
35897,-0.023528878078460914,0.46912889300346394,5,0.445600014925003
35899,-0.013875038842973253,0.46000001579523087,2,0.4461249769522576
35900,-0.008500002324581146,0.45350001752376556,1,0.4450000151991844
35902,-0.023330568846373467,0.4696430645793678,4,0.4463124957329943
35916,-0.030500009655952454,0.47850002348423004,1,0.4480000138282776
35924,-0.008500002324581146,0.45350001752376556,1,0.4450000151991844
35928,-0.02937500737607479,0.47437502071261406,4,0.44500001333653927
35929,-0.020812522394268285,0.46562501788139343,4,0.44481249548712515
35931,-0.02850000634789467,0.47230001986026765,5,0.44380001351237297
35932,-0.016750002279877663,0.45875001698732376,2,0.4420000147074461
35933,-0.027750005945563316,0.471250019967556,2,0.4435000140219927
35941,-0.008500002324581146,0.45350001752376556,1,0.4450000151991844
35945,-0.028375006280839443,0.47212501987814903,4,0.4437500135973096
35948,-0.016750002279877663,0.45875001698732376,2,0.4420000147074461
35953,-0.02500000223517418,0.46400001645088196,1,0.4390000142157078
35955,-0.016750002279877663,0.45875001698732376,2,0.4420000147074461
35959,-0.016750002279877663,0.45875001698732376,2,0.4420000147074461
35961,-0.016750002279877663,0.45875001698732376,2,0.4420000147074461
35966,-0.028000005520880222,0.47075001895427704,4,0.4427500134333968
35968,-0.02500000223517418,0.46400001645088196,1,0.4390000142157078
35971,-0.02500000223517418,0.46400001645088196,1,0.4390000142157078
35974,-0.027000004425644875,0.468500018119812,2,0.44150001369416714
35976,-0.027000004425644875,0.468500018119812,2,0.44150001369416714
35977,-0.02500000223517418,0.46400001645088196,1,0.4390000142157078
35982,-0.02500000223517418,0.46400001645088196,1,0.4390000142157078
35988,-0.02766667182246844,0.470000018676122,3,0.44233334685365355
35991,-0.02500000223517418,0.46400001645088196,1,0.4390000142157078
35995,-0.02500000223517418,0.46400001645088196,1,0.4390000142157078
36000,-0.02500000223517418,0.46400001645088196,1,0.4390000142157078
36003,-0.02500000223517418,0.46400001645088196,1,0.4390000142157078
36005,-0.02500000223517418,0.46400001645088196,1,0.4390000142157078
36008,-0.02500000223517418,0.46400001645088196,1,0.4390000142157078
36012,-0.027250008657574654,0.4670000225305557,2,0.43975001387298107
36014,-0.02500000223517418,0.46400001645088196,1,0.4390000142157078
36016,-0.02500000223517418,0.46400001645088196,1,0.4390000142157078
36017,-0.02500000223517418,0.46400001645088196,1,0.4390000142157078
36018,-0.02500000223517418,0.46400001645088196,1,0.4390000142157078
36021,-0.02500000223517418,0.46400001645088196,1,0.4390000142157078
36022,-0.02500000223517418,0.46400001645088196,1,0.4390000142157078
36024,-0.02500000223517418,0.46400001645088196,1,0.4390000142157078
36026,-0.02500000223517418,0.46400001645088196,1,0.4390000142157078
36032,-0.02500000223517418,0.46400001645088196,1,0.4390000142157078
36033,-0.02500000223517418,0.46400001645088196,1,0.4390000142157078
36037,-0.02500000223517418,0.46400001645088196,1,0.4390000142157078
36038,-0.02500000223517418,0.46400001645088196,1,0.4390000142157078
36040,-0.027250008657574654,0.4670000225305557,2,0.43975001387298107
36044,-0.02500000223517418,0.46400001645088196,1,0.4390000142157078
36045,-0.02500000223517418,0.46400001645088196,1,0.4390000142157078
36047,-0.02500000223517418,0.46400001645088196,1,0.4390000142157078
36049,-0.03225001506507397,0.4735000282526016,2,0.44125001318752766
36052,-0.033939972824106525,0.4766899859470625,6,0.442750013122956
36056,-0.02500000223517418,0.46400001645088196,1,0.4390000142157078
36057,-0.02500000223517418,0.46400001645088196,1,0.4390000142157078
36060,-0.02500000223517418,0.46400001645088196,1,0.4390000142157078
36062,-0.02500000223517418,0.46400001645088196,1,0.4390000142157078
36063,-0.0305000152438879,0.4700000286102295,1,0.4395000133663416
36065,-0.02800001110881567,0.4702500253915787,2,0.442250014282763
36066,-0.0305000152438879,0.4700000286102295,1,0.4395000133663416
36071,-0.02550000697374344,0.47050002217292786,1,0.4450000151991844
36072,-0.035070892753700234,0.4829042401984332,3,0.44783334744473297
36075,-0.034000011160969734,0.47950002551078796,3,0.44550001434981823
36076,-0.034000011160969734,0.47950002551078796,1,0.44550001434981823
36082,-0.025500004490216572,0.47150001923243207,3,0.4460000147422155
36084,-0.029143827065825578,0.4793938412629069,2,0.4502500141970813
36085,-0.02500000223517418,0.46400001645088196,1,0.4390000142157078
36090,-0.02500000223517418,0.46400001645088196,1,0.4390000142157078
36091,-0.02500000223517418,0.46400001645088196,1,0.4390000142157078
36093,-0.030100012570619582,0.47020002603530886,5,0.4401000134646893
36095,-0.0311666801571846,0.47166669368743896,3,0.44050001353025436
36098,-0.035000015050172806,0.47700002789497375,1,0.44200001284480095
36099,-0.02500000223517418,0.46400001645088196,1,0.4390000142157078
36101,-0.02500000223517418,0.46400001645088196,1,0.4390000142157078
36106,-0.02500000223517418,0.46400001645088196,1,0.4390000142157078
36110,-0.02500000223517418,0.46400001645088196,1,0.4390000142157078
36111,-0.035000015050172806,0.47700002789497375,1,0.44200001284480095
36113,-0.030900014191865922,0.4710000276565552,5,0.44010001346468924
36114,-0.02500000223517418,0.46400001645088196,1,0.4390000142157078
36115,-0.02775000873953104,0.4670000225305557,2,0.4392500137910247
36120,-0.02775000873953104,0.4670000225305557,2,0.4392500137910247
36121,-0.02775000873953104,0.4670000225305557,2,0.4392500137910247
36123,-0.02500000223517418,0.46400001645088196,1,0.4390000142157078
36124,-0.035000015050172806,0.47700002789497375,5,0.44200001284480095
36125,-0.03200001269578934,0.4725000262260437,4,0.44050001353025436
36127,-0.02500000223517418,0.46400001645088196,1,0.4390000142157078
36129,-0.02775000873953104,0.4670000225305557,2,0.4392500137910247
36131,-0.02775000873953104,0.4670000225305557,2,0.4392500137910247
36132,-0.0305000152438879,0.4700000286102295,1,0.4395000133663416
36134,-0.029750012792646885,0.46900002658367157,2,0.4392500137910247
36135,-0.02775000873953104,0.4670000225305557,2,0.4392500137910247
36137,-0.035000015050172806,0.47700002789497375,2,0.44200001284480095
36140,-0.030000013609727223,0.46933336059252423,3,0.439333346982797
36142,-0.02775000873953104,0.4670000225305557,2,0.4392500137910247
36144,-0.02775000873953104,0.4670000225305557,2,0.4392500137910247
36149,-0.0305000152438879,0.4700000286102295,1,0.4395000133663416
36150,-0.0305000152438879,0.4700000286102295,1,0.4395000133663416
36151,-0.0305000152438879,0.4700000286102295,1,0.4395000133663416
36154,-0.02775000873953104,0.4670000225305557,2,0.4392500137910247
36155,-0.0305000152438879,0.4700000286102295,1,0.4395000133663416
36159,-0.0305000152438879,0.4700000286102295,1,0.4395000133663416
36160,-0.0305000152438879,0.4700000286102295,1,0.4395000133663416
36162,-0.0305000152438879,0.4700000286102295,1,0.4395000133663416
36163,-0.02775000873953104,0.4670000225305557,2,0.4392500137910247
36166,-0.0305000152438879,0.4700000286102295,1,0.4395000133663416
36169,-0.02775000873953104,0.4670000225305557,2,0.4392500137910247
36170,-0.02500000223517418,0.46400001645088196,1,0.4390000142157078
36171,-0.03516667957107226,0.47750002642472583,3,0.44233334685365355
36174,-0.02775000873953104,0.4670000225305557,2,0.4392500137910247
36175,-0.0305000152438879,0.4700000286102295,1,0.4395000133663416
36179,-0.02775000873953104,0.4670000225305557,2,0.4392500137910247
36182,-0.0305000152438879,0.4700000286102295,3,0.4395000133663416
36184,-0.03200001269578934,0.4725000262260437,4,0.44050001353025436
36185,-0.0305000152438879,0.4700000286102295,1,0.4395000133663416
36189,-0.02775000873953104,0.4670000225305557,2,0.4392500137910247
36191,-0.0305000152438879,0.4700000286102295,1,0.4395000133663416
36196,-0.029500011975566547,0.4686666925748189,3,0.43916668059925235
36198,-0.0305000152438879,0.4700000286102295,1,0.4395000133663416
36199,-0.0305000152438879,0.4700000286102295,1,0.4395000133663416
36202,-0.0305000152438879,0.4700000286102295,1,0.4395000133663416
36203,-0.0305000152438879,0.4700000286102295,3,0.4395000133663416
36205,-0.02800001110881567,0.4702500253915787,2,0.442250014282763
36206,-0.02775000873953104,0.4670000225305557,2,0.4392500137910247
36207,-0.030125014018267393,0.46950002759695053,4,0.43937501357868314
36214,-0.0305000152438879,0.4700000286102295,1,0.4395000133663416
36215,-0.0305000152438879,0.4700000286102295,1,0.4395000133663416
36218,-0.0305000152438879,0.4700000286102295,1,0.4395000133663416
36219,-0.0305000152438879,0.4700000286102295,1,0.4395000133663416
36220,-0.0305000152438879,0.4700000286102295,1,0.4395000133663416
36221,-0.03550000861287117,0.47850002348423004,6,0.44300001487135887
36224,-0.0305000152438879,0.4700000286102295,1,0.4395000133663416
36227,-0.033500011265277865,0.4751000255346298,5,0.44160001426935197
36230,-0.0305000152438879,0.4700000286102295,1,0.4395000133663416
36231,-0.0305000152438879,0.4700000286102295,2,0.4395000133663416
36232,-0.032500012591481206,0.4734000265598297,5,0.4409000139683485
36233,-0.0305000152438879,0.4700000286102295,3,0.4395000133663416
36235,-0.0305000152438879,0.4700000286102295,1,0.4395000133663416
36242,-0.0305000152438879,0.4700000286102295,1,0.4395000133663416
36245,-0.0305000152438879,0.4700000286102295,1,0.4395000133663416
36246,-0.0305000152438879,0.4700000286102295,1,0.4395000133663416
36247,-0.03550000861287117,0.47850002348423004,2,0.44300001487135887
36250,-0.0305000152438879,0.4700000286102295,1,0.4395000133663416
36256,-0.0305000152438879,0.4700000286102295,1,0.4395000133663416
36257,-0.0305000152438879,0.4700000286102295,1,0.4395000133663416
36263,-0.0305000152438879,0.4700000286102295,1,0.4395000133663416
36265,-0.02550000697374344,0.47050002217292786,1,0.4450000151991844
36266,-0.0305000152438879,0.4700000286102295,1,0.4395000133663416
36269,-0.0305000152438879,0.4700000286102295,1,0.4395000133663416
36270,-0.02550000697374344,0.47050002217292786,1,0.4450000151991844
36276,-0.02800001110881567,0.4702500253915787,2,0.442250014282763
36281,-0.035500009544193745,0.4820000231266022,1,0.44650001358240843
36287,-0.02550000697374344,0.47050002217292786,1,0.4450000151991844
36289,-0.03200000990182161,0.47325002402067184,2,0.44125001411885023
36293,-0.0305000152438879,0.4700000286102295,1,0.4395000133663416
36294,-0.03550000927810158,0.48100002322878155,7,0.44550001395067995
36299,-0.035500009544193745,0.4820000231266022,1,0.44650001358240843
36304,-0.034500010311603546,0.4750000238418579,2,0.44050001353025436
36308,-0.030750006437301636,0.471250019967556,2,0.44050001353025436
36309,-0.0305000152438879,0.4700000286102295,1,0.4395000133663416
36312,-0.03200000990182161,0.47325002402067184,2,0.44125001411885023
36316,-0.02550000697374344,0.47050002217292786,1,0.4450000151991844
36317,-0.03200000990182161,0.47325002402067184,2,0.44125001411885023
36319,-0.02550000697374344,0.47050002217292786,1,0.4450000151991844
36325,-0.02550000697374344,0.47050002217292786,1,0.4450000151991844
36345,-0.035500009544193745,0.4820000231266022,3,0.44650001358240843
36348,-0.02550000697374344,0.47050002217292786,1,0.4450000151991844
36350,-0.03750001639127731,0.4815000295639038,1,0.4440000131726265
36353,-0.033500004559755325,0.4765000194311142,1,0.44300001487135887
36357,-0.034000011160969734,0.47950002551078796,1,0.44550001434981823
36358,-0.033500004559755325,0.4765000194311142,1,0.44300001487135887
36360,-0.02550000697374344,0.47050002217292786,1,0.4450000151991844
36364,-0.033500004559755325,0.4765000194311142,1,0.44300001487135887
36373,-0.033500004559755325,0.4765000194311142,1,0.44300001487135887
36376,-0.034428172759711606,0.48142818712256835,4,0.44700001436285675
36380,-0.03750001639127731,0.4815000295639038,1,0.4440000131726265
36387,-0.03212501108646393,0.4741250239312649,4,0.44200001284480095
36389,-0.03528765948414825,0.4842876734763386,2,0.44900001399219036
36390,-0.030666677902142208,0.4726666907469432,3,0.44200001284480095
36391,-0.033643832364678494,0.48214384627491247,4,0.448500013910234
36392,-0.025500004490216572,0.47150001923243207,3,0.4460000147422155
36395,-0.034000011160969734,0.47950002551078796,1,0.44550001434981823
36400,-0.02550000697374344,0.47050002217292786,1,0.4450000151991844
36401,-0.02550000697374344,0.47050002217292786,1,0.4450000151991844
36403,-0.03750001639127731,0.4815000295639038,1,0.4440000131726265
36411,-0.02550000697374344,0.47050002217292786,1,0.4450000151991844
36417,-0.034000011160969734,0.47950002551078796,2,0.44550001434981823
36428,-0.034000011160969734,0.47950002551078796,4,0.44550001434981823
36493,-0.033500004559755325,0.4765000194311142,2,0.44300001487135887
36513,-0.03616667911410332,0.4798333595196406,3,0.4436666804055373
36515,-0.03416667319834232,0.4773333544532458,6,0.4431666812549035
36520,-0.036700014024972916,0.4805000275373459,5,0.44380001351237297
36536,-0.03300001099705696,0.4750000238418579,1,0.44200001284480095
36537,-0.03528765948414825,0.4842876734763386,1,0.44900001399219036
36539,-0.02850000187754631,0.4675000160932541,1,0.4390000142157078
36563,-0.03750001639127731,0.4815000295639038,2,0.4440000131726265
36569,-0.03750001639127731,0.4815000295639038,1,0.4440000131726265
36593,-0.034500010311603546,0.4750000238418579,1,0.44050001353025436
36595,-0.03750001639127731,0.4815000295639038,3,0.4440000131726265
36610,-0.03764287169490542,0.48092859983444214,7,0.4432857281395367
36619,-0.034500010311603546,0.4750000238418579,2,0.44050001353025436
36638,-0.03300001099705696,0.4750000238418579,1,0.44200001284480095
36648,-0.034500010311603546,0.4750000238418579,5,0.44050001353025436
36660,-0.03300001099705696,0.4750000238418579,1,0.44200001284480095
36670,-0.03300001099705696,0.4750000238418579,1,0.44200001284480095
36682,-0.034500010311603546,0.4750000238418579,3,0.44050001353025436
36692,-0.03300001099705696,0.4750000238418579,1,0.44200001284480095
36694,-0.03262500837445259,0.47312502190470695,4,0.44050001353025436
36695,-0.02550000697374344,0.47050002217292786,1,0.4450000151991844
36696,-0.034500010311603546,0.4750000238418579,3,0.44050001353025436
36698,-0.030750006437301636,0.471250019967556,2,0.44050001353025436
36708,-0.03528765948414825,0.4842876734763386,2,0.44900001399219036
36712,-0.0260000042617321,0.4725000187754631,2,0.446500014513731
36715,-0.02550000697374344,0.47050002217292786,1,0.4450000151991844
36718,-0.024500004947185516,0.46950002014636993,2,0.4450000151991844
36719,-0.0260000042617321,0.4725000187754631,2,0.446500014513731
36721,-0.02550000697374344,0.47050002217292786,1,0.4450000151991844
36722,-0.02550000697374344,0.47050002217292786,1,0.4450000151991844
36728,-0.028500010259449482,0.4750000238418579,1,0.44650001358240843
36730,-0.027500003576278687,0.4755000174045563,1,0.4480000138282776
36732,-0.028143828764557954,0.4768938436470927,2,0.44875001488253474
36733,-0.028500010259449482,0.4750000238418579,1,0.44650001358240843
36734,-0.03528765948414825,0.4842876734763386,1,0.44900001399219036
36735,-0.03528765948414825,0.4842876734763386,1,0.44900001399219036
36737,-0.02700000861659646,0.4727500230073929,2,0.4457500143907964
36738,-0.029143827065825578,0.4793938412629069,2,0.4502500141970813
36739,-0.028143828764557954,0.4768938436470927,2,0.44875001488253474
36740,-0.0314292273978393,0.47576257395843674,3,0.4443333465605974
36741,-0.03528765948414825,0.4842876734763386,2,0.44900001399219036
36743,-0.02550000697374344,0.47050002217292786,1,0.4450000151991844
36745,-0.024500004947185516,0.46950002014636993,1,0.4450000151991844
36749,-0.03200000524520874,0.48000001907348633,1,0.4480000138282776
36750,-0.03528765948414825,0.4842876734763386,2,0.44900001399219036
36752,-0.0260000042617321,0.4725000187754631,2,0.446500014513731
36754,-0.027929220368464864,0.4764292348995805,3,0.44850001453111565
36756,-0.027500003576278687,0.4755000174045563,1,0.4480000138282776
36757,-0.028500010259449482,0.4750000238418579,1,0.44650001358240843
36759,-0.029375009005889297,0.476250022649765,4,0.4468750136438757
36761,-0.03446574592441337,0.48321575987562554,4,0.44875001395121217
36763,-0.028262555929521798,0.4762625703786811,3,0.44800001444915927
36764,-0.024500004947185516,0.46950002014636993,1,0.4450000151991844
36765,-0.0260000042617321,0.4725000187754631,2,0.446500014513731
36769,-0.01725008620941071,0.4645000249147415,1,0.4472499387053308
36773,-0.027500003576278687,0.4755000174045563,1,0.4480000138282776
36776,-0.027500003576278687,0.4755000174045563,1,0.4480000138282776
36777,-0.029143827065825578,0.4793938412629069,2,0.4502500141970813
36781,-0.03309588999152191,0.4814292372077704,3,0.4483333472162485
36785,-0.024500004947185516,0.46950002014636993,1,0.4450000151991844
36786,-0.026250001043081284,0.4727500155568123,2,0.446500014513731
36787,-0.02859588590264328,0.47809589997679,3,0.4495000140741467
36788,-0.029666675254702568,0.4766666889190674,3,0.4470000136643648
36790,-0.02650000403324763,0.47350001831849414,3,0.4470000142852465
36791,-0.024500004947185516,0.46950002014636993,1,0.4450000151991844
36792,-0.028321915321052132,0.47744692933373156,4,0.44912501401267946
36793,-0.027929220368464864,0.4764292348995805,3,0.44850001453111565
36794,-0.03200000524520874,0.48000001907348633,3,0.4480000138282776
36795,-0.028500010259449482,0.4750000238418579,4,0.44650001358240843
36798,-0.03078765055537247,0.48328766512125754,1,0.45250001456588507
36799,-0.02700000861659646,0.4727500230073929,2,0.4457500143907964
36801,-0.027500003576278687,0.4755000174045563,1,0.4480000138282776
36802,-0.024500004947185516,0.46950002014636993,2,0.4450000151991844
36803,-0.029143827065825578,0.4793938412629069,2,0.4502500141970813
36804,-0.027000003804763157,0.47450001786152524,6,0.4475000140567621
36805,-0.022375044892844698,0.4700000211596489,2,0.4476249762668042
36808,-0.026250001043081284,0.4727500155568123,2,0.446500014513731
36810,-0.027929220368464864,0.4764292348995805,3,0.44850001453111565
36811,-0.02707143234355109,0.47464287493910107,7,0.44757144259555
36812,-0.027666668097178142,0.47566668192545575,3,0.4480000138282776
36813,-0.026250001043081284,0.4727500155568123,2,0.446500014513731
36814,-0.027500003576278687,0.4755000174045563,3,0.4480000138282776
36815,-0.027666668097178142,0.47566668192545575,3,0.4480000138282776
36816,-0.022375044892844698,0.4700000211596489,2,0.4476249762668042
36817,-0.026250001043081284,0.4727500155568123,2,0.446500014513731
36818,-0.01725008620941071,0.4645000249147415,2,0.4472499387053308
36819,-0.024500004947185516,0.46950002014636993,3,0.4450000151991844
36820,-0.02799999713897705,0.47600001096725464,1,0.4480000138282776
36821,-0.022375044892844698,0.4700000211596489,2,0.4476249762668042
36822,-0.027500003576278687,0.4755000174045563,2,0.4480000138282776
36823,-0.024500004947185516,0.46950002014636993,3,0.4450000151991844
36824,-0.024500004947185516,0.46950002014636993,2,0.4450000151991844
36825,-0.028250001991788547,0.4779166827599208,6,0.4496666807681322
36826,-0.02799999713897705,0.47600001096725464,1,0.4480000138282776
36827,-0.029000000407298405,0.4803333481152852,3,0.45133334770798683
36828,-0.03173756545384707,0.49307091293831645,3,0.46133334748446936
36829,-0.03233334018538395,0.4945000211397807,6,0.4621666809543967
36830,-0.03110634128525827,0.49185635534077854,2,0.4607500140555203
36841,-0.024500004947185516,0.44600001722574234,4,0.4215000122785568
36843,-0.02250000461935997,0.4465000182390213,3,0.42400001361966133
36845,-0.024785719279732023,0.44592858850955963,7,0.42114286922982763
36859,-0.0650000348687172,0.6160000562667847,1,0.5510000213980675
36866,-0.07099999487400055,0.6980000138282776,1,0.627000018954277
36868,-0.07199998944997787,0.6290000081062317,1,0.5570000186562538
36869,-0.07099999487400055,0.6980000138282776,1,0.627000018954277
36936,-0.019500013440847397,0.46550002694129944,1,0.44600001350045204
36948,-0.07099999487400055,0.6980000138282776,1,0.627000018954277
36955,-0.06987500004470348,0.6110000163316727,4,0.5411250162869692
36956,-0.06875000521540642,0.6025000214576721,2,0.5337500162422657
36961,-0.06999999657273293,0.6747500151395798,2,0.6047500185668468
36963,-0.0495000034570694,0.565500020980835,1,0.5160000175237656
36964,-0.08249999955296516,0.5775000154972076,1,0.4950000159442425
36965,-0.08249999955296516,0.5775000154972076,1,0.4950000159442425
36966,-0.06770001277327538,0.5783000290393829,10,0.5106000162661075
36967,-0.06712502427399158,0.6285000443458557,4,0.5613750200718641
36968,-0.0675000324845314,0.6625000536441803,5,0.5950000211596489
36970,-0.068700011074543,0.6933000385761261,5,0.624600027501583
36971,-0.0675000324845314,0.6625000536441803,2,0.5950000211596489
36975,-0.06825001910328865,0.6817500442266464,2,0.6135000251233578
36976,-0.0690000057220459,0.7010000348091125,2,0.6320000290870667
36977,-0.0690000057220459,0.7010000348091125,2,0.6320000290870667
36978,-0.07099999487400055,0.6195000112056732,1,0.5485000163316727
36980,-0.0690000057220459,0.7010000348091125,2,0.6320000290870667
36981,-0.0675000324845314,0.6625000536441803,1,0.5950000211596489
36986,-0.0690000057220459,0.7010000348091125,2,0.6320000290870667
36988,-0.0690000057220459,0.7010000348091125,2,0.6320000290870667
36992,-0.0690000057220459,0.7010000348091125,2,0.6320000290870667
36994,-0.0690000057220459,0.7010000348091125,2,0.6320000290870667
37001,-0.06862501241266727,0.6913750395178795,4,0.6227500271052122
37015,-0.06916667769352595,0.6871667007605234,3,0.6180000230669975
37016,-0.0685000146428744,0.6881667077541351,3,0.6196666931112608
37017,-0.07019999921321869,0.6992000222206116,5,0.6290000230073929
37018,-0.07049999758601189,0.6987500190734863,4,0.6282500214874744
37021,-0.06975000475843747,0.6930833607912064,6,0.6233333560327688
37040,-0.06999999657273293,0.6747500151395798,2,0.6047500185668468
37052,-0.07099999487400055,0.6980000138282776,1,0.627000018954277
37055,-0.07099999487400055,0.6980000138282776,1,0.627000018954277
37057,-0.07099999487400055,0.6980000138282776,1,0.627000018954277
37058,-0.07099999487400055,0.6980000138282776,1,0.627000018954277
37106,-0.020000013212362926,0.47166669368743896,3,0.451666680475076
37108,-0.07000000029802322,0.6995000243186951,4,0.6295000240206718
37110,-0.07099999487400055,0.6980000138282776,2,0.627000018954277
37113,-0.06925001367926598,0.6802500337362289,2,0.611000020056963
37118,-0.07099999487400055,0.6980000138282776,2,0.627000018954277
37119,-0.023000023793429136,0.4970000386238098,2,0.4740000148303807
37151,-0.07099999487400055,0.6980000138282776,1,0.627000018954277
37160,-0.0705999955534935,0.6887000143527985,5,0.618100018799305
37166,-0.06925001367926598,0.6802500337362289,2,0.611000020056963
37167,-0.0693333310385545,0.6592500160137812,6,0.5899166849752266
37172,-0.07099999487400055,0.6980000138282776,1,0.627000018954277
37180,-0.07099999487400055,0.6980000138282776,1,0.627000018954277
37183,-0.07099999487400055,0.6980000138282776,1,0.627000018954277
37189,-0.06637499295175076,0.6131250113248825,4,0.5467500183731318
37190,-0.06949999742209911,0.6631250157952309,4,0.5936250183731318
37192,-0.0689999982714653,0.651500016450882,2,0.5825000181794167
37193,-0.0689999982714653,0.651500016450882,3,0.5825000181794167
37194,-0.07099999487400055,0.6980000138282776,1,0.627000018954277
37195,-0.0689999982714653,0.651500016450882,2,0.5825000181794167
37198,-0.07099999487400055,0.6980000138282776,1,0.627000018954277
37199,-0.07049999386072159,0.6402500122785568,2,0.5697500184178352
37204,-0.07099999487400055,0.6980000138282776,1,0.627000018954277
37205,-0.07099999487400055,0.6980000138282776,1,0.627000018954277
37207,-0.06999999657273293,0.6747500151395798,2,0.6047500185668468
37210,-0.07099999487400055,0.6980000138282776,1,0.627000018954277
37214,-0.0495000034570694,0.565500020980835,1,0.5160000175237656
37220,-0.026500005275011063,0.4455000162124634,4,0.4190000109374523
37225,-0.026500005275011063,0.4455000162124634,1,0.4190000109374523
37236,-0.0495000034570694,0.565500020980835,2,0.5160000175237656
37241,-0.03990000607445836,0.5413000226020813,5,0.501400016527623
37242,-0.0495000034570694,0.565500020980835,2,0.5160000175237656
37243,-0.07099999487400055,0.6980000138282776,1,0.627000018954277
37247,-0.07099999487400055,0.6980000138282776,1,0.627000018954277
37252,-0.07099999487400055,0.6980000138282776,1,0.627000018954277
37259,-0.0495000034570694,0.565500020980835,1,0.5160000175237656
37280,-0.023833338171243668,0.44616668423016864,3,0.422333346058925
37281,-0.07099999487400055,0.6980000138282776,1,0.627000018954277
37311,-0.023000023793429136,0.4970000386238098,2,0.4740000148303807
37323,-0.025500010000541806,0.5050000250339508,2,0.479500015033409
37341,-0.021800017170608043,0.4892000317573547,5,0.4674000145867467
37348,-0.021000012755393982,0.484000027179718,3,0.46300001442432404
37360,-0.021000012755393982,0.484000027179718,4,0.46300001442432404
37414,-0.0495000034570694,0.565500020980835,1,0.5160000175237656
37438,-0.020625012926757336,0.4793750271201134,4,0.45875001419335604
37558,-0.01937501598149538,0.4618750289082527,4,0.44250001292675734
37577,-0.019500013440847397,0.46550002694129944,2,0.44600001350045204
37598,-0.019500013440847397,0.46550002694129944,1,0.44600001350045204
37639,-0.019500013440847397,0.46550002694129944,1,0.44600001350045204
37696,-0.020300016552209855,0.45610002875328065,5,0.4358000122010708
37733,-0.0211666797598203,0.4513333588838577,6,0.43016667912403744
37772,-0.02250000461935997,0.4465000182390213,2,0.42400001361966133
37793,-0.02250000461935997,0.4465000182390213,3,0.42400001361966133
37796,-0.02250000461935997,0.4465000182390213,1,0.42400001361966133
37806,-0.02250000461935997,0.4465000182390213,2,0.42400001361966133
37807,-0.02250000461935997,0.4465000182390213,1,0.42400001361966133
37808,-0.02250000461935997,0.4465000182390213,3,0.42400001361966133
37817,-0.026500005275011063,0.4455000162124634,4,0.4190000109374523
37823,-0.026500005275011063,0.4455000162124634,4,0.4190000109374523
37904,-0.055285727339131494,0.5460714570113591,7,0.49078572967222756
37907,-0.03650000784546137,0.507500022649765,2,0.47100001480430365
37923,-0.07350001763552427,0.5415000319480896,1,0.4680000143125653
37932,-0.04200000502169132,0.5446666876475016,3,0.5026666826258103
37934,-0.06499999202787876,0.5550000071525574,2,0.4900000151246786
37935,-0.031692906499430545,0.5286929225572944,25,0.4970000160578638
37965,-0.0703125080326572,0.546562522649765,8,0.4762500146171078
37972,-0.030500011518597603,0.5395000278949738,2,0.5090000163763762
37979,-0.030500011518597603,0.5395000278949738,1,0.5090000163763762
37982,-0.032000014558434486,0.5300000309944153,1,0.4980000164359808
37996,-0.047666700246433415,0.510166714588801,3,0.4625000143423676
38005,-0.04700002912431955,0.5105000436306,2,0.4635000145062804
38007,-0.047500016167759895,0.5115000307559967,1,0.4640000145882368
38009,-0.047250028078754745,0.5105833758910497,6,0.463333347812295
38017,-0.04766669558982054,0.5090000430742899,3,0.46133334748446936
38018,-0.047500016167759895,0.5115000307559967,1,0.4640000145882368
38156,-0.047600030340254305,0.5095000445842743,5,0.46190001424402005
38157,-0.047000015154480934,0.5070000290870667,3,0.4600000139325857
38160,-0.054000033996999264,0.5240000486373901,1,0.4700000146403909
38166,-0.049333359114825726,0.5123333732287089,3,0.46300001411388314
38361,0.023051272274759144,0.4475513066236789,39,0.47060257889843804
38370,0.030076914180356722,0.42723079254994023,13,0.45730770673029697
38742,-0.04300001449882984,0.5555000305175781,2,0.5125000160187483
38750,-0.04300001263618469,0.6130000352859497,1,0.570000022649765
38751,-0.04300001263618469,0.6130000352859497,2,0.570000022649765
38755,-0.04350002110004425,0.6240000426769257,2,0.5805000215768814
38756,-0.04300001263618469,0.6130000352859497,1,0.570000022649765
38759,-0.03946668952703476,0.6698000431060791,15,0.6303333535790443
38762,-0.030333357552687328,0.5446667075157166,3,0.5143333499630293
38773,-0.03500000238418579,0.5770000219345093,5,0.5420000195503235
38781,-0.04375000298023224,0.6047500222921371,2,0.5610000193119049
38783,-0.04064285382628441,0.5875000144754138,7,0.5468571606491294
38790,-0.03100001811981201,0.5505000352859497,6,0.5195000171661377
38795,-0.031000022077932954,0.5110000371932983,1,0.4800000151153654
38809,-0.03800000995397568,0.671500027179718,1,0.6335000172257423
38824,-0.03562502121097252,0.5451666911443075,6,0.5095416699333349
38840,-0.04076924748145617,0.6290384989518386,13,0.5882692514703824
38843,-0.040000010281801224,0.5580000281333923,1,0.5180000178515911
38850,-0.03203848242983937,0.5080769474689777,13,0.4760384650391383
38858,-0.03237501053372398,0.49355002492666245,20,0.46117501439293845
38870,-0.03300000114055971,0.5203333497047424,9,0.4873333485641827
38881,-0.034000009298324585,0.48900002241134644,1,0.45500001311302185
38887,-0.033450011257082225,0.4892500251531601,10,0.4558000138960778
38891,-0.040000010281801224,0.5580000281333923,2,0.5180000178515911
38892,-0.04350000619888306,0.5630000233650208,4,0.5195000171661377
38898,-0.035750004928559065,0.5077500194311142,4,0.47200001450255513
38899,-0.038750005420297384,0.5422500222921371,2,0.5035000168718398
38903,-0.03113334677182138,0.5029000282287598,15,0.4717666814569384
38904,-0.06929558171927908,0.5472955967396496,3,0.4780000150203705
38907,-0.02350001409649849,0.518500030040741,2,0.4950000159442425
38909,-0.02053847934047763,0.5096923410892487,13,0.489153861748771
39030,-0.06080832059830443,0.5288083349108698,1,0.4680000143125653
39041,-0.06080832059830443,0.5288083349108698,1,0.4680000143125653
39129,-0.06080832059830443,0.5288083349108698,1,0.4680000143125653
39133,-0.06080832059830443,0.5288083349108698,1,0.4680000143125653
39134,-0.06080832059830443,0.5288083349108698,1,0.4680000143125653
39139,-0.06080832059830443,0.5288083349108698,1,0.4680000143125653
39177,-0.00786518572206994,0.4467223425054123,7,0.43885715678334236
39216,-0.0036666707860098947,0.3647777901755439,9,0.361111119389534
39276,-0.0033000104129314424,0.39775002300739287,10,0.39445001259446144
39291,-0.004500009119510651,0.4195000231266022,4,0.4150000140070915
39309,-0.00516667403280735,0.41416668395201367,3,0.4090000099192063
39320,-0.0032222315979500613,0.4364444663127263,9,0.4332222347147763
39327,-0.004333343046406905,0.41183335334062576,6,0.40750001029421884
39363,-0.009999994188547134,0.43700000643730164,3,0.4270000122487545
39375,-0.009999994188547134,0.43700000643730164,1,0.4270000122487545
39382,-0.006916120403607599,0.44194946686784414,15,0.4350333464642365
39412,-0.007750007789582014,0.46650002151727676,8,0.45875001372769475
39416,-0.009400008246302605,0.468200021982193,5,0.4588000137358904
39418,-0.040342728583142,0.41884273940138506,2,0.378500010818243
39467,-0.04550001269672066,0.5210000276565552,2,0.4755000149598345
39490,-0.045000012731179595,0.5210000276565552,2,0.4760000149253756
39492,-0.04466668324958947,0.5237778094079759,9,0.47911112615838647
39499,-0.04838609212865789,0.5326003931169,7,0.4842143009882421
39500,-0.045000012731179595,0.5210000276565552,1,0.4760000149253756
39501,-0.045000012731179595,0.5210000276565552,1,0.4760000149253756
39502,-0.045000012731179595,0.5210000276565552,2,0.4760000149253756
39525,-0.04870267303586018,0.5387026881605388,1,0.4900000151246786
39526,-0.04870267303586018,0.5387026881605388,1,0.4900000151246786
39527,-0.048301780331228006,0.5348017954448859,3,0.4865000151136579
39547,-0.04600000825303141,0.5225000232458115,4,0.47650001499278005
39564,-0.04639287501673347,0.5235714614391327,14,0.47717858642239924
39573,-0.049750006990507245,0.5330000221729279,4,0.4832500151824206
39580,-0.04550001269672066,0.5210000276565552,2,0.4755000149598345
39581,-0.04550001269672066,0.5210000276565552,2,0.4755000149598345
39584,-0.04550001269672066,0.5210000276565552,1,0.4755000149598345
39585,-0.04550001269672066,0.5210000276565552,2,0.4755000149598345
39586,-0.04550001269672066,0.5210000276565552,1,0.4755000149598345
39604,-0.0369999980321154,0.5175000131130219,1,0.48050001508090645
39606,-0.0369999980321154,0.5175000131130219,1,0.48050001508090645
39620,-0.03769231689735674,0.518769255051246,13,0.4810769381538893
39659,-0.02499999850988388,0.42500001192092896,1,0.4000000134110451
39661,-0.02499999850988388,0.42500001192092896,1,0.4000000134110451
39665,-0.02499999850988388,0.42500001192092896,5,0.4000000134110451
39675,-0.02499999850988388,0.42500001192092896,2,0.4000000134110451
39691,-0.02685715151684625,0.44171430596283506,7,0.4148571544459888
39715,-0.02499999850988388,0.42500001192092896,2,0.4000000134110451
39774,-0.02533333996931712,0.4260000189145406,3,0.40066667894522345
39786,-0.044333322594563164,0.5013333360354105,3,0.45700001344084734
39813,-0.03150002285838127,0.4440000355243683,2,0.412500012665987
39821,-0.02499999850988388,0.42500001192092896,1,0.4000000134110451
39873,-0.03150002285838127,0.4440000355243683,1,0.412500012665987
39874,-0.03150002285838127,0.4440000355243683,3,0.412500012665987
39924,-0.0440833338846763,0.500083347161611,6,0.4560000132769347
40108,-0.02499999850988388,0.42500001192092896,5,0.4000000134110451
40163,-0.044700002297759056,0.5011000156402587,10,0.4564000133424997
40180,-0.026000022888183594,0.4280000329017639,1,0.4020000100135803
40185,-0.03150002285838127,0.4440000355243683,1,0.412500012665987
40208,-0.02499999850988388,0.42500001192092896,1,0.4000000134110451
40250,-0.02843460918143399,0.43673462078645836,10,0.4083000116050244
40303,-0.02499999850988388,0.42500001192092896,1,0.4000000134110451
40310,-0.025500010699033737,0.42650002241134644,2,0.4010000117123127
40334,-0.02499999850988388,0.42500001192092896,1,0.4000000134110451
40342,-0.02499999850988388,0.42500001192092896,1,0.4000000134110451
40359,-0.02499999850988388,0.42500001192092896,1,0.4000000134110451
40364,-0.02499999850988388,0.42500001192092896,1,0.4000000134110451
40366,-0.02499999850988388,0.42500001192092896,1,0.4000000134110451
40374,-0.029005422365452876,0.4332911459750366,7,0.4042857236095837
40375,-0.02499999850988388,0.42500001192092896,1,0.4000000134110451
40383,-0.02499999850988388,0.42500001192092896,1,0.4000000134110451
40389,-0.02499999850988388,0.42500001192092896,1,0.4000000134110451
40401,-0.02499999850988388,0.42500001192092896,1,0.4000000134110451
40406,-0.02499999850988388,0.42500001192092896,1,0.4000000134110451
40416,-0.02967299300804771,0.4346730016507212,2,0.4050000086426735
40432,-0.02499999850988388,0.42500001192092896,1,0.4000000134110451
40436,-0.02499999850988388,0.42500001192092896,2,0.4000000134110451
40458,-0.02499999850988388,0.42500001192092896,2,0.4000000134110451
40468,-0.02499999850988388,0.42500001192092896,1,0.4000000134110451
40645,-0.025500025367364287,0.5015000402927399,2,0.4760000149253756
40646,-0.02500002208398655,0.4960000365972519,4,0.47100001451326534
40647,-0.00971388723982711,0.46449167892204396,9,0.4547777916822168
40648,-0.030625006882473826,0.523125022649765,4,0.4925000157672912
40649,-0.02778573626918452,0.5083571800163814,7,0.4805714437471969
40650,-0.028699990175664426,0.5333000063896179,5,0.5046000162139536
40651,-0.028833354435240228,0.5118333697319031,3,0.48300001529666287
40652,-0.0259000223595649,0.4999000370502472,5,0.4740000146906823
40653,-0.033576930282064356,0.5126923299752749,13,0.47911539969321054
40654,-0.027999984100461006,0.5370000004768372,3,0.5090000163763762
40655,-0.023750013167349,0.4891666943828265,6,0.4654166812154775
40656,-0.030833350804944832,0.5175000329812368,3,0.486666682176292
40658,-0.028125008568167686,0.5126250237226486,4,0.48450001515448093
40659,-0.026800019619986414,0.4992000341415405,5,0.4724000145215541
40660,-0.023750017397105694,0.4802500307559967,2,0.456500013358891
40661,-0.02730001136660576,0.50630002617836,5,0.47900001481175425
40662,-0.025000010927518208,0.4791666915019353,6,0.4541666805744171
40663,-0.027500011647741,0.4895000259081523,3,0.46200001426041126
40664,-0.025500011630356312,0.47950002551078796,2,0.45400001388043165
40665,-0.026000008918344975,0.47850002348423004,1,0.45250001456588507
40667,0.0070874975566234556,0.4546069612016281,18,0.46169445875825155
40671,-0.02200003433972597,0.5100000500679016,2,0.48800001572817564
40672,-0.021999984979629517,0.5230000019073486,3,0.5010000169277191
40673,-0.022000009659677744,0.5165000259876251,4,0.4945000163279474
40677,-0.02200003433972597,0.5100000500679016,2,0.48800001572817564
40681,-0.020749987568706274,0.5205000042915344,4,0.49975001672282815
40682,-0.021999984979629517,0.5230000019073486,1,0.5010000169277191
40692,-0.016999995335936546,0.5130000114440918,2,0.49600001610815525
40696,-0.016999995335936546,0.5130000114440918,2,0.49600001610815525
40701,-0.021999984979629517,0.5230000019073486,2,0.5010000169277191
40942,-0.04825001547578722,0.5182500302791595,10,0.4700000148033723
40944,-0.052999995183199644,0.5270000100135803,1,0.4740000148303807
40945,-0.004000005312263966,0.46150001883506775,4,0.4575000135228038
40946,-0.00433333870023489,0.46150001883506775,6,0.45716668013483286
40951,-0.002250001300126314,0.46550001576542854,8,0.46325001446530223
40954,0.0013333301370342572,0.467000017563502,3,0.46833334770053625
40964,-0.0005000128876417875,0.4637500271201134,4,0.4632500142324716
40968,-0.001000015065073967,0.46300002932548523,1,0.46200001426041126
40987,-0.003630195710808151,0.46413020972535024,8,0.4605000140145421
40991,-0.004400011338293553,0.4647000253200531,5,0.46030001398175957
41027,0.0009999871253967285,0.39400002360343933,1,0.39500001072883606
42234,0.005149997770786285,0.27625001296401025,10,0.28140001073479654
42533,0.009681812064214186,0.26322728327729483,11,0.27290909534150903
46247,0.046642853922787164,0.4063095414922351,21,0.45295239541502225
46248,0.10762498993426561,0.44918753020465374,8,0.5568125201389194
46298,-0.05312502397490399,0.5372857536588397,28,0.4841607296839357
46309,-0.052583349558214344,0.5445833653211594,6,0.492000015762945
46397,0.06300000846385956,-0.2410000115633011,1,-0.17800000309944153
46398,0.06300000846385956,-0.2410000115633011,1,-0.17800000309944153
46405,0.01588888218005498,0.17766667322980034,9,0.19355555540985533
46425,0.037249987944960594,-0.08375000208616257,8,-0.04650001414120197
46429,0.06300000846385956,-0.2410000115633011,1,-0.17800000309944153
46437,0.06300000846385956,-0.2410000115633011,1,-0.17800000309944153
46589,0.020689894109112865,-0.018939904399429035,28,0.0017499897096838295
46749,0.0022499924525618553,0.4532500207424164,2,0.45550001319497824
46751,0.006999999284744263,0.4480000138282776,1,0.45500001311302185
46753,-0.005000004855295022,0.4853333532810211,3,0.4803333484257261
46758,-0.006833338799575965,0.4583333532015483,3,0.4515000144019723
46763,0.002499993657693267,0.4775000214576721,1,0.4800000151153654
46765,-0.005198960092415421,0.4976989757820964,6,0.49250001568968094
46768,-0.0021666682635744414,0.48866668343544006,6,0.48650001517186564
46771,-0.006000002846121788,0.4570000171661377,1,0.4510000143200159
46772,0.0023333273517588773,0.47983335455258685,3,0.48216668190434575
46773,0.005499993450939655,0.45100001990795135,2,0.456500013358891
46775,0.001499990001320839,0.45475002378225327,4,0.4562500137835741
46776,0.003999987617135048,0.4540000259876251,2,0.45800001360476017
46779,9.998977184295654e-05,0.45530002415180204,5,0.455400013923645
46780,-0.011999983340501785,0.5139999985694885,1,0.5020000152289867
46784,0.006999986246228218,0.4492500275373459,8,0.4562500137835741
46789,0.001999991131015122,0.4750000238418579,2,0.47700001497287303
46791,-0.008500010706484318,0.4610000252723694,1,0.45250001456588507
46792,0.0022499924525618553,0.4532500207424164,2,0.45550001319497824
46793,-0.012499982491135597,0.5209999978542328,2,0.5085000153630972
46798,-0.00100000761449337,0.4555000215768814,2,0.45450001396238804
46811,0.003999987617135048,0.4540000259876251,1,0.45800001360476017
46814,-0.0005000037490390241,0.468500018119812,2,0.468000014370773
46837,-0.008000005036592484,0.503000020980835,1,0.4950000159442425
46839,-0.01299998164176941,0.527999997138977,1,0.5150000154972076
46844,-0.003552960317581825,0.46621964088827367,6,0.4626666805706918
46863,0.0019999947398900986,0.4845000207424164,1,0.4865000154823065
46873,0.007499990984797478,0.44850002229213715,2,0.4560000132769346
46881,-0.012249982915818691,0.5174999982118607,4,0.505250015296042
46892,-0.010499993339180946,0.515500009059906,2,0.5050000157207251
46902,-0.010499993339180946,0.515500009059906,4,0.5050000157207251
46931,-0.006000002846121788,0.4570000171661377,1,0.4510000143200159
46937,-0.01299998164176941,0.527999997138977,1,0.5150000154972076
46947,0.004549994133412838,0.4610500201582909,10,0.4656000142917037
47008,0.00639999695122242,0.4492000162601471,5,0.4556000132113695
47030,0.001999993536931773,0.4813333551088969,3,0.48333334864582866
47043,0.004166655863324801,0.4518333574136098,3,0.4560000132769346
47044,0.0009999883477576077,0.4597500264644623,4,0.4607500148122199
47047,0.0023999946657568215,0.47110002040863036,5,0.47350001507438716
47127,0.004404135901946438,0.4620958789214493,2,0.46650001482339576
47272,-0.010499993339180946,0.515500009059906,2,0.5050000157207251
47449,-0.01299998164176941,0.527999997138977,1,0.5150000154972076
48813,-0.01299998164176941,0.527999997138977,1,0.5150000154972076
48848,-0.010499993339180946,0.515500009059906,2,0.5050000157207251
49078,-0.01299998164176941,0.527999997138977,1,0.5150000154972076
66451,-0.01299998164176941,0.527999997138977,1,0.5150000154972076
83363,-0.055833347917844854,0.5124166955550512,6,0.45658334763720637
83365,-0.05775001272559166,0.5187500268220901,2,0.4610000140964985
83384,-0.025300003023585305,0.4929500177502632,20,0.4676500147266779
83391,-0.053198461642737206,0.5230318096667529,6,0.46983334802401566
83400,-0.05554769093394282,0.5265477057382465,4,0.47100001480430365
83401,-0.05566668168952068,0.5270000298817953,3,0.4713333481922746
83403,-0.05614032945268689,0.5246958997223113,9,0.46855557026962447
83422,-0.05733335313076774,0.5212500343720118,6,0.463916681241244
83437,-0.038999997079372406,0.49800001084804535,2,0.45900001376867294
83446,-0.037999995052814484,0.4970000088214874,1,0.45900001376867294
83461,-0.039333331088225044,0.498333344856898,3,0.45900001376867294
83462,-0.038999997079372406,0.49800001084804535,2,0.45900001376867294
83465,0.011499986052513123,0.44350002706050873,1,0.45500001311302185
83467,0.011499986052513123,0.44350002706050873,1,0.45500001311302185
83477,0.011499986052513123,0.44350002706050873,2,0.45500001311302185
83478,0.011499986052513123,0.44350002706050873,3,0.45500001311302185
83514,0.011499986052513123,0.44350002706050873,1,0.45500001311302185
83541,0.0034999921917915344,0.5005000233650208,1,0.5040000155568123
83543,-0.014000015333294868,0.46300002932548523,1,0.44900001399219036
83548,-0.009000001475214958,0.4710000157356262,1,0.46200001426041126
83549,-0.0033750049769878387,0.4943750202655792,4,0.4910000152885914
83552,-0.014000015333294868,0.46300002932548523,1,0.44900001399219036
83575,0.0034999921917915344,0.5005000233650208,1,0.5040000155568123
83576,-0.014000015333294868,0.46300002932548523,1,0.44900001399219036
83587,0.0034999921917915344,0.5005000233650208,1,0.5040000155568123
83601,-0.012999998405575752,0.4690000116825104,1,0.4560000132769346
83604,-0.013000008650124073,0.4820000231266022,2,0.4690000144764781
83605,0.0034999921917915344,0.5005000233650208,2,0.5040000155568123
83625,-0.014000015333294868,0.46300002932548523,1,0.44900001399219036
83626,-0.004500003531575203,0.4870000183582306,2,0.4825000148266554
83627,-0.008000005036592484,0.503000020980835,1,0.4950000159442425
83629,-0.01287501072511077,0.45237502455711365,4,0.4395000138320029
83630,-0.011237093343287641,0.489837108555138,5,0.47860001521185036
83632,-0.0022500064224004745,0.5017500221729279,2,0.4995000157505274
83633,-0.010937509126961231,0.48368752375245094,8,0.4727500146254897
83635,-0.005666675201306741,0.499666690826416,3,0.49400001562510926
83638,-0.012500012759119272,0.49550002813339233,1,0.48300001537427306
83652,-0.012750010704621673,0.48875002562999725,2,0.4760000149253756
83658,0.0034999921917915344,0.5005000233650208,1,0.5040000155568123
83662,-0.014000015333294868,0.46300002932548523,1,0.44900001399219036
83663,-0.007166677775482337,0.4971666932106018,3,0.49000001543511945
83664,0.0034999921917915344,0.5005000233650208,1,0.5040000155568123
83665,-0.01350000943057239,0.46925002336502075,4,0.45575001393444836
83668,0.0017296592990556636,0.5012703567147255,3,0.5030000160137812
83674,-0.012500012759119272,0.49550002813339233,1,0.48300001537427306
83677,0.0034999921917915344,0.5005000233650208,1,0.5040000155568123
83681,-0.004500010283663869,0.49800002574920654,2,0.4935000154655427
83682,-0.004500010283663869,0.49800002574920654,2,0.4935000154655427
83683,0.0034999921917915344,0.5005000233650208,1,0.5040000155568123
83684,0.0008444928526877282,0.501655523389578,2,0.5025000162422657
83687,-0.01325001404620707,0.4792500287294388,2,0.4660000146832317
83689,0.0008444928526877282,0.501655523389578,2,0.5025000162422657
83694,-0.001811006486416078,0.5028110234141352,1,0.5010000169277191
83695,-0.014000015333294868,0.46300002932548523,1,0.44900001399219036
83699,-0.014000015333294868,0.46300002932548523,1,0.44900001399219036
83702,-0.014000015333294868,0.46300002932548523,1,0.44900001399219036
83705,0.0034999921917915344,0.5005000233650208,1,0.5040000155568123
83709,-0.001811006486416078,0.5028110234141352,1,0.5010000169277191
83716,-0.014000015333294868,0.46300002932548523,1,0.44900001399219036
83719,0.0034999921917915344,0.5005000233650208,1,0.5040000155568123
83742,-0.001811006486416078,0.5028110234141352,1,0.5010000169277191
83745,-0.001811006486416078,0.5028110234141352,1,0.5010000169277191
83753,-0.001811006486416078,0.5028110234141352,1,0.5010000169277191
83759,-0.001811006486416078,0.5028110234141352,1,0.5010000169277191
83767,-0.001811006486416078,0.5028110234141352,1,0.5010000169277191
83768,-0.001811006486416078,0.5028110234141352,1,0.5010000169277191
83771,-0.001811006486416078,0.5028110234141352,1,0.5010000169277191
83773,-0.001811006486416078,0.5028110234141352,1,0.5010000169277191
83795,-0.001811006486416078,0.5028110234141352,1,0.5010000169277191
83798,-0.001811006486416078,0.5028110234141352,1,0.5010000169277191
83800,-0.001811006486416078,0.5028110234141352,1,0.5010000169277191
83990,-0.04233332381894191,0.5073333382606506,3,0.46500001444170874
84008,-0.041499980725347996,0.5049999952316284,2,0.4635000145062804
84012,-0.04750000638887286,0.5215000212192535,1,0.4740000148303807
84013,-0.04774999991059303,0.5220000147819519,2,0.47425001487135887
84035,-0.047000009566545486,0.5243333578109741,3,0.47733334824442863
84043,-0.047999993432313204,0.5225000083446503,4,0.47450001491233706
84074,-0.041499980725347996,0.5049999952316284,1,0.4635000145062804
84081,-0.043375002685934305,0.5102500170469284,4,0.4668750143609941
84085,-0.04274999536573887,0.5085000097751617,4,0.4657500144094229
84091,-0.047500016167759895,0.5115000307559967,1,0.4640000145882368
84092,-0.041499980725347996,0.5049999952316284,2,0.4635000145062804
84095,-0.04449999355711043,0.513250008225441,2,0.46875001466833055
84096,-0.04624999966472387,0.5435833483934402,6,0.4973333487287164
84099,-0.047999993432313204,0.5225000083446503,2,0.47450001491233706
84100,-0.04599999636411667,0.550000011920929,3,0.5040000155568123
84101,-0.046999994898214936,0.5362500101327896,2,0.4892500152345747
84102,-0.04599999636411667,0.550000011920929,3,0.5040000155568123
84103,-0.02699999511241913,0.4090000092983246,1,0.38200001418590546
84105,0.00034999167546629907,0.45795002281665803,10,0.4583000144921243
84106,-0.0035555598571793074,0.4891111304362615,18,0.48555557057908216
84109,-0.002229051453433717,0.49172906707823255,4,0.48950001562479883
84110,-1.862645149230957e-08,0.5143333673477173,3,0.5143333487212658
84111,-0.0021875043166801333,0.4375625178217888,8,0.43537501350510865
84113,0.016388883710735373,0.31661112275388503,9,0.3330000064646204
84116,0.008499996270984411,0.3385000117123127,2,0.3470000079832971
84120,0.008499996270984411,0.3385000117123127,2,0.3470000079832971
84125,0.0034999949857592583,0.4845000207424164,3,0.48800001572817564
84126,0.00449998676776886,0.450500026345253,3,0.45500001311302185
84127,-0.0013832451950011927,0.49098326071977605,5,0.48960001552477483
84128,0.0053749901708215475,0.42675002198666334,8,0.4321250121574849
84132,0.0034999949857592583,0.4845000207424164,2,0.48800001572817564
84135,0.0019999798387289047,0.4880000352859497,4,0.4900000151246786
84137,-0.002076368098333392,0.5122013837277888,4,0.5101250156294554
84138,-0.0023000091314315796,0.45610002279281614,5,0.45380001366138456
84139,-0.0032500121742486954,0.4910000264644623,2,0.4877500142902136
84142,-0.004937710934877493,0.5626043951253097,3,0.5576666841904322
84143,-0.006833326071500778,0.47166667381922406,3,0.4648333477477233
84144,-0.007666666184862455,0.44776667952537536,15,0.4401000133405129
84145,-0.004937710934877493,0.5626043951253097,3,0.5576666841904322
84147,-0.012800006791949273,0.42773001968860624,50,0.414930012896657
84148,-0.006813101691007906,0.5538131224334243,5,0.5470000207424164
84149,-0.005400003679096699,0.4445000171661377,5,0.439100013487041
84150,-0.020140003841370345,0.4878400182723999,25,0.4677000144310296
84151,-0.009562611437738,0.5132626280629635,5,0.5037000166252256
84153,-0.026000024129947025,0.5523333748181661,6,0.5263333506882191
84154,-0.022999994456768036,0.5730000138282776,5,0.5500000193715096
84155,-0.018500004895031452,0.5071363841945474,11,0.488636379299516
84157,0.44600000977516174,-0.09700000286102295,1,0.3490000069141388
84158,0.6625000275671482,-0.16050001233816147,1,0.5020000152289867
84159,0.6625000275671482,-0.16050001233816147,1,0.5020000152289867
84160,0.7235000275541097,-0.2350000124424696,4,0.4885000151116401
84162,0.711700027063489,-0.180300010740757,5,0.531400016322732
84163,0.7500000298023224,-0.14550001174211502,1,0.6045000180602074
84164,0.7500000298023224,-0.14550001174211502,1,0.6045000180602074
84165,0.5005000159144402,0.07850000262260437,1,0.5790000185370445
84166,0.4792500175535679,0.11775000393390656,2,0.5970000214874744
84167,0.5992981944461352,0.035701825819444005,1,0.6350000202655792
84168,0.4125000089406967,0.2535000145435333,1,0.66600002348423
84169,0.41075000911951065,0.2407500147819519,2,0.6515000239014626
84170,0.379000011831522,0.07100000232458115,1,0.45000001415610313
84172,0.36335066019771606,0.029149351052660637,2,0.3925000112503767
84173,0.4080000100657344,0.009000000543892384,1,0.41700001060962677
84174,0.3361251318990253,0.09525000536814332,2,0.43137513726716864
84175,-0.06466666422784328,0.5253333449363708,3,0.46066668070852757
84182,-0.0370463705500587,0.4037963780453428,4,0.3667500074952841
84214,-0.04900001548230648,0.5146666963895162,3,0.46566668090720975
84335,-0.055500030517578125,0.7970000505447388,1,0.7415000200271606
84336,-0.055500030517578125,0.7970000505447388,2,0.7415000200271606
84354,-0.055500030517578125,0.7970000505447388,1,0.7415000200271606
84369,-0.05810002088546753,0.8178000450134277,5,0.7597000241279602
84398,-0.019666658714413643,0.5163333415985107,3,0.4966666828840971
84440,-0.021999990567564964,0.5180000066757202,1,0.49600001610815525
84504,-0.021999990567564964,0.5180000066757202,1,0.49600001610815525
84535,-0.021999990567564964,0.5180000066757202,1,0.49600001610815525
84544,-0.021999990567564964,0.5180000066757202,2,0.49600001610815525
84554,-0.021999990567564964,0.5180000066757202,1,0.49600001610815525
84565,-0.021199990436434744,0.5180000066757202,5,0.4968000162392855
84586,-0.016999995335936546,0.5130000114440918,1,0.49600001610815525
84587,-0.0020000082440674305,0.45775002241134644,6,0.455750014167279
84613,-0.03850000351667404,0.4905000180006027,2,0.4520000144839287
84650,-0.0390000082552433,0.49250002205371857,2,0.45350001379847527
84652,-0.03950001299381256,0.4945000261068344,1,0.45500001311302185
84654,-0.03950001299381256,0.4945000261068344,1,0.45500001311302185
84719,-0.03800000436604023,0.4870000183582306,1,0.44900001399219036
84723,-0.03800000436604023,0.4870000183582306,1,0.44900001399219036
84739,-0.03800000436604023,0.4870000183582306,1,0.44900001399219036
84762,-0.03800000436604023,0.4870000183582306,2,0.44900001399219036
84774,-0.03966666509707769,0.49133334557215375,3,0.4516666804750761
84775,-0.03800000436604023,0.4870000183582306,3,0.44900001399219036
84777,-0.03850000351667404,0.4905000180006027,2,0.4520000144839287
84797,-0.03850000351667404,0.4905000180006027,1,0.4520000144839287
84808,-0.03850000351667404,0.4905000180006027,2,0.4520000144839287
84811,-0.03966666509707769,0.49133334557215375,3,0.4516666804750761
84816,-0.03850000351667404,0.4905000180006027,1,0.4520000144839287
84831,-0.03850000351667404,0.4905000180006027,1,0.4520000144839287
84832,-0.03850000351667404,0.4905000180006027,2,0.4520000144839287
84839,-0.03930000029504299,0.49170001447200773,5,0.45240001417696474
84843,-0.03950001299381256,0.4945000261068344,1,0.45500001311302185
84848,-0.03850000351667404,0.4905000180006027,1,0.4520000144839287
84853,-0.03950001299381256,0.4945000261068344,1,0.45500001311302185
84854,-0.0390000082552433,0.49250002205371857,2,0.45350001379847527
84855,-0.0390000082552433,0.49250002205371857,2,0.45350001379847527
84857,-0.03850000351667404,0.4905000180006027,1,0.4520000144839287
84858,-0.03950001299381256,0.4945000261068344,1,0.45500001311302185
84860,-0.03950001299381256,0.4945000261068344,1,0.45500001311302185
84862,-0.03950001299381256,0.4945000261068344,1,0.45500001311302185
84866,-0.03950001299381256,0.4945000261068344,1,0.45500001311302185
84868,-0.03950001299381256,0.4945000261068344,1,0.45500001311302185
84882,-0.03950001299381256,0.4945000261068344,1,0.45500001311302185
84927,-0.03800000809133053,0.48900002241134644,1,0.4510000143200159
84941,-0.03800000622868538,0.4880000203847885,8,0.45000001415610313
84943,-0.03800000809133053,0.48900002241134644,1,0.4510000143200159
84948,-0.04143776147643678,0.4961044416981931,15,0.4546666802217563
84961,-0.0587955380886791,0.513795551201701,1,0.45500001311302185
84962,-0.060397775988280666,0.5173977894291281,2,0.4570000134408474
84963,-0.06093185528814785,0.5185985355049371,3,0.4576666802167892
84969,-0.06233334541320801,0.5226666927337646,3,0.46033334732055664
84970,-0.06200001388788223,0.5210000276565552,1,0.45900001376867294
84971,-0.062250012531876564,0.5222500264644623,2,0.4600000139325857
84977,-0.06200001388788223,0.5210000276565552,1,0.45900001376867294
84980,-0.0625000111758709,0.5235000252723694,3,0.4610000140964985
85057,-0.06200001388788223,0.5210000276565552,1,0.45900001376867294
85081,-0.04949999414384365,0.5455000102519989,1,0.49600001610815525
85082,-0.04983333436151346,0.5588333507378896,3,0.5090000163763762
85095,-0.04990090273916725,0.5482342513213555,3,0.49833334858218825
85099,-0.050500018522143364,0.557500034570694,3,0.5070000160485506
85102,-0.0487342389856776,0.5449009211669366,3,0.496166682181259
85115,-0.04949999414384365,0.5455000102519989,2,0.49600001610815525
85119,-0.04949999414384365,0.5455000102519989,2,0.49600001610815525
85125,-0.04949999414384365,0.5455000102519989,1,0.49600001610815525
85136,-0.0494999922811985,0.5595000088214874,3,0.5100000165402889
85137,-0.049499992902080216,0.554833342631658,3,0.5053333497295778
85166,-0.050500018522143364,0.557500034570694,2,0.5070000160485506
85171,-0.047000025399029255,0.538500040769577,1,0.49150001537054777
85175,-0.052000011783093214,0.5683750286698341,4,0.5163750168867409
85178,-0.047000025399029255,0.538500040769577,1,0.49150001537054777
85180,-0.04933335383733114,0.549666702747345,3,0.5003333489100138
85182,-0.047000025399029255,0.538500040769577,1,0.49150001537054777
85183,-0.047000025399029255,0.538500040769577,1,0.49150001537054777
85206,-0.05183333453411857,0.5626666843891144,6,0.5108333498549958
85211,-0.062000006437301636,0.8490000367164612,4,0.7870000302791595
85244,-0.021750018349848688,0.5037500336766243,2,0.4820000153267756
85246,-0.06735986146450042,0.7611598846626282,5,0.6938000231981277
85257,-0.02200003433972597,0.5100000500679016,1,0.48800001572817564
85282,-0.062000006437301636,0.8490000367164612,3,0.7870000302791595
85293,-0.06866668164730072,0.7036667068799337,9,0.635000025232633
85295,-0.07090000696480274,0.6137000262737274,5,0.5428000193089247
85297,-0.064357157264437,0.8156428975718362,7,0.7512857403073991
85509,-0.03078765055537247,0.48328766512125754,2,0.45250001456588507
85511,-0.03078765055537247,0.48328766512125754,2,0.45250001456588507
85514,-0.03078765055537247,0.4832876651212576,3,0.4525000145658851
85515,-0.03078765055537247,0.48328766512125754,4,0.45250001456588507
85516,-0.03078765055537247,0.48328766512125754,1,0.45250001456588507
85520,-0.03078765055537247,0.48328766512125754,4,0.45250001456588507
85523,-0.03078765055537247,0.48328766512125754,2,0.45250001456588507
85524,-0.03078765055537247,0.48328766512125754,2,0.45250001456588507
85525,-0.03078765055537247,0.48328766512125754,1,0.45250001456588507
85526,-0.03078765055537247,0.48328766512125754,2,0.45250001456588507
85710,0.4237777909470929,0.0007222212023205227,9,0.4245000121494134
85713,0.339583339189024,0.1895833450059096,6,0.5291666841949336
85791,0.3170000035315752,0.17500001192092896,3,0.49200001545250416
85809,0.40102885823132683,0.07164423416655225,52,0.4726730923978791
85815,0.014999998267740011,0.4397500157356262,2,0.45475001400336623
85843,0.02599998190999031,0.4280000329017639,1,0.4540000148117542
85854,0.02449999377131462,0.4255000203847885,1,0.45000001415610313
85858,0.028500000946223736,0.4180000126361847,1,0.44650001358240843
85862,0.07300000637769699,0.3720000088214874,1,0.4450000151991844
85864,0.09400000795722008,0.3490000069141388,1,0.44300001487135887
85868,0.042249907710915524,0.4050000309944153,2,0.4472499387053308
85875,0.016499986872076988,0.44350002706050873,3,0.4600000139325857
85876,0.016499986872076988,0.44350002706050873,1,0.4600000139325857
85877,0.019499992951750755,0.4335000216960907,2,0.45300001464784145
85878,0.019499992951750755,0.4335000216960907,1,0.45300001464784145
85879,0.019499992951750755,0.4335000216960907,2,0.45300001464784145
85884,-0.005500005558133125,0.4545000195503235,1,0.44900001399219036
85887,0.0019999854266643524,0.4480000287294388,1,0.45000001415610313
85888,0.0019999854266643524,0.4480000287294388,2,0.45000001415610313
85889,-0.005500005558133125,0.4545000195503235,2,0.44900001399219036
85899,0.09099998697638512,0.35200002789497375,1,0.44300001487135887
85908,0.024606949772685627,0.4251430643424393,2,0.44975001411512494
85913,0.06499999016523361,0.3800000250339508,2,0.4450000151991844
85914,0.01849999837577343,0.4375000149011612,1,0.4560000132769346
85925,0.022356167035549768,0.436393846692145,2,0.45875001372769475
85950,0.02449999377131462,0.4255000203847885,1,0.45000001415610313
85960,0.02449999377131462,0.4255000203847885,1,0.45000001415610313
85969,0.06499999016523361,0.3800000250339508,1,0.4450000151991844
85974,0.006499983370304108,0.443500030785799,4,0.45000001415610313
85975,0.02050000336021185,0.4320000112056732,1,0.45250001456588507
85977,0.02050000336021185,0.4320000112056732,1,0.45250001456588507
86007,0.09021412288770031,0.3512858908064668,1,0.44150001369416714
86008,-0.0011063340395686405,0.4531063475921747,2,0.4520000135526061
86014,0.02050000336021185,0.4320000112056732,1,0.45250001456588507
86015,0.021333494494048272,0.4325000196695328,3,0.45383351416358103
86025,0.02430822615871812,0.43319178736408565,3,0.4575000135228038
86031,0.042249907710915524,0.4050000309944153,2,0.4472499387053308
86032,0.042249907710915524,0.4050000309944153,1,0.4472499387053308
86037,0.07300000637769699,0.3720000088214874,1,0.4450000151991844
86039,0.02449999377131462,0.4255000203847885,1,0.45000001415610313
86042,0.07300000637769699,0.3720000088214874,1,0.4450000151991844
86043,0.07300000637769699,0.3720000088214874,2,0.4450000151991844
86045,-0.018355544254928913,0.45560555771812805,2,0.43725001346319914
86046,-0.02350001409649849,0.4735000282526016,1,0.45000001415610313
86048,-0.02350001409649849,0.4735000282526016,2,0.45000001415610313
86049,-0.02350001409649849,0.4735000282526016,1,0.45000001415610313
86050,-0.02350001409649849,0.4735000282526016,2,0.45000001415610313
86051,-0.024211087392270736,0.4632111016079785,1,0.4390000142157078
86271,0.06499999016523361,0.3800000250339508,2,0.4450000151991844
86273,0.04533332741508881,0.40816668669382733,3,0.45350001410891616
86278,0.048999995924532413,0.4025000184774399,3,0.4515000144019723
86299,0.09400000795722008,0.3490000069141388,2,0.44300001487135887
86300,0.09099998697638512,0.35200002789497375,1,0.44300001487135887
86304,0.02449999377131462,0.4255000203847885,2,0.45000001415610313
86309,0.05362494893807457,0.39250002801418304,2,0.4461249769522576
86318,0.02949998900294304,0.4205000251531601,1,0.45000001415610313
86319,0.01933333060393731,0.4356666828195254,6,0.45500001342346275
86321,0.016666661637524765,0.4418333520491918,3,0.45850001368671656
86327,0.014750244967173809,0.4360000193119049,1,0.4507502642790787
86357,0.09021412288770031,0.3512858908064668,1,0.44150001369416714
86365,0.019749995321035385,0.437750019133091,2,0.45750001445412636
86366,0.028212344405054823,0.426787668707967,2,0.45500001311302185
86370,0.02399999462068081,0.42900002002716064,3,0.45300001464784145
86373,0.004499990493059158,0.44950002431869507,1,0.4540000148117542
86376,0.012666660050551096,0.43666668732961017,3,0.4493333473801613
86377,-0.024211087392270736,0.4632111016079785,2,0.4390000142157078
86378,-0.026250007562339306,0.4792500212788582,2,0.4530000137165189
86379,-0.026250007562339306,0.4792500212788582,2,0.4530000137165189
86386,-0.024211087392270736,0.4632111016079785,1,0.4390000142157078
86387,-0.027125044274446508,0.4787500202655792,2,0.4516249759911327
86388,-0.0240000132471323,0.46550002694129944,1,0.44150001369416714
86389,-0.027125044274446508,0.4787500202655792,2,0.4516249759911327
86390,-0.0240000132471323,0.46550002694129944,1,0.44150001369416714
86391,-0.025250087520712894,0.4725000262260437,2,0.4472499387053308
86392,-0.0240000132471323,0.46550002694129944,1,0.44150001369416714
86420,0.09099998697638512,0.35200002789497375,1,0.44300001487135887
86421,0.074937688141712,0.3762500137090683,4,0.4511877018507803
86428,0.025833329496284325,0.4230000178019206,3,0.4488333472982049
86429,0.02449999377131462,0.4255000203847885,1,0.45000001415610313
86431,0.07730353550519782,0.3668214793177323,4,0.4441250148229301
86433,0.02449999377131462,0.4255000203847885,1,0.45000001415610313
86434,0.07300000637769699,0.3720000088214874,3,0.4450000151991844
86435,0.09099998697638512,0.35200002789497375,1,0.44300001487135887
86437,0.021833333497246105,0.42983334759871167,3,0.45166668109595776
86439,0.06437512996396982,0.38350000977516174,2,0.44787513973913157
86453,0.017624995671212673,0.44212501868605614,4,0.4597500143572688
86456,0.01350000003973643,0.44183334708213806,3,0.4553333471218745
86459,0.01350000003973643,0.44183334708213806,3,0.4553333471218745
86497,0.09021412288770031,0.3512858908064668,1,0.44150001369416714
86499,0.0784524394713031,0.3679643250287821,6,0.4464167645000852
86502,0.09021412288770031,0.3512858908064668,1,0.44150001369416714
86503,0.06096382647133414,0.38628611223399667,1,0.4472499387053308
86504,0.06096382647133414,0.38628611223399667,1,0.4472499387053308
86506,0.03799999039620161,0.4195000231266022,2,0.4575000135228038
86512,0.01849999837577343,0.4375000149011612,4,0.4560000132769346
86514,0.016499998979270458,0.4410000145435333,1,0.4575000135228038
86520,0.033749961905600534,0.4153333604335785,3,0.449083322339179
86527,0.02949998900294304,0.4205000251531601,1,0.45000001415610313
86542,0.02949998900294304,0.4205000251531601,2,0.45000001415610313
86543,0.02949998900294304,0.4205000251531601,2,0.45000001415610313
86560,0.10199999623000622,0.343500018119812,1,0.44550001434981823
86630,0.02449999377131462,0.4255000203847885,1,0.45000001415610313
86657,0.02449999377131462,0.4255000203847885,1,0.45000001415610313
86660,0.022499998565763235,0.42875001579523087,2,0.4512500143609941
86666,0.0254999955650419,0.42362501844763756,4,0.44912501401267946
86675,0.09400000795722008,0.3490000069141388,1,0.44300001487135887
86676,0.09400000795722008,0.3490000069141388,1,0.44300001487135887
86679,0.02599998190999031,0.4280000329017639,1,0.4540000148117542
86680,0.016499989666044712,0.44600002467632294,1,0.46250001434236765
86681,0.016499989666044712,0.44600002467632294,1,0.46250001434236765
86684,0.022356167035549768,0.436393846692145,2,0.45875001372769475
86685,0.025284255720302296,0.431590757700056,4,0.4568750134203583
86689,0.004499990493059158,0.44950002431869507,1,0.4540000148117542
86696,-0.005250076791876834,0.45250001549720764,3,0.4472499387053308
86698,-0.005250076791876834,0.45250001549720764,3,0.4472499387053308
86701,-0.0139999995008111,0.46650001406669617,2,0.45250001456588507
86702,-0.005250076791876834,0.45250001549720764,2,0.4472499387053308
86704,-0.02350001409649849,0.4735000282526016,1,0.45000001415610313
86708,-0.02350001409649849,0.4735000282526016,1,0.45000001415610313
86709,-0.01085554209426054,0.451105556049198,2,0.44025001395493746
86710,-0.0139999995008111,0.46650001406669617,1,0.45250001456588507
86719,0.02449999377131462,0.4255000203847885,1,0.45000001415610313
86724,0.02449999377131462,0.4255000203847885,1,0.45000001415610313
86743,0.02449999377131462,0.4255000203847885,1,0.45000001415610313
86747,0.07075008841091768,0.3761666764815648,3,0.4469167648924825
86749,0.08160706463269865,0.36164294981397715,2,0.4432500144466758
86751,0.02449999377131462,0.4255000203847885,1,0.45000001415610313
86757,0.06499999016523361,0.3800000250339508,1,0.4450000151991844
86758,0.016499989666044712,0.44600002467632294,1,0.46250001434236765
86759,0.02124998578801751,0.4370000287890434,2,0.45825001457706094
86789,0.02449999377131462,0.4255000203847885,1,0.45000001415610313
86803,0.020999995060265064,0.4320000186562538,2,0.4530000137165189
86806,0.06096382647133414,0.38628611223399667,3,0.4472499387053308
86808,0.03799999039620161,0.4195000231266022,2,0.4575000135228038
86809,0.06499999016523361,0.3800000250339508,1,0.4450000151991844
86814,0.021833327288428944,0.43016668657461804,3,0.452000013863047
86817,0.019499992951750755,0.4335000216960907,2,0.45300001464784145
86821,0.0019999854266643524,0.4480000287294388,1,0.45000001415610313
86823,0.014750244967173809,0.4360000193119049,1,0.4507502642790787
86836,0.02050000336021185,0.4320000112056732,1,0.45250001456588507
86852,0.02449999377131462,0.4255000203847885,1,0.45000001415610313
86861,0.019499992951750755,0.4335000216960907,3,0.45300001464784145
86862,0.02599998190999031,0.4280000329017639,1,0.4540000148117542
86863,0.010500003583729267,0.44600000977516174,2,0.456500013358891
86866,0.016499989666044712,0.44600002467632294,2,0.46250001434236765
86868,0.028249993454664946,0.4220000207424164,2,0.4502500141970813
86871,0.016499989666044712,0.44600002467632294,2,0.46250001434236765
86872,0.007499997038394213,0.45125001668930054,2,0.45875001372769475
86873,0.02124998578801751,0.4370000287890434,2,0.45825001457706094
86874,0.007499997038394213,0.45125001668930054,2,0.45875001372769475
86881,0.014750244967173809,0.4360000193119049,1,0.4507502642790787
86882,0.014750244967173809,0.4360000193119049,1,0.4507502642790787
86890,0.003999984512726466,0.44600002964337665,3,0.45000001415610313
86891,0.004999984055757523,0.4450000301003456,2,0.45000001415610313
86892,0.0019999854266643524,0.4480000287294388,1,0.45000001415610313
86893,0.0019999854266643524,0.4480000287294388,1,0.45000001415610313
86896,0.02449999377131462,0.4255000203847885,1,0.45000001415610313
86903,0.02449999377131462,0.4255000203847885,1,0.45000001415610313
86908,0.09021412288770031,0.3512858908064668,1,0.44150001369416714
86917,0.02449999377131462,0.4255000203847885,1,0.45000001415610313
86919,0.022499998565763235,0.42875001579523087,2,0.4512500143609941
86921,0.02449999377131462,0.4255000203847885,1,0.45000001415610313
86926,0.02449999377131462,0.4255000203847885,1,0.45000001415610313
86928,0.02449999377131462,0.4255000203847885,1,0.45000001415610313
86933,0.02449999377131462,0.4255000203847885,1,0.45000001415610313
86941,0.02449999377131462,0.4255000203847885,1,0.45000001415610313
86949,0.02449999377131462,0.4255000203847885,1,0.45000001415610313
86979,0.02449999377131462,0.4255000203847885,1,0.45000001415610313
86981,0.02449999377131462,0.4255000203847885,1,0.45000001415610313
86999,0.09021412288770031,0.3512858908064668,1,0.44150001369416714
87000,0.09021412288770031,0.3512858908064668,1,0.44150001369416714
87015,0.02449999377131462,0.4255000203847885,1,0.45000001415610313
87017,0.02449999377131462,0.4255000203847885,1,0.45000001415610313
87032,0.02449999377131462,0.4255000203847885,1,0.45000001415610313
87046,0.02449999377131462,0.4255000203847885,1,0.45000001415610313
87051,0.02449999377131462,0.4255000203847885,1,0.45000001415610313
87053,0.09060705493204271,0.3516429593507203,2,0.442250014282763
87054,0.09303568379022172,0.3536309974174947,6,0.4466666812077164
87069,0.09021412288770031,0.3512858908064668,1,0.44150001369416714
87083,0.09060705493204271,0.3516429593507203,2,0.442250014282763
87085,0.07687512689060533,0.3711250126361847,4,0.44800013952679
87086,0.08160706463269865,0.36164294981397715,2,0.4432500144466758
87088,0.02449999377131462,0.4255000203847885,1,0.45000001415610313
87093,0.08975008128071205,0.3598333497842153,3,0.4495834310649273
87096,0.02449999377131462,0.4255000203847885,1,0.45000001415610313
87099,0.02449999377131462,0.4255000203847885,1,0.45000001415610313
87101,0.07873804521436477,0.36509530281648056,3,0.44383334803084534
87111,0.02449999377131462,0.4255000203847885,1,0.45000001415610313
87117,0.06499999016523361,0.3800000250339508,2,0.4450000151991844
87131,0.010500003583729267,0.44600000977516174,2,0.456500013358891
87132,0.02599998190999031,0.4280000329017639,1,0.4540000148117542
87138,0.014750244967173809,0.4360000193119049,2,0.4507502642790787
87140,0.02124998578801751,0.4370000287890434,2,0.45825001457706094
87146,-0.00657041221822922,0.4530703764215112,3,0.446499964203282
87150,-0.007890747644581605,0.45364073734581484,3,0.44574998970123325
87151,-0.014750010333955288,0.4605000242590904,2,0.44575001392513514
87152,0.06499999016523361,0.3800000250339508,1,0.4450000151991844
87154,0.01849999837577343,0.4375000149011612,2,0.4560000132769346
87157,0.028212344405054823,0.426787668707967,1,0.45500001311302185
87159,0.0202499907463789,0.4362500235438347,2,0.4565000142902136
87165,0.015499996021389961,0.4465000182390213,1,0.46200001426041126
87169,0.09021412288770031,0.3512858908064668,1,0.44150001369416714
87173,0.09060705493204271,0.3516429593507203,2,0.442250014282763
87175,0.09021412288770031,0.3512858908064668,1,0.44150001369416714
87177,0.06625025247735905,0.38450001180171967,2,0.4507502642790787
87181,0.0924999974668026,0.3505000174045563,2,0.44300001487135887
87183,0.0924999974668026,0.3505000174045563,2,0.44300001487135887
87185,0.02449999377131462,0.4255000203847885,1,0.45000001415610313
87186,0.09400000795722008,0.3490000069141388,1,0.44300001487135887
87188,0.09099998697638512,0.35200002789497375,1,0.44300001487135887
87194,0.09400000795722008,0.3490000069141388,1,0.44300001487135887
87196,0.07873804521436477,0.36509530281648056,3,0.44383334803084534
87199,0.09400000795722008,0.3490000069141388,1,0.44300001487135887
87201,0.02449999377131462,0.4255000203847885,1,0.45000001415610313
87209,0.02449999377131462,0.4255000203847885,1,0.45000001415610313
87215,0.09400000795722008,0.3490000069141388,1,0.44300001487135887
87219,0.02449999377131462,0.4255000203847885,1,0.45000001415610313
87221,0.06962512942752802,0.37825001031160355,2,0.44787513973913157
87231,0.09400000795722008,0.3490000069141388,1,0.44300001487135887
87232,0.02449999377131462,0.4255000203847885,1,0.45000001415610313
87235,0.09400000795722008,0.3490000069141388,1,0.44300001487135887
87236,0.07300000637769699,0.3720000088214874,1,0.4450000151991844
87239,0.07300000637769699,0.3720000088214874,1,0.4450000151991844
87243,0.0924999974668026,0.3505000174045563,2,0.44300001487135887
87244,0.04549998324364424,0.41200003027915955,5,0.4575000135228038
87248,0.09400000795722008,0.3490000069141388,1,0.44300001487135887
87249,0.04549998324364424,0.41200003027915955,4,0.4575000135228038
87254,0.09400000795722008,0.3490000069141388,1,0.44300001487135887
87255,0.05062511839694345,0.4035000205039978,4,0.45412513890094125
87256,0.02449999377131462,0.4255000203847885,1,0.45000001415610313
87258,0.05575025355024266,0.39500001072883606,1,0.4507502642790787
87261,0.0924999974668026,0.3505000174045563,2,0.44300001487135887
87263,0.09400000795722008,0.3490000069141388,1,0.44300001487135887
87265,0.09400000795722008,0.3490000069141388,1,0.44300001487135887
87268,0.0924999974668026,0.3505000174045563,2,0.44300001487135887
87269,0.09400000795722008,0.3490000069141388,1,0.44300001487135887
87277,0.09300000096360843,0.35000001390775043,3,0.44300001487135887
87282,0.06847286659759688,0.37771459114924094,4,0.4461874577468378
87283,0.03799999039620161,0.4195000231266022,2,0.4575000135228038
87285,0.09400000795722008,0.3490000069141388,1,0.44300001487135887
87286,0.022660424185916572,0.4287145901955666,4,0.4513750143814832
87287,0.04660009422730656,0.4082000195980072,5,0.45480011382531377
87288,0.09099998697638512,0.35200002789497375,1,0.44300001487135887
87291,0.09400000795722008,0.3490000069141388,1,0.44300001487135887
87292,0.09400000795722008,0.3490000069141388,1,0.44300001487135887
87294,0.0924999974668026,0.3505000174045563,2,0.44300001487135887
87305,0.02050000336021185,0.4320000112056732,4,0.45250001456588507
87306,0.020713898599147518,0.43228611604869394,1,0.45300001464784145
87309,0.09099998697638512,0.35200002789497375,1,0.44300001487135887
87310,0.07598190672385963,0.3691430700644852,2,0.44512497678834484
87311,0.03799999039620161,0.4195000231266022,2,0.4575000135228038
87319,0.07949999906122684,0.3645000159740448,2,0.44400001503527164
87325,0.07949999906122684,0.3645000159740448,2,0.44400001503527164
87330,0.07598190672385963,0.3691430700644852,2,0.44512497678834484
87331,0.04983349916556231,0.40316668152809143,3,0.4530001806936537
87333,0.02383332870279749,0.4265833521882693,6,0.4504166808910668
87334,0.020713898599147518,0.43228611604869394,2,0.45300001464784145
87335,0.023166663634280365,0.42766668399175006,3,0.45083334762603045
87337,0.03799999039620161,0.4195000231266022,1,0.4575000135228038
87339,0.07949999906122684,0.3645000159740448,2,0.44400001503527164
87342,0.020713898599147518,0.43228611604869394,2,0.45300001464784145
87351,0.06499999016523361,0.3800000250339508,2,0.4450000151991844
87353,0.07949999906122684,0.3645000159740448,2,0.44400001503527164
87357,0.03799999039620161,0.4195000231266022,2,0.4575000135228038
87369,0.03799999039620161,0.4195000231266022,2,0.4575000135228038
87379,0.01849999837577343,0.4375000149011612,1,0.4560000132769346
87382,0.05697588295573356,0.3916907476484777,3,0.4486666306042113
87384,0.018728336466848683,0.4369716778784992,5,0.4557000143453479
87385,0.06499999016523361,0.3800000250339508,1,0.4450000151991844
87389,0.06499999016523361,0.3800000250339508,1,0.4450000151991844
87390,0.06499999016523361,0.3800000250339508,1,0.4450000151991844
87399,0.06499999016523361,0.3800000250339508,1,0.4450000151991844
87400,0.06499999016523361,0.3800000250339508,1,0.4450000151991844
87402,0.06096382647133414,0.38628611223399667,1,0.4472499387053308
87405,0.048999995924532413,0.4025000184774399,2,0.4515000144019723
87415,0.06499999016523361,0.3800000250339508,2,0.4450000151991844
87420,0.06499999016523361,0.3800000250339508,2,0.4450000151991844
87423,0.05298793944013299,0.39709538306295883,3,0.4500833225030918
87428,0.020713898599147518,0.43228611604869394,3,0.45300001464784145
87430,0.048999995924532413,0.4025000184774399,1,0.4515000144019723
87435,0.018785420989617496,0.4368395936228337,4,0.4556250146124512
87439,0.016666661637524765,0.4418333520491918,3,0.45850001368671656
87442,0.01849999837577343,0.4375000149011612,1,0.4560000132769346
87443,0.05362494893807457,0.39250002801418304,2,0.4461249769522576
87459,0.042249907710915524,0.4050000309944153,2,0.4472499387053308
87474,0.02049999521113932,0.43287501856684685,4,0.45337501377798617
87476,0.03799993480825803,0.4101666957139969,3,0.4481666305222549
87477,0.018833329901099205,0.4361666838328044,3,0.4550000137339036
87488,0.02949998900294304,0.4205000251531601,2,0.45000001415610313
87497,0.02949998900294304,0.4205000251531601,1,0.45000001415610313
87498,0.02949998900294304,0.4205000251531601,3,0.45000001415610313
87499,0.02949998900294304,0.4205000251531601,1,0.45000001415610313
87504,0.02949998900294304,0.4205000251531601,1,0.45000001415610313
87505,0.02949998900294304,0.4205000251531601,1,0.45000001415610313
87506,0.02949998900294304,0.4205000251531601,1,0.45000001415610313
87507,0.02949998900294304,0.4205000251531601,3,0.45000001415610313
87513,0.02949998900294304,0.4205000251531601,2,0.45000001415610313
87514,0.016499998979270458,0.4410000145435333,2,0.4575000135228038
87517,0.02949998900294304,0.4205000251531601,2,0.45000001415610313
87519,0.02949998900294304,0.4205000251531601,1,0.45000001415610313
87523,0.02949998900294304,0.4205000251531601,2,0.45000001415610313
87525,0.016499998979270458,0.4410000145435333,3,0.4575000135228038
87527,0.02949998900294304,0.4205000251531601,1,0.45000001415610313
87529,0.020125123642152187,0.43400001525878906,2,0.45412513890094125
87533,0.02949998900294304,0.4205000251531601,1,0.45000001415610313
87535,0.02949998900294304,0.4205000251531601,1,0.45000001415610313
87536,0.020125117588555452,0.43525002151727676,2,0.4553751391058322
87538,0.02949998900294304,0.4205000251531601,1,0.45000001415610313
87542,0.02949998900294304,0.4205000251531601,3,0.45000001415610313
87549,0.026166656985878944,0.42483335733413696,3,0.4510000143200159
87552,0.02124998578801751,0.4370000287890434,2,0.45825001457706094
87555,0.03050000499933958,0.41600000858306885,1,0.44650001358240843
87560,0.007999982684850693,0.44200003147125244,1,0.45000001415610313
87564,0.016499986872076988,0.44350002706050873,2,0.4600000139325857
87573,0.024499990977346897,0.4270000234246254,2,0.4515000144019723
87574,0.026166656985878944,0.42483335733413696,3,0.4510000143200159
87583,0.016499986872076988,0.44350002706050873,3,0.4600000139325857
87591,0.01831255223031622,0.43937502428889275,4,0.457687576519209
87592,0.019499992951750755,0.4335000216960907,2,0.45300001464784145
87596,0.019499992951750755,0.4335000216960907,2,0.45300001464784145
87603,0.019499992951750755,0.4335000216960907,2,0.45300001464784145
87606,0.019499992951750755,0.4335000216960907,2,0.45300001464784145
87611,0.02399999462068081,0.42900002002716064,1,0.45300001464784145
87615,0.019499992951750755,0.4335000216960907,2,0.45300001464784145
87618,0.015499996021389961,0.4465000182390213,1,0.46200001426041126
87639,0.021856170213222392,0.43664384347349416,2,0.45850001368671656
87640,0.028212344405054823,0.426787668707967,1,0.45500001311302185
87647,0.010500003583729267,0.44600000977516174,2,0.456500013358891
87650,0.010500003583729267,0.44600000977516174,4,0.456500013358891
87652,0.022356167035549768,0.436393846692145,2,0.45875001372769475
87653,0.028212344405054823,0.426787668707967,2,0.45500001311302185
87657,0.028212344405054823,0.426787668707967,2,0.45500001311302185
87663,0.020404107912381415,0.4395959060202043,3,0.4600000139325857
87671,0.028212344405054823,0.426787668707967,3,0.45500001311302185
87684,0.007999982684850693,0.44200003147125244,3,0.45000001415610313
87687,0.007999982684850693,0.44200003147125244,3,0.45000001415610313
87690,-0.0060000065714120865,0.4475000202655792,1,0.44150001369416714
87694,-0.0060000065714120865,0.4475000202655792,1,0.44150001369416714
87695,-0.007230579931405412,0.453355556883663,2,0.4461249769522576
87697,-0.00921108307093399,0.4542110982701184,1,0.4450000151991844
87704,0.022356167035549768,0.436393846692145,2,0.45875001372769475
87706,0.028212344405054823,0.426787668707967,1,0.45500001311302185
87707,0.016499989666044712,0.44600002467632294,1,0.46250001434236765
87708,0.016499989666044712,0.44600002467632294,1,0.46250001434236765
87709,0.02124998578801751,0.4370000287890434,2,0.45825001457706094
87710,0.016499989666044712,0.44600002467632294,2,0.46250001434236765
87711,0.010500003583729267,0.44600000977516174,1,0.456500013358891
87717,0.02599998190999031,0.4280000329017639,1,0.4540000148117542
87722,0.03050000499933958,0.41600000858306885,2,0.44650001358240843
87725,0.028249993454664946,0.4220000207424164,2,0.4502500141970813
87726,0.009625117730116484,0.4462500214576721,2,0.4558751391877886
87730,0.014750244967173809,0.4360000193119049,2,0.4507502642790787
87731,0.028999997302889824,0.42000001668930054,3,0.44900001399219036
87732,0.014750244967173809,0.4360000193119049,2,0.4507502642790787
87737,0.014750244967173809,0.4360000193119049,1,0.4507502642790787
87738,0.014750244967173809,0.4360000193119049,1,0.4507502642790787
87739,0.009625117730116484,0.4427500218153,2,0.45237513954541647
87741,0.020166667488714058,0.428000013033549,3,0.44816668052226305
87743,0.014999998733401299,0.43400001525878906,3,0.44900001399219036
87744,0.009625117730116484,0.4427500218153,2,0.45237513954541647
87750,-0.00600000936537981,0.4635000228881836,1,0.4575000135228038
87754,0.0037873412862425293,0.4427126722961659,1,0.44650001358240843
87755,0.007999982684850693,0.44200003147125244,2,0.45000001415610313
87756,0.0019999854266643524,0.4480000287294388,2,0.45000001415610313
87757,-0.000856332135945298,0.44860634592324466,2,0.4477500137872994
87759,0.0019999854266643524,0.4480000287294388,1,0.45000001415610313
87761,0.009625117730116484,0.4427500218153,2,0.45237513954541647
87764,-0.000750009436160326,0.45650002360343933,2,0.455750014167279
87774,0.009625117730116484,0.4427500218153,2,0.45237513954541647
87777,0.004499990493059158,0.44950002431869507,2,0.4540000148117542
87783,0.014999998733401299,0.43400001525878906,2,0.44900001399219036
87789,0.010333321367700895,0.43933335940043133,3,0.4496666807681322
87792,0.007999982684850693,0.44200003147125244,1,0.45000001415610313
87794,-0.00600000936537981,0.4635000228881836,1,0.4575000135228038
87801,0.007999982684850693,0.44200003147125244,1,0.45000001415610313
87804,0.007999982684850693,0.44200003147125244,2,0.45000001415610313
87810,0.007999982684850693,0.44200003147125244,1,0.45000001415610313
87811,0.007999982684850693,0.44200003147125244,1,0.45000001415610313
87820,0.004999984055757523,0.4450000301003456,2,0.45000001415610313
87822,0.007999982684850693,0.44200003147125244,1,0.45000001415610313
87825,0.02050000336021185,0.4320000112056732,1,0.45250001456588507
87832,-0.005500005558133125,0.4545000195503235,2,0.44900001399219036
87834,0.0019999854266643524,0.4480000287294388,1,0.45000001415610313
87835,0.0019999854266643524,0.4480000287294388,1,0.45000001415610313
87837,0.0019999854266643524,0.4480000287294388,3,0.45000001415610313
87839,0.0019999854266643524,0.4480000287294388,1,0.45000001415610313
87840,0.0019999854266643524,0.4480000287294388,1,0.45000001415610313
87852,0.0019999854266643524,0.4480000287294388,2,0.45000001415610313
87858,0.0019999854266643524,0.4480000287294388,1,0.45000001415610313
87860,0.0019999854266643524,0.4480000287294388,1,0.45000001415610313
87863,0.0019999854266643524,0.4480000287294388,2,0.45000001415610313
87865,-0.005500005558133125,0.4545000195503235,1,0.44900001399219036
87866,-0.0009000394607521223,0.44980002343654635,5,0.4488999839757942
87877,-0.009750002529472113,0.4605000168085098,2,0.4507500142790377
87884,-0.005250076791876834,0.45250001549720764,3,0.4472499387053308
87885,-0.0139999995008111,0.46650001406669617,1,0.45250001456588507
87898,-0.0139999995008111,0.46650001406669617,2,0.45250001456588507
87902,-0.010000003036111593,0.4570000171661377,2,0.4470000141300261
87905,-0.010000003036111593,0.4570000171661377,2,0.4470000141300261
87906,-0.005250076791876834,0.45250001549720764,2,0.4472499387053308
87909,-0.02350001409649849,0.4735000282526016,1,0.45000001415610313
87910,-0.01250000111758709,0.4480000138282776,1,0.4355000127106905
87911,-0.02350001409649849,0.4735000282526016,2,0.45000001415610313
87912,-0.026250007562339306,0.4792500212788582,2,0.4530000137165189
87919,-0.00921108307093399,0.4542110982701184,1,0.4450000151991844
87921,-0.01260000504553318,0.46170001924037934,5,0.4491000141948462
87922,-0.00921108307093399,0.4542110982701184,3,0.4450000151991844
87923,-0.00921108307093399,0.4542110982701184,3,0.4450000151991844
87927,-0.00921108307093399,0.4542110982701184,2,0.4450000151991844
87928,-0.00921108307093399,0.4542110982701184,2,0.4450000151991844
87929,-0.0060000065714120865,0.4475000202655792,1,0.44150001369416714
87930,-0.014750010333955288,0.4605000242590904,2,0.44575001392513514
87931,-0.0139999995008111,0.46650001406669617,1,0.45250001456588507
87934,-0.02350001409649849,0.4735000282526016,1,0.45000001415610313
87935,-0.00921108307093399,0.4542110982701184,2,0.4450000151991844
87938,-0.00921108307093399,0.4542110982701184,1,0.4450000151991844
87939,-0.00921108307093399,0.4542110982701184,1,0.4450000151991844
87943,-0.00921108307093399,0.4542110982701184,1,0.4450000151991844
87946,-0.02350001409649849,0.4735000282526016,1,0.45000001415610313
87948,-0.0139999995008111,0.46650001406669617,1,0.45250001456588507
87949,-0.00921108307093399,0.4542110982701184,1,0.4450000151991844
87953,-0.02350001409649849,0.4735000282526016,1,0.45000001415610313
87955,-0.02350001409649849,0.4735000282526016,1,0.45000001415610313
87960,-0.02350001409649849,0.4735000282526016,1,0.45000001415610313
87961,-0.02350001409649849,0.4735000282526016,1,0.45000001415610313
87962,-0.01250000111758709,0.4480000138282776,1,0.4355000127106905
87963,-0.01250000111758709,0.4480000138282776,1,0.4355000127106905
87964,-0.01250000111758709,0.4480000138282776,2,0.4355000127106905
87966,-0.02350001409649849,0.4735000282526016,2,0.45000001415610313
87967,-0.01085554209426054,0.451105556049198,2,0.44025001395493746
87968,-0.02350001409649849,0.4735000282526016,2,0.45000001415610313
87973,-0.02350001409649849,0.4735000282526016,1,0.45000001415610313
87979,-0.02350001409649849,0.4735000282526016,1,0.45000001415610313
87980,-0.018355544254928913,0.45560555771812805,2,0.43725001346319914
87981,-0.02350001409649849,0.4735000282526016,1,0.45000001415610313
87983,-0.02350001409649849,0.4735000282526016,1,0.45000001415610313
87985,-0.02350001409649849,0.4735000282526016,1,0.45000001415610313
87988,-0.024211087392270736,0.4632111016079785,1,0.4390000142157078
87989,-0.02350001409649849,0.4735000282526016,2,0.45000001415610313
87992,-0.02350001409649849,0.4735000282526016,1,0.45000001415610313
87993,-0.024211087392270736,0.4632111016079785,1,0.4390000142157078
87995,-0.026250007562339306,0.4792500212788582,2,0.4530000137165189
87996,-0.02350001409649849,0.4735000282526016,1,0.45000001415610313
87997,-0.02716667205095291,0.4811666856209437,3,0.4540000135699908
88000,-0.02410555031970152,0.464355564274639,2,0.44025001395493746
88001,-0.029000001028180122,0.48500001430511475,1,0.4560000132769346
88002,-0.029000001028180122,0.48500001430511475,2,0.4560000132769346
88003,-0.029000001028180122,0.48500001430511475,2,0.4560000132769346
88004,-0.029000001028180122,0.48500001430511475,2,0.4560000132769346
88005,-0.024211087392270736,0.4632111016079785,2,0.4390000142157078
88007,-0.027125044274446508,0.4787500202655792,2,0.4516249759911327
88008,-0.024211087392270736,0.4632111016079785,3,0.4390000142157078
88010,-0.027125044274446508,0.4787500202655792,2,0.4516249759911327
88011,-0.029000001028180122,0.48500001430511475,1,0.4560000132769346
88012,-0.029000001028180122,0.48500001430511475,1,0.4560000132769346
88013,-0.028333393255031297,0.47850002348423004,3,0.4501666302291987
88015,-0.029875046122190496,0.4815000221133232,2,0.4516249759911327
88016,-0.0240000132471323,0.46550002694129944,1,0.44150001369416714
88017,-0.030000001812974613,0.47716668248176575,3,0.4471666806687911
88019,-0.0345000047236681,0.4905000180006027,2,0.4560000132769346
88020,-0.0345000047236681,0.4905000180006027,1,0.4560000132769346
88021,-0.0345000047236681,0.4905000180006027,2,0.4560000132769346
88022,-0.03299999609589577,0.4830000102519989,2,0.45000001415610313
88023,-0.0345000047236681,0.4905000180006027,1,0.4560000132769346
88024,-0.03299999609589577,0.4830000102519989,3,0.45000001415610313
88025,-0.029000001028180122,0.48500001430511475,1,0.4560000132769346
88026,-0.03375000040978193,0.4867500141263008,2,0.4530000137165189
88035,0.02050000336021185,0.4320000112056732,1,0.45250001456588507
88051,0.02050000336021185,0.4320000112056732,1,0.45250001456588507
88054,0.02050000336021185,0.4320000112056732,1,0.45250001456588507
88055,0.02050000336021185,0.4320000112056732,1,0.45250001456588507
88057,0.02050000336021185,0.4320000112056732,1,0.45250001456588507
88058,0.02050000336021185,0.4320000112056732,1,0.45250001456588507
88063,0.02050000336021185,0.4320000112056732,1,0.45250001456588507
88065,0.02050000336021185,0.4320000112056732,1,0.45250001456588507
88071,0.02050000336021185,0.4320000112056732,1,0.45250001456588507
88074,0.02050000336021185,0.4320000112056732,1,0.45250001456588507
88081,0.02050000336021185,0.4320000112056732,1,0.45250001456588507
88082,0.02050000336021185,0.4320000112056732,1,0.45250001456588507
88083,0.02050000336021185,0.4320000112056732,1,0.45250001456588507
88088,0.02050000336021185,0.4320000112056732,1,0.45250001456588507
88091,0.02050000336021185,0.4320000112056732,1,0.45250001456588507
88092,0.02050000336021185,0.4320000112056732,1,0.45250001456588507
88097,0.02050000336021185,0.4320000112056732,1,0.45250001456588507
88099,0.02050000336021185,0.4320000112056732,1,0.45250001456588507
88101,0.02050000336021185,0.4320000112056732,1,0.45250001456588507
88102,0.02050000336021185,0.4320000112056732,1,0.45250001456588507
88104,0.02050000336021185,0.4320000112056732,1,0.45250001456588507
88106,0.02050000336021185,0.4320000112056732,1,0.45250001456588507
88111,-0.028607156659875597,0.500500028686864,14,0.47189287202698843
88112,-0.03708334810410937,0.5115833630164465,6,0.4745000149123371
88114,-0.0475000087171793,0.5005000233650208,1,0.45300001464784145
88116,-0.03193751256912947,0.4078125189989805,8,0.37587500642985106
88117,-0.0475000087171793,0.5005000233650208,2,0.45300001464784145
88118,-0.04925000108778477,0.5022500157356262,2,0.45300001464784145
88119,-0.050999993458390236,0.5040000081062317,1,0.45300001464784145
88120,-0.0475000087171793,0.5005000233650208,2,0.45300001464784145
88122,-0.050999993458390236,0.5040000081062317,1,0.45300001464784145
88124,-0.0337500125169754,0.4725000262260437,2,0.4387500137090683
88125,-0.04700001422315836,0.5076250284910202,4,0.46062501426786184
88126,-0.034500010311603546,0.4715000241994858,1,0.43700001388788223
88127,-0.04000002145767212,0.4880000352859497,1,0.4480000138282776
88128,-0.041999983601272106,0.5139999985694885,3,0.4720000149682164
88129,-0.04900000058114529,0.4960000142455101,2,0.4470000136643648
88130,-0.03846749725602572,0.4865925111047924,4,0.4481250138487667
88131,-0.04450003057718277,0.5035000443458557,2,0.45900001376867294
88133,-0.04400003328919411,0.5010000467300415,3,0.4570000134408474
88134,-0.042000019922852516,0.49500003457069397,2,0.45300001464784145
88135,-0.046500006690621376,0.49950002133846283,2,0.45300001464784145
88136,-0.04125001281499863,0.500500027090311,4,0.4592500142753124
88137,-0.042500000447034836,0.49650001525878906,2,0.4540000148117542
88138,-0.04355555658953057,0.5106111268202463,9,0.46705557023071576
88139,-0.04150001332163811,0.5025000274181366,3,0.4610000140964985
88140,-0.03425000514835119,0.4892500191926956,2,0.4550000140443444
88141,-0.03500001318752766,0.484000027179718,1,0.44900001399219036
88142,-0.033666677152117096,0.4803333580493927,3,0.4466666808972756
88143,-0.03500000573694706,0.4765000194311142,1,0.44150001369416714
88144,-0.03950001858174801,0.4878333657979965,3,0.4483333472162485
88145,-0.04183334003513058,0.4925833543141683,12,0.4507500142790377
88146,-0.04677778606613477,0.48761113319132066,9,0.4408333471251859
88147,-0.0455000065267086,0.4845000207424164,5,0.4390000142157078
88148,-0.04150000214576721,0.49650001525878906,2,0.45500001311302185
88149,-0.04277273081243038,0.4945000179789283,11,0.4517272871664979
88150,-0.04039813657719643,0.4885231504259631,8,0.4481250138487667
88151,-0.04170947366356792,0.5017094875961536,1,0.4600000139325857
88155,-0.034333340202768646,0.47716668744881946,3,0.44283334724605083
88156,-0.03950001299381256,0.48750002682209015,2,0.4480000138282776
88158,-0.036000012420117855,0.48750002682209015,3,0.4515000144019723
88159,-0.04000001191161573,0.48687502555549145,8,0.4468750136438757
88161,-0.03840000256896019,0.48600001633167267,5,0.44760001376271247
88162,-0.03750000195577741,0.48375001549720764,2,0.44625001354143023
88164,-0.03940000776201487,0.48856668869654335,15,0.4491666809345285
88165,-0.03500000573694706,0.4765000194311142,1,0.44150001369416714
88167,-0.03500000573694706,0.4765000194311142,1,0.44150001369416714
88168,-0.034750014543533325,0.4842500289281209,6,0.4495000143845876
88169,-0.03425001027062535,0.47325002402067184,4,0.4390000137500465
88170,-0.03600001707673073,0.4700000286102295,2,0.43400001153349876
88171,-0.04425003193318844,0.5022500455379486,4,0.45800001360476017
88173,-0.04400003328919411,0.5010000467300415,2,0.4570000134408474
88174,-0.04170947366356792,0.5017094875961536,2,0.4600000139325857
88179,-0.04300000481307507,0.4948000192642212,5,0.4518000144511461
88180,-0.04000000702217221,0.5145000219345093,3,0.47450001491233706
88181,-0.03931251450558193,0.5113125294446945,8,0.4720000149391126
88182,-0.03818752022925764,0.495875034481287,8,0.45768751425202936
88183,-0.045777774726351105,0.5088889002799988,9,0.4631111255536477
88184,-0.042916675796732306,0.5103333567579588,12,0.46741668096122646
88185,-0.04539071031781257,0.5097240582595268,27,0.46433334794171427
88186,-0.0340000088326633,0.476250022649765,4,0.4422500138171017
88189,-0.041499999759253114,0.5173750147223473,4,0.47587501496309415
88190,-0.036000010557472706,0.4935000240802765,1,0.4575000135228038
88191,-0.04000001214444637,0.49800002574920654,2,0.45800001360476017
88192,-0.037000011187046766,0.4957500249147415,2,0.45875001372769475
88193,-0.04074998898431659,0.507250003516674,8,0.46650001453235745
88194,-0.036000010557472706,0.4935000240802765,1,0.4575000135228038
88195,-0.03800001181662083,0.49800002574920654,2,0.4600000139325857
88196,-0.04400001373142004,0.5025000274181366,1,0.45850001368671656
88197,-0.036000010557472706,0.4935000240802765,2,0.4575000135228038
88198,-0.03931251683388837,0.5166250318288803,8,0.47731251499499194
88199,-0.03825001616496593,0.5172500312328339,2,0.47900001506786793
88200,-0.0355000039562583,0.5055000185966492,2,0.4700000146403909
88201,-0.03514287248253822,0.46400002922330585,7,0.42885715674076763
88202,-0.03600001707673073,0.4700000286102295,1,0.43400001153349876
88203,-0.03300000634044409,0.4845000207424164,3,0.4515000144019723
88204,-0.033666674668590225,0.4778333554665248,3,0.44416668079793453
88205,-0.03592857319329466,0.5043571591377258,7,0.46842858594443115
88206,-0.035500005508462586,0.5038333535194397,3,0.4683333480109771
88207,-0.034750014543533325,0.49775002896785736,4,0.46300001442432404
88208,-0.033800012245774266,0.48680002689361573,5,0.45300001464784145
88209,-0.03350001201033592,0.48750002682209015,1,0.4540000148117542
88210,-0.036624996457248926,0.5015000104904175,4,0.46487501403316855
88211,-0.03470001295208931,0.48470002710819243,5,0.45000001415610313
88212,-0.03366668149828911,0.49000002940495807,3,0.45633334790666896
88214,-0.0355000039562583,0.49400001764297485,3,0.45850001368671656
88216,-0.03500001579523086,0.46510002911090853,10,0.43010001331567765
88217,-0.03450001124292612,0.4715000241994858,4,0.43700001295655966
88218,-0.03893752047574378,0.4995000157505274,8,0.4605624952747836
88219,-0.03956251114141196,0.48475002497434616,8,0.4451875138329342
88221,-0.03730001077055931,0.4741000235080719,5,0.43680001273751257
88222,-0.03700001245098455,0.4892143117530005,7,0.45221429930201595
88223,-0.033000013791024685,0.4751666933298111,3,0.4421666795387864
88224,-0.03950001439079642,0.49025002866983414,2,0.4507500142790377
88225,-0.040187508100643754,0.4884375222027302,8,0.4482500141020864
88226,-0.044538469841847055,0.48192309874754685,13,0.4373846289056998
88227,-0.04010001122951508,0.49420002549886705,10,0.454100014269352
88228,-0.0325000174343586,0.47450003027915955,2,0.44200001284480095
88229,-0.03964286683393376,0.48771430977753233,7,0.4480714429435986
88230,-0.04650001204572618,0.5187500268220901,2,0.47225001477636397
88231,-0.03795665585547692,0.48612333637773997,3,0.44816668052226305
88232,-0.0346000149846077,0.4802000284194946,5,0.4456000134348869
88233,-0.03916668053716421,0.4893333613872528,3,0.4501666808500886
88234,-0.03950001299381256,0.48750002682209015,1,0.4480000138282776
88236,-0.04519232967868447,0.5178077289691339,13,0.4726153992904494
88237,-0.04424974793987346,0.5360000133514404,5,0.49175026541156697
88238,-0.04616667237132788,0.526166687409083,3,0.48000001503775513
88243,-0.038653818971334165,0.49657694880778974,13,0.45792312983645556
88244,-0.03866667610903581,0.4843333562215169,6,0.4456666801124811
88245,-0.04100000613834709,0.5215000212192535,3,0.48050001508090645
88246,-0.050833337008953094,0.497500017285347,3,0.4466666802763939
88247,-0.03618744855385739,0.4920000247657299,4,0.45581257621187254
88248,-0.034500017296522856,0.48775003105401993,2,0.45325001375749707
88250,-0.03537500859238207,0.4907500222325325,4,0.45537501364015043
88251,-0.03533334486807386,0.491083358724912,6,0.4557500138568381
88252,-0.04150000214576721,0.49650001525878906,3,0.45500001311302185
88253,-0.04550003074109554,0.51500004529953,2,0.4695000145584345
88254,-0.03650001436471939,0.4725000262260437,1,0.4360000118613243
88255,-0.042285713234118054,0.49800001297678265,7,0.4557142997426646
88256,-0.042061667528251835,0.4897283479685585,3,0.44766668044030666
88257,-0.04550003074109554,0.51500004529953,4,0.4695000145584345
88259,-0.045955390205979274,0.5022887368708848,3,0.45633334666490555
88260,-0.042888890124029584,0.4964444604184892,9,0.45355557029445964
88261,-0.0458571511719908,0.4835714506251471,7,0.4377142994531563
88262,-0.04016666921476523,0.4948333501815796,3,0.45466668096681434
88263,-0.04216667637228966,0.4955000231663386,3,0.45333334679404896
88264,-0.04550002422183752,0.5155000388622284,1,0.4700000146403909
88265,-0.04299998376518488,0.5139999985694885,1,0.47100001480430365
88266,-0.04366667289286852,0.515333354473114,3,0.4716666815802455
88267,-0.038166684564203024,0.5175000329812368,3,0.4793333484170338
88268,-0.03775002062320709,0.5157500356435776,2,0.4780000150203705
88269,-0.042900007404387,0.5131000220775604,5,0.47020001467317346
88270,-0.049333345558908254,0.49283335937394035,9,0.4435000138150321
88271,-0.043500009924173355,0.5005000233650208,2,0.4570000134408474
88272,-0.04375000821892172,0.5020625218749046,8,0.4583125136559829
88273,-0.03834249863252048,0.4853425122968853,2,0.4470000136643648
88274,-0.03668497580736885,0.4826849893078209,1,0.44600001350045204
88276,-0.050999999046325684,0.49900001287460327,2,0.4480000138282776
88277,-0.042000011540949345,0.4945000261068344,2,0.45250001456588507
88278,-0.050042697707191386,0.49210521091148285,8,0.44206251320429146
88279,-0.042953923131898,0.4979539376419037,4,0.4550000145100057
88280,-0.04850001260638237,0.4865000247955322,2,0.43800001218914986
88281,-0.040500013157725334,0.48750002682209015,1,0.4470000136643648
88283,-0.04050001502037048,0.48850002884864807,2,0.4480000138282776
88284,-0.03850001282989979,0.48750002682209015,1,0.44900001399219036
88285,-0.03816667530271742,0.49427780012289685,9,0.45611112482017946
88286,-0.04305554926395416,0.5007222294807434,9,0.45766668021678925
88287,-0.03991667476172248,0.4828333556652069,6,0.4429166809034844
88288,-0.03400000720284879,0.48125002160668373,4,0.44725001440383494
88289,-0.04616667920102676,0.5133333603541056,3,0.46716668115307886
88291,-0.0455000065267086,0.4845000207424164,1,0.4390000142157078
88292,-0.03475001081824303,0.4827500246465206,4,0.4480000138282776
88293,-0.03699999675154686,0.4830000102519989,2,0.44600001350045204
88294,-0.0437142922143851,0.5071428780044828,14,0.46342858579009766
88296,-0.03925000689923763,0.4867500215768814,2,0.4475000146776438
88297,-0.04616667454441389,0.48483335475126904,3,0.4386666802068552
88298,-0.036000012420117855,0.48750002682209015,1,0.4515000144019723
88299,-0.03800000064074993,0.48500001430511475,1,0.4470000136643648
88300,-0.03300000913441181,0.47850002348423004,2,0.44550001434981823
88301,-0.04700001080830892,0.48616669078667957,3,0.43916667997837067
88304,-0.038000007160007954,0.4845000207424164,1,0.44650001358240843
88306,-0.03450001077726483,0.4830000251531601,2,0.44850001437589526
88307,-0.04000000935047865,0.48850002388159436,3,0.4485000145311157
88309,-0.043587006598114986,0.4926870206066966,10,0.4491000140085816
88310,-0.04150000959634781,0.4780000224709511,2,0.43650001287460327
88311,-0.0431250084657222,0.49750002287328243,8,0.45437501440756023
88313,-0.04965779152326327,0.49153280458040577,4,0.4418750130571425
88314,-0.0459879173455493,0.5024165021213037,7,0.45642858477575443
88315,-0.04275000700727105,0.4960000216960907,8,0.45325001468881965
88316,-0.04750001057982445,0.4855000227689743,1,0.43800001218914986
88317,-0.04800001159310341,0.48600002378225327,2,0.43800001218914986
88318,-0.03900000639259815,0.4880000203847885,3,0.44900001399219036
88319,-0.0409999955445528,0.49000000953674316,1,0.44900001399219036
88321,-0.04750001057982445,0.4855000227689743,1,0.43800001218914986
88322,-0.0383333396166563,0.4853333532810211,3,0.4470000136643648
88323,-0.039000008876125015,0.4866666893164317,3,0.44766668044030666
88324,-0.0383333396166563,0.4853333532810211,3,0.4470000136643648
88325,-0.04800001159310341,0.48600002378225327,2,0.43800001218914986
88326,-0.03407143322484834,0.4845000186136791,7,0.45042858538883074
88327,-0.03950000833719969,0.48900002241134644,2,0.44950001407414675
88328,-0.039500005543231964,0.49150002002716064,1,0.4520000144839287
88329,-0.03950000833719969,0.48900002241134644,2,0.44950001407414675
88330,-0.04800001159310341,0.48600002378225327,2,0.43800001218914986
88331,-0.03733333355436722,0.48350001374880475,3,0.4461666801944375
88332,-0.037499998696148396,0.4840000122785568,2,0.44650001358240843
88333,-0.039900007843971255,0.48790002167224883,5,0.4480000138282776
88334,-0.040000008419156075,0.4828333556652069,6,0.44283334724605083
88335,-0.038166667645176254,0.48650001486142475,3,0.4483333472162485
88336,-0.04750001057982445,0.4855000227689743,1,0.43800001218914986
88337,-0.04921038591116722,0.4912103987559682,5,0.442000012844801
88338,-0.048980198115110674,0.48835521076247124,4,0.43937501264736056
88341,-0.04850001260638237,0.4865000247955322,1,0.43800001218914986
88342,-0.049299997836351396,0.49770001173019407,5,0.44840001389384265
88343,-0.03925001248717308,0.4852500259876251,2,0.44600001350045204
88344,-0.039750016294419765,0.4832500293850899,2,0.4435000130906701
88345,-0.039500005543231964,0.49150002002716064,1,0.4520000144839287
88346,-0.039666676272948585,0.4896666904290517,3,0.45000001415610313
88347,-0.04921038591116722,0.49121039875596817,1,0.44200001284480095
88348,-0.04063333906233311,0.4893666863441467,15,0.4487333472818136
88350,-0.042000011540949345,0.4945000261068344,5,0.45250001456588507
88352,-0.04850001260638237,0.4865000247955322,1,0.43800001218914986
88353,-0.04112488453486002,0.4855000227689743,2,0.4443751382341143
88354,-0.04010000452399254,0.49390001893043517,5,0.45380001440644263
88355,-0.03600000590085983,0.45000001788139343,1,0.4140000119805336
88356,-0.048855189014226474,0.48960520211979774,2,0.44075001310557127
88357,-0.036500017158687115,0.4930000305175781,2,0.456500013358891
88362,-0.03800001181662083,0.49800002574920654,1,0.4600000139325857
88363,-0.03825000929646194,0.5005000233650208,4,0.4622500140685588
88364,-0.043285725239132135,0.509285739489964,7,0.4660000142508319
88365,-0.04219999900087714,0.5156000137329102,5,0.4734000147320331
88366,-0.03993749730580021,0.5175625123083591,8,0.47762501500255894
88367,-0.0490789009006696,0.48982891354057956,8,0.44075001263991
88368,-0.04087487657763994,0.4872500151395798,2,0.44637513856193983
88369,-0.03421429065721376,0.4440714440175465,7,0.40985715336033274
88370,-0.04016666921476523,0.4948333501815796,3,0.45466668096681434
88371,-0.043500001076608896,0.4907500147819519,2,0.447250013705343
88372,-0.043500001076608896,0.4907500147819519,2,0.447250013705343
88373,-0.039038465215036504,0.4991538639252002,13,0.4601153987101637
88374,-0.03704546866091815,0.47159093618392944,11,0.43454546752301126
88375,-0.04250001488253474,0.4897500276565552,2,0.44725001277402043
88377,-0.04910519697144655,0.4878552097491923,2,0.4387500127777457
88378,-0.04890346884975849,0.4874034814313056,3,0.4385000125815471
88379,-0.03816667199134827,0.48350001871585846,3,0.4453333467245102
88380,-0.049140256536504,0.4892236028661334,6,0.4400833463296294
88381,-0.040750008542090654,0.49300002306699753,2,0.4522500145249069
88382,-0.03950000484474003,0.49012501910328865,4,0.4506250142585486
88383,-0.03828125406289473,0.5007500182837248,16,0.46246876422083005
88384,-0.0395000041462481,0.48875001817941666,2,0.44925001403316855
88385,-0.0395000041462481,0.48875001817941666,2,0.44925001403316855
88386,-0.0405000119159619,0.4850833589831988,6,0.4445833470672369
88388,-0.03961112226049105,0.4921666913562351,9,0.452555569095744
88389,-0.03550001233816147,0.4715000241994858,1,0.4360000118613243
88390,-0.04037501313723624,0.4895000271499157,4,0.44912501401267946
88393,-0.03950001485645771,0.4787500277161598,8,0.4392500128597021
88394,-0.03900001042832931,0.49000002443790436,6,0.45100001400957507
88396,-0.0427500125952065,0.4905000254511833,2,0.4477500128559768
88397,-0.040970592471935297,0.51485296032008,17,0.4738823678481447
88400,-0.04287712995360282,0.49904381054540464,3,0.4561666805918018
88401,-0.042000011540949345,0.4945000261068344,1,0.45250001456588507
88402,-0.042000011540949345,0.4945000261068344,1,0.45250001456588507
88403,-0.03700001258403063,0.4945000261068344,1,0.4575000135228038
88405,-0.04386176850162432,0.500861782408133,4,0.45700001390650863
88406,-0.0400000074878335,0.49250002205371857,3,0.45250001456588507
88408,-0.0342500195838511,0.4870000332593918,2,0.4527500136755407
88409,-0.0400000074878335,0.49250002205371857,2,0.45250001456588507
88410,-0.03884616766411524,0.48815387372787183,13,0.4493077060637566
88411,-0.04050001106224954,0.5165000259876251,1,0.4760000149253756
88412,-0.04214286910636084,0.5131428837776184,7,0.47100001467125757
88413,-0.044499995186924934,0.5085000097751617,2,0.4640000145882368
88414,-0.04116667641533746,0.507888913154602,9,0.4667222367392646
88415,-0.043250006856396794,0.4908750206232071,4,0.4476250137668103
88416,-0.040399995632469654,0.49810000956058503,5,0.4577000139281154
88417,-0.04049999266862869,0.49950000643730164,2,0.45900001376867294
88419,-0.03280001282691956,0.41740002036094664,5,0.38460000753402707
88420,-0.03950000461190939,0.489666685461998,3,0.4501666808500886
88421,-0.044499995186924934,0.5085000097751617,2,0.4640000145882368
88422,-0.03881250519771129,0.49225001968443394,8,0.45343751448672265
88423,-0.04561540770989198,0.5088461912595309,13,0.4632307835496389
88424,-0.035749866660529116,0.48894446425967747,9,0.4531945975991484
88425,-0.044499995186924934,0.5085000097751617,3,0.4640000145882368
88426,-0.04249999485909939,0.5085000097751617,2,0.46600001491606236
88427,-0.0333333450059096,0.4228333532810211,6,0.3895000082751115
88428,-0.040750004816800356,0.5077500194311142,2,0.46700001461431384
88429,-0.04324999265372753,0.511000007390976,2,0.4677500147372484
88430,-0.044333326940735183,0.5101666748523712,3,0.46583334791163605
88431,-0.03900000546127558,0.49150002002716064,1,0.45250001456588507
88432,-0.037026763018669695,0.5232143050857953,28,0.48618754206712556
88433,-0.04229999706149101,0.5065000116825104,5,0.46420001462101934
88434,-0.047375004505738616,0.500250019133091,4,0.45287501462735236
88435,-0.044125025160610676,0.4998750388622284,4,0.4557500137016177
88436,-0.04300001263618469,0.4910000264644623,6,0.4480000138282776
88437,-0.05162502685561776,0.5008750408887863,4,0.44925001403316855
88438,-0.04510002993047237,0.513200044631958,5,0.46810001470148566
88439,-0.04300001263618469,0.4910000264644623,3,0.4480000138282776
88440,-0.050666683043042816,0.49766669670740765,3,0.4470000136643648
88441,-0.04660000763833523,0.49280002117156985,5,0.44620001353323463
88442,-0.04733334295451641,0.4943333566188812,3,0.4470000136643648
88443,-0.05037501431070268,0.4972500279545784,4,0.4468750136438757
88444,-0.04950000811368227,0.4960000216960907,2,0.44650001358240843
88445,-0.04733334295451641,0.4943333566188812,3,0.4470000136643648
88446,-0.04950000811368227,0.4960000216960907,2,0.44650001358240843
88447,-0.04950000811368227,0.4960000216960907,1,0.44650001358240843
88448,-0.04950000811368227,0.4960000216960907,1,0.44650001358240843
88449,-0.04950000811368227,0.4960000216960907,1,0.44650001358240843
88450,-0.053000032901763916,0.5010000467300415,3,0.4480000138282776
88451,-0.04950000811368227,0.4960000216960907,2,0.44650001358240843
88452,-0.04950000811368227,0.4960000216960907,1,0.44650001358240843
88453,-0.04185715051633971,0.49471430693353924,7,0.45285715641719954
88455,-0.04300001449882984,0.4960000291466713,4,0.45300001464784145
88456,-0.053000032901763916,0.5010000467300415,1,0.4480000138282776
88458,-0.05025002080947161,0.5007500350475311,2,0.4505000142380595
88460,-0.040500011295080185,0.4945000261068344,3,0.4540000148117542
88461,-0.040954551405527374,0.49940911070867017,11,0.4584545593031428
88462,-0.042000019922852516,0.49500003457069397,3,0.45300001464784145
88463,-0.042166680097579956,0.49550002813339233,3,0.4533333480358124
88465,-0.0475000087171793,0.5005000233650208,2,0.45300001464784145
88466,-0.04075000761076808,0.4960000216960907,6,0.4552500140853226
88467,-0.042000019922852516,0.49500003457069397,1,0.45300001464784145
88468,-0.0475000087171793,0.5005000233650208,2,0.45300001464784145
88469,-0.04887501476332545,0.5006250292062759,4,0.4517500144429505
88470,-0.042500000447034836,0.49650001525878906,3,0.4540000148117542
88471,-0.04925000108778477,0.5022500157356262,2,0.45300001464784145
88472,-0.042500000447034836,0.49650001525878906,1,0.4540000148117542
88473,-0.04325001686811447,0.4987500309944153,2,0.4555000141263008
88474,-0.050999993458390236,0.5040000081062317,2,0.45300001464784145
88475,-0.041639653549591316,0.501973000870148,3,0.46033334732055664
88479,-0.04170947366356792,0.5017094875961536,1,0.4600000139325857
88481,-0.04100002255290747,0.499500036239624,4,0.45850001368671656
88482,-0.04170947366356792,0.5017094875961536,2,0.4600000139325857
88484,-0.04400003328919411,0.5010000467300415,1,0.4570000134408474
88488,-0.04400003328919411,0.5010000467300415,1,0.4570000134408474
88490,-0.04400001373142004,0.5025000274181366,2,0.45850001368671656
88493,-0.03800001181662083,0.49800002574920654,3,0.4600000139325857
88497,-0.04100002255290747,0.499500036239624,4,0.45850001368671656
88500,-0.041499980725347996,0.5049999952316284,6,0.4635000145062804
88501,-0.03800001181662083,0.49800002574920654,1,0.4600000139325857
88502,-0.03887500404380262,0.499750018119812,4,0.4608750140760094
88503,-0.04170947366356792,0.5017094875961536,4,0.4600000139325857
88504,-0.036000010557472706,0.4935000240802765,1,0.4575000135228038
88505,-0.04323650037546933,0.5022365141441423,3,0.45900001376867294
88506,-0.03800001181662083,0.49800002574920654,1,0.4600000139325857
88509,-0.03800001181662083,0.49800002574920654,2,0.4600000139325857
88510,-0.044318653574585865,0.5141936681944876,8,0.4698750146199018
88512,-0.04437501565553248,0.5150000303983688,4,0.47062501474283636
88513,-0.042333328165113926,0.5070000092188517,3,0.46466668105373776
88514,-0.04450001381337643,0.5140000283718109,4,0.4695000145584345
88515,-0.04460002016276121,0.5158000349998474,5,0.4712000148370862
88517,-0.04299998376518488,0.5139999985694885,1,0.47100001480430365
88518,-0.04350000340491533,0.5125000178813934,2,0.4690000144764781
88519,-0.04362500226125121,0.514875017106533,4,0.47125001484528184
88520,-0.04259999813511968,0.5175000131130219,5,0.4749000149779022
88521,-0.04299998376518488,0.5139999985694885,2,0.47100001480430365
88522,-0.044683067566156254,0.5141830821245907,1,0.4695000145584345
88523,-0.042362567510455834,0.5123625821508467,4,0.4700000146403909
88524,-0.04300000052899122,0.5150000154972076,2,0.4720000149682164
88525,-0.04160558225711186,0.5136055969148874,6,0.4720000146577755
88526,-0.04293891751642028,0.5126889321158329,6,0.4697500145994126
88527,-0.04150000065565109,0.4933000147342682,5,0.45180001407861714
88528,-0.04199999710544944,0.4962500110268593,4,0.45425001392140985
88529,-0.040500011295080185,0.4865000247955322,3,0.44600001350045204
88530,-0.03716666375597318,0.48408334453900653,12,0.44691668078303337
88531,-0.042875008191913366,0.5121250227093697,4,0.4692500145174563
88532,-0.0410000080242753,0.49250002205371857,5,0.4515000140294433
88533,-0.04023077908473519,0.5089615629269526,13,0.4687307838422174
88534,-0.04488889500498772,0.505000020066897,18,0.4601111250619093
88535,-0.04007894616868151,0.5084473820109117,19,0.46836843584223015
88536,-0.04630001578480005,0.5180000305175781,5,0.4717000147327781
88538,-0.04600002244114876,0.5145000368356705,4,0.4685000143945217
88539,-0.0375833393385013,0.4907500197490056,12,0.45316668041050434
88540,-0.042500006034970284,0.49883335332075757,6,0.4563333472857873
88542,-0.04531251481967047,0.5121875293552876,8,0.4668750145356171
88543,-0.04566667197893063,0.5115833530823389,6,0.4659166811034083
88544,-0.042375010438263416,0.4886250253766775,8,0.4462500149384141
88545,-0.038500008173286915,0.4960000216960907,2,0.4575000135228038
88546,-0.039687504759058356,0.49756251834332943,8,0.4578750135842711
88547,-0.0404285764587777,0.5042857336146491,7,0.46385715715587145
88548,-0.03885000851005316,0.49625002294778825,10,0.4574000144377351
88549,-0.04850000888109207,0.49250002205371857,6,0.4440000131726265
88550,-0.040500008345892034,0.5151666899522146,3,0.4746666816063226
88551,-0.03862501122057438,0.48362502455711365,4,0.44500001333653927
88552,-0.042499993927776814,0.5040000081062317,2,0.4615000141784549
88553,-0.03550001233816147,0.4715000241994858,1,0.4360000118613243
88554,-0.042100009694695475,0.4963000237941742,5,0.45420001409947874
88556,-0.04385715443640947,0.5151428835732597,7,0.4712857291368502
88557,-0.036000012420117855,0.48750002682209015,1,0.4515000144019723
88573,0.058999985456466675,0.3960000276565552,2,0.45500001311302185
88576,0.06099998950958252,0.39400002360343933,3,0.45500001311302185
88577,0.043333325535058975,0.4150000214576721,3,0.4583333469927311
88587,0.04749998729676008,0.4100000262260437,4,0.4575000135228038
88592,0.050666651998957,0.4060000280539195,6,0.4566666800528765
88769,0.06099998950958252,0.39400002360343933,1,0.45500001311302185
88774,0.06099998950958252,0.39400002360343933,1,0.45500001311302185
88777,0.06099998950958252,0.39400002360343933,1,0.45500001311302185
88786,0.06099998950958252,0.39400002360343933,1,0.45500001311302185
88791,0.06099998950958252,0.39400002360343933,3,0.45500001311302185
88792,0.05966665347417196,0.3953333596388499,9,0.45500001311302185
88793,0.06099998950958252,0.39400002360343933,2,0.45500001311302185
88794,0.05699998140335083,0.398000031709671,3,0.45500001311302185
88798,0.04749998729676008,0.4100000262260437,4,0.4575000135228038
88801,0.03916666377335787,0.42000001668930054,3,0.4591666804626584
88804,0.03599999099969864,0.4230000227689743,2,0.45900001376867294
88808,0.03749999310821295,0.4220000207424164,4,0.45950001385062933
88809,0.03539999648928642,0.42120001713434857,15,0.456600013623635
88810,0.04139999859035015,0.41080001592636106,5,0.4522000145167112
88811,0.04049998428672552,0.41200003027915955,2,0.45250001456588507
88812,0.03199999779462814,0.4270000159740448,2,0.45900001376867294
88813,0.03972221010675033,0.4133333596918318,9,0.45305556979858214
88814,0.04062498779967427,0.41200002655386925,8,0.4526250143535435
88815,0.03499999921768904,0.42250001430511475,1,0.4575000135228038
88816,0.03700000047683716,0.4180000126361847,1,0.45500001311302185
88817,0.03499999921768904,0.42250001430511475,1,0.4575000135228038
88819,0.03476186209738252,0.4291381522881985,10,0.46390001438558104
88820,0.03299998864531517,0.4240000247955322,1,0.4570000134408474
88821,0.03700000047683716,0.4180000126361847,1,0.45500001311302185
88822,0.03700000047683716,0.4180000126361847,1,0.45500001311302185
88823,0.03299998864531517,0.4240000247955322,1,0.4570000134408474
88824,0.034999994561076164,0.42100001871585846,2,0.4560000132769346
88825,0.034999998552458625,0.4207143017223903,7,0.45571430027484894
88832,0.05799998715519905,0.3960000276565552,1,0.4540000148117542
88837,0.05799998715519905,0.3960000276565552,1,0.4540000148117542
88838,0.05799998715519905,0.3960000276565552,1,0.4540000148117542
88839,0.05799998715519905,0.3960000276565552,1,0.4540000148117542
88840,0.05799998715519905,0.3960000276565552,1,0.4540000148117542
88841,0.05799998715519905,0.3960000276565552,1,0.4540000148117542
88842,0.05799998715519905,0.3960000276565552,1,0.4540000148117542
88843,0.05799998715519905,0.3960000276565552,1,0.4540000148117542
88845,0.05799998715519905,0.3960000276565552,1,0.4540000148117542
88846,0.05799998715519905,0.3960000276565552,1,0.4540000148117542
88847,0.05799998715519905,0.3960000276565552,1,0.4540000148117542
88848,0.05799998715519905,0.3960000276565552,1,0.4540000148117542
88850,0.05799998715519905,0.3960000276565552,1,0.4540000148117542
88851,0.05799998715519905,0.3960000276565552,1,0.4540000148117542
88852,0.05799998715519905,0.3960000276565552,1,0.4540000148117542
88853,0.05799998715519905,0.3960000276565552,1,0.4540000148117542
88855,0.05799998715519905,0.3960000276565552,2,0.4540000148117542
88901,0.05799998715519905,0.3960000276565552,1,0.4540000148117542
88902,0.05799998715519905,0.3960000276565552,1,0.4540000148117542
88903,0.05799998715519905,0.3960000276565552,1,0.4540000148117542
88905,0.05799998715519905,0.3960000276565552,1,0.4540000148117542
88908,0.05799998715519905,0.3960000276565552,1,0.4540000148117542
88909,0.05799998715519905,0.3960000276565552,1,0.4540000148117542
88910,0.05799998715519905,0.3960000276565552,1,0.4540000148117542
88911,0.05799998715519905,0.3960000276565552,1,0.4540000148117542
88913,0.05799998715519905,0.3960000276565552,1,0.4540000148117542
88914,0.05799998715519905,0.3960000276565552,1,0.4540000148117542
88915,0.05799998715519905,0.3960000276565552,1,0.4540000148117542
88916,0.05799998715519905,0.3960000276565552,1,0.4540000148117542
88917,0.05799998715519905,0.3960000276565552,1,0.4540000148117542
88918,0.05799998715519905,0.3960000276565552,1,0.4540000148117542
88919,0.05799998715519905,0.3960000276565552,1,0.4540000148117542
88920,0.05799998715519905,0.3960000276565552,1,0.4540000148117542
88922,0.05799998715519905,0.3960000276565552,1,0.4540000148117542
88923,0.05799998715519905,0.3960000276565552,1,0.4540000148117542
88924,0.05799998715519905,0.3960000276565552,1,0.4540000148117542
88925,0.05799998715519905,0.3960000276565552,1,0.4540000148117542
88926,0.05799998715519905,0.3960000276565552,1,0.4540000148117542
88927,0.05799998715519905,0.3960000276565552,1,0.4540000148117542
88929,0.021499992658694584,0.35600001613299054,6,0.3775000087916851
88936,0.017124995870593313,0.4219166835149129,12,0.4390416793855062
88939,0.02300000935792923,0.3840000033378601,1,0.40700001269578934
88941,0.013749997538980097,0.4645000174641609,8,0.478250015003141
88942,0.019000003580003977,0.4205000102519989,2,0.4395000138320029
88947,0.01236301579758523,0.4926370003888011,5,0.5050000161863863
88949,0.013249998504761606,0.46400001645088196,2,0.47725001495564356
88950,0.013928578634347235,0.4872142949274608,7,0.5011428735618081
88952,0.008986274738470024,0.49513874168284244,8,0.5041250164213125
88953,0.010635019611247909,0.5010792823921357,7,0.5117143020033836
88954,0.020666648944218952,0.39666669567426044,3,0.4173333446184794
88956,-0.018999984953552485,0.5,1,0.4810000150464475
88957,-0.01815222133398059,0.4956522362723947,2,0.4775000149384141
88958,-0.017304457714408694,0.4913044725447893,3,0.4740000148303806
88959,-0.017304457714408694,0.4913044725447894,1,0.4740000148303807
88960,-0.017304457714408694,0.4913044725447894,2,0.4740000148303807
88965,0.035999987507238984,0.4400000274181366,1,0.4760000149253756
88967,0.035999987507238984,0.4400000274181366,1,0.4760000149253756
88972,0.035999987507238984,0.4400000274181366,1,0.4760000149253756
88977,0.035999987507238984,0.4400000274181366,1,0.4760000149253756
88995,0.03274999151472002,0.4397500231862068,2,0.47250001470092684
89012,0.03274999151472002,0.4397500231862068,2,0.47250001470092684
89015,0.01583332909892003,0.4541666855414708,3,0.4700000146403909
89075,0.02949999552220106,0.43950001895427704,1,0.4690000144764781
89386,0.03274999151472002,0.4397500231862068,2,0.47250001470092684
89473,0.00899999588727951,0.46150001883506775,2,0.47050001472234726
89814,0.02949999552220106,0.43950001895427704,1,0.4690000144764781
89846,0.00899999588727951,0.46150001883506775,2,0.47050001472234726
90070,0.035999987507238984,0.4400000274181366,1,0.4760000149253756
90611,0.024249987676739693,0.4452500268816948,2,0.4695000145584345
91145,0.019749999046325684,0.4507500156760216,2,0.47050001472234726
91191,0.009499996900558472,0.43150001764297485,2,0.4410000145435333
91194,0.019749999046325684,0.4507500156760216,2,0.47050001472234726
91199,0.010000002570450306,0.4620000123977661,1,0.4720000149682164
91200,0.018999979831278324,0.45100003480911255,1,0.4700000146403909
91325,0.008499991769591967,0.45116668939590454,3,0.4596666811654965
91365,-0.011666689068078995,0.5093333721160889,3,0.4976666830480099
91366,-1.210719347000122e-08,0.484000027179718,1,0.48400001507252455
91367,-0.013638749039769183,0.5162387647396326,5,0.5026000156998635
91368,0.0063333257955188555,0.47316668927669525,3,0.4795000150722141
91369,0.024249987676739693,0.4452500268816948,2,0.4695000145584345
91631,0.00899999588727951,0.46150001883506775,2,0.47050001472234726
91642,-0.0008750020060688257,0.4448750168085098,4,0.444000014802441
91644,0.011999995835746327,0.46533335248629254,3,0.4773333483220389
91722,0.007249995658639818,0.4672500193119049,2,0.4745000149705447
91723,0.02249999437481165,0.4475000202655792,2,0.4700000146403909
91784,-0.002500004693865776,0.4661000192165375,5,0.4636000145226717
91785,-0.0015000011771917343,0.4595000147819519,2,0.45800001360476017
91791,0.009499996900558472,0.43150001764297485,2,0.4410000145435333
91794,0.020749987103044987,0.4492500275373459,2,0.4700000146403909
91796,0.010000002570450306,0.4620000123977661,2,0.4720000149682164
91798,0.019499995280057192,0.4545000195503235,1,0.4740000148303807
91954,0.020749987103044987,0.4492500275373459,2,0.4700000146403909
92230,0.019499995280057192,0.4545000195503235,2,0.4740000148303807
92231,0.01424999930895865,0.46175001561641693,2,0.4760000149253756
92350,0.010000002570450306,0.4620000123977661,1,0.4720000149682164
92381,0.010000002570450306,0.4620000123977661,1,0.4720000149682164
92487,-0.017500012181699276,0.5210000276565552,2,0.5035000154748559
92489,-0.01510002203285694,0.5054000377655029,5,0.490300015732646
92491,-0.0076945718616251435,0.4966945877537136,3,0.48900001589208847
92492,-0.004211826555617207,0.4903368419764564,8,0.4861250154208392
92493,-0.01783334029217561,0.5136666893959045,3,0.49583334910372895
92548,0.02199999817336599,0.44933334986368817,3,0.4713333480370542
92550,0.0006428473030350038,0.4691428818872997,7,0.4697857291903347
92572,0.02175000007264316,0.4502500146627426,2,0.4720000147353858
92578,-0.013437509158393368,0.5035000247880816,16,0.4900625156296883
92579,-0.011032444522033205,0.5033657936729491,6,0.49233334915091587
92598,0.011899985163472593,0.4662000298500061,5,0.47810001501347865
92599,-0.015400010533630848,0.4846000254154205,5,0.4692000148817897
92604,0.009000003337860107,0.4690000116825104,1,0.4780000150203705
92655,0.006999986828304827,0.4735000282526016,3,0.48050001508090645
92822,0.004083326261024922,0.474750022093455,6,0.47883334835447994
92831,-0.0010000059846788645,0.4532500207424164,2,0.4522500147577375
93302,0.013499992084689438,0.4635000228881836,1,0.47700001497287303
93307,-0.0015000011771917343,0.4595000147819519,1,0.45800001360476017
93314,0.006749982596375048,0.4737500324845314,2,0.48050001508090645
93321,-0.009596873240172887,0.5075968896761537,4,0.4980000164359808
93325,-0.0015000011771917343,0.4595000147819519,5,0.45800001360476017
93332,0.0023333208713059625,0.4805000275373459,3,0.48283334840865183
93362,0.0014999958453699946,0.48090001940727234,5,0.4824000152526423
93366,-0.0028000046499073506,0.4802000194787979,5,0.47740001482889055
93518,-0.002500011585652828,0.48750002682209015,1,0.4850000152364373
93854,-0.013000020757317543,0.5110000371932983,2,0.4980000164359808
93855,-0.017500012181699276,0.5210000276565552,3,0.5035000154748559
94516,-0.01777777976046006,0.49044446150461835,9,0.47266668174415827
94993,-0.00862971142282117,0.49762972731490956,3,0.4890000158920884
95393,-0.016250018030405045,0.5112500339746475,2,0.4950000159442425
95394,-0.013500003144145012,0.5055000185966492,2,0.49200001545250416
95399,-0.018750026589259505,0.4996250420808792,4,0.4808750154916197
95456,-0.010499990545213223,0.49950000643730164,2,0.4890000158920884
96636,-0.014625006821006536,0.5103750228881836,4,0.49575001606717706
96638,-0.015000008046627045,0.5120000243186951,1,0.497000016272068
97067,-0.04821428217525993,0.532142869063786,7,0.48392858688852614
97069,-0.04721428658480623,0.5186428725719452,7,0.47142858598713894
97071,-0.04800000274553895,0.531000018119812,3,0.48300001537427306
97074,-0.048375002428656444,0.5298750177025795,4,0.48150001527392305
97076,-0.04800000274553895,0.531000018119812,1,0.48300001537427306
97077,-0.04800000274553895,0.531000018119812,1,0.48300001537427306
97090,-0.06325008024536061,0.5955000221729279,1,0.5322499419275672
97092,-0.0585000105202198,0.5005000233650208,3,0.44200001284480095
97120,-0.058800007402896884,0.4998000204563141,5,0.44100001305341724
97173,-0.05558335952786727,0.4803333481152852,3,0.42474998858741797
97187,-0.03150000888854265,0.4820000231266022,2,0.4505000142380595
97191,-0.03150000888854265,0.4820000231266022,3,0.4505000142380595
97222,-0.053999997675418854,0.47600001096725464,1,0.4220000132918358
97261,-0.06325008024536061,0.5955000221729279,1,0.5322499419275672
97263,-0.05528587688505704,0.5092858916968113,1,0.4540000148117542
97266,-0.0589285995811224,0.5211428999900818,7,0.4622143004089594
97270,-0.05528587688505704,0.5092858916968113,1,0.4540000148117542
97314,-0.054000020027160645,0.4350000321865082,1,0.38100001215934753
97317,-0.05300003010779619,0.5105000436306,1,0.4575000135228038
97327,-0.0585000105202198,0.5005000233650208,1,0.44200001284480095
97395,-0.035000016912817955,0.47450003027915955,2,0.4395000133663416
97413,-0.028377116583728233,0.47841556494358256,39,0.45003844835985435
97431,-0.03687504238006656,0.47825001925230026,2,0.4413749768722337
97438,-0.03500001225620508,0.48750002682209015,1,0.45250001456588507
97481,-0.033642872369715145,0.47592860034533907,7,0.44228572797562393
97486,-0.03433334765334924,0.47083336114883423,3,0.436500013495485
97493,-0.022737811182190832,0.5349044441233078,3,0.512166632941117
97523,-0.039046885447498056,0.4815937699750066,16,0.4425468845275085
97527,-0.03800000250339508,0.46400001645088196,1,0.4260000139474869
97530,-0.041500003077089787,0.49400001764297485,1,0.45250001456588507
97551,-0.043937566827936037,0.4882500246167183,4,0.44431245778878226
97557,-0.04475008807821812,0.48633336027463275,3,0.44158327219641463
97564,-0.04775009586536316,0.49500003457069397,2,0.4472499387053308
97572,-0.038214349611396185,0.47164287098816465,7,0.43342852137676846
97587,-0.06325008024536061,0.5955000221729279,2,0.5322499419275672
97594,-0.06325008024536061,0.5955000221729279,1,0.5322499419275672
97595,-0.06325008024536061,0.5955000221729279,1,0.5322499419275672
97605,-0.05700000748038292,0.46950002014636993,2,0.412500012665987
97612,-0.054812530761270295,0.4841250255703926,4,0.4293124948091223
97616,-0.05700000748038292,0.46950002014636993,1,0.412500012665987
97633,-0.04050000011920929,0.6465000212192535,1,0.6060000211000443
97642,-0.037750006187707186,0.5670000240206718,6,0.5292500178329647
97646,-0.04380001127719879,0.6372000336647033,5,0.5934000223875046
97671,-0.05750001221895218,0.5025000274181366,1,0.4450000151991844
97686,-0.04600001871585846,0.6310000419616699,1,0.5850000232458115
97699,-0.06325008024536061,0.5955000221729279,1,0.5322499419275672
97706,-0.05637499433942139,0.5062500089406967,4,0.4498750146012753
97708,-0.06600001454353333,0.06450000405311584,2,-0.0015000104904174805
97711,-0.054000020027160645,0.4350000321865082,1,0.38100001215934753
97728,-0.059500010684132576,0.4970000237226486,2,0.43750001303851604
97730,-0.05800001136958599,0.5015000253915787,2,0.4435000140219927
97737,-0.04600001871585846,0.6310000419616699,2,0.5850000232458115
97738,-0.05750001221895218,0.5025000274181366,3,0.4450000151991844
97743,-0.06325008024536061,0.5955000221729279,1,0.5322499419275672
97757,-0.05720833728257565,0.5234166731437048,6,0.46620833586112914
97758,-0.058416685875132636,0.5378333429495493,3,0.47941665707441666
97759,-0.06325008024536061,0.5955000221729279,1,0.5322499419275672
97760,-0.06325008024536061,0.5955000221729279,1,0.5322499419275672
97780,-0.05300003010779619,0.5105000436306,1,0.4575000135228038
97783,-0.04600001871585846,0.6310000419616699,2,0.5850000232458115
97801,-0.060000017285346985,0.4400000274181366,1,0.3800000101327896
97803,-0.060000017285346985,0.4400000274181366,1,0.3800000101327896
97808,-0.05388586032092557,0.46068587335646144,5,0.40680001303553587
97817,-0.053437568850803585,0.5198750272393227,4,0.4664374583885191
97818,-0.05325009257593183,0.5345000326633453,1,0.4812499400874135
97834,-0.051571449797068326,0.4980000342641558,7,0.44642858446708744
97839,-0.05350000411272049,0.497500017285347,6,0.4440000131726265
97850,-0.07200001878663898,0.5345000326633453,2,0.46250001387670636
97854,-0.07350000459700823,0.531000018119812,1,0.4575000135228038
97855,-0.07350000459700823,0.531000018119812,1,0.4575000135228038
97856,-0.07350000459700823,0.531000018119812,1,0.4575000135228038
97859,-0.04725001007318497,0.5077500268816948,2,0.4605000168085098
97863,-0.04600001871585846,0.6310000419616699,1,0.5850000232458115
97881,-0.060500009916722775,0.5120000243186951,7,0.4515000144019723
97888,-0.048500001430511475,0.38450001180171967,1,0.3360000103712082
97890,-0.059500000129143395,0.49816668033599854,3,0.4386666802068551
97908,-0.048500001430511475,0.38450001180171967,2,0.3360000103712082
97911,-0.060500009916722775,0.5120000243186951,1,0.4515000144019723
97918,-0.060250002425163984,0.5045000165700912,2,0.44425001414492726
97926,-0.060000017285346985,0.4400000274181366,1,0.3800000101327896
97939,-0.07430002391338349,0.5516000390052795,5,0.47730001509189607
97952,-0.060500009916722775,0.5120000243186951,3,0.4515000144019723
97959,-0.060500009916722775,0.5120000243186951,2,0.4515000144019723
97974,-0.05950002589573463,0.5200000405311584,3,0.46050001463542384
97982,-0.053499992936849594,0.4675000061591466,3,0.414000013222297
97992,-0.06325008024536061,0.5955000221729279,1,0.5322499419275672
98014,-0.06325008024536061,0.5955000221729279,1,0.5322499419275672
98015,-0.06325008024536061,0.5955000221729279,1,0.5322499419275672
98021,-0.053000010550022125,0.49800002574920654,1,0.4450000151991844
98025,-0.05300003010779619,0.5105000436306,2,0.4575000135228038
98036,-0.06416672501141818,0.41850001613299054,3,0.35433329112157236
98041,-0.0645000064978376,0.5400000214576721,3,0.4755000149598345
98045,-0.054000020027160645,0.4350000321865082,1,0.38100001215934753
98052,-0.054000020027160645,0.4350000321865082,1,0.38100001215934753
98056,-0.054000020027160645,0.4350000321865082,2,0.38100001215934753
98068,-0.05528587688505704,0.5092858916968113,2,0.4540000148117542
98085,-0.06325008024536061,0.5955000221729279,1,0.5322499419275672
98094,-0.060833383060246625,0.5666666825612386,3,0.505833299500992
98097,-0.06325008024536061,0.5955000221729279,1,0.5322499419275672
98099,-0.058416685875132636,0.5378333429495493,3,0.47941665707441666
98100,-0.060833383060246625,0.5666666825612386,3,0.505833299500992
98107,-0.0550312533195596,0.48868750780820847,8,0.43365625448864886
98118,-0.05528587688505704,0.5092858916968113,1,0.4540000148117542
98127,-0.06325008024536061,0.5955000221729279,2,0.5322499419275672
98147,-0.06325008024536061,0.5955000221729279,2,0.5322499419275672
98150,-0.06325008024536061,0.5955000221729279,1,0.5322499419275672
98156,-0.06325008024536061,0.5955000221729279,2,0.5322499419275672
98165,-0.06325008024536061,0.5955000221729279,1,0.5322499419275672
98167,-0.06325008024536061,0.5955000221729279,1,0.5322499419275672
98176,-0.06325008024536061,0.5955000221729279,1,0.5322499419275672
98177,-0.06325008024536061,0.5955000221729279,1,0.5322499419275672
98187,-0.06325008024536061,0.5955000221729279,1,0.5322499419275672
98195,-0.06325008024536061,0.5955000221729279,1,0.5322499419275672
98196,-0.06325008024536061,0.5955000221729279,1,0.5322499419275672
98198,-0.06325008024536061,0.5955000221729279,1,0.5322499419275672
98201,-0.06325008024536061,0.5955000221729279,2,0.5322499419275672
98203,-0.060000017285346985,0.4400000274181366,1,0.3800000101327896
98205,-0.06325008024536061,0.5955000221729279,1,0.5322499419275672
98206,-0.06325008024536061,0.5955000221729279,1,0.5322499419275672
98209,-0.05849999375641346,0.5040000081062317,5,0.44550001434981823
98220,-0.06325008024536061,0.5955000221729279,2,0.5322499419275672
98226,-0.06325008024536061,0.5955000221729279,1,0.5322499419275672
98234,-0.06325008024536061,0.5955000221729279,1,0.5322499419275672
98242,-0.06325008024536061,0.5955000221729279,1,0.5322499419275672
98245,-0.06325008024536061,0.5955000221729279,1,0.5322499419275672
98251,-0.06325008024536061,0.5955000221729279,1,0.5322499419275672
98255,-0.06600001454353333,0.06450000405311584,3,-0.0015000104904174805
98259,-0.053571477133780854,0.5008214922361077,4,0.44725001510232687
98262,-0.06600001454353333,0.06450000405311584,1,-0.0015000104904174805
98265,-0.057499988935887814,0.5090000033378601,1,0.4515000144019723
98277,-0.060000017285346985,0.4400000274181366,1,0.3800000101327896
98279,-0.057124999118968844,0.4880000129342079,4,0.43087501381523907
98288,-0.06600001454353333,0.06450000405311584,1,-0.0015000104904174805
98290,-0.06325008024536061,0.5955000221729279,2,0.5322499419275672
98297,-0.05297621528804308,0.49119845139152474,9,0.43822223610348165
98304,-0.06325008024536061,0.5955000221729279,8,0.5322499419275672
98321,-0.060000017285346985,0.4400000274181366,1,0.3800000101327896
98324,-0.06416672501141818,0.41850001613299054,3,0.35433329112157236
98330,-0.06325008024536061,0.5955000221729279,1,0.5322499419275672
98336,-0.06600001454353333,0.06450000405311584,4,-0.0015000104904174805
98339,-0.06600001454353333,0.06450000405311584,1,-0.0015000104904174805
98348,-0.060000017285346985,0.4400000274181366,1,0.3800000101327896
98360,-0.05400000885128975,0.4555000215768814,2,0.40150001272559166
98366,-0.060000017285346985,0.4400000274181366,1,0.3800000101327896
98369,-0.060000017285346985,0.4400000274181366,1,0.3800000101327896
98370,-0.060000017285346985,0.4400000274181366,1,0.3800000101327896
98373,-0.060000017285346985,0.4400000274181366,1,0.3800000101327896
98374,-0.060000017285346985,0.4400000274181366,1,0.3800000101327896
98390,-0.06550001186163475,0.2230000098546346,3,0.15749999799299985
98396,-0.0645000054500997,0.4905000180006027,2,0.426000012550503
98413,-0.054000020027160645,0.4350000321865082,2,0.38100001215934753
98421,-0.06899999361485243,0.5410000085830688,1,0.4720000149682164
98430,-0.054000020027160645,0.4350000321865082,1,0.38100001215934753
98436,-0.054000020027160645,0.4350000321865082,2,0.38100001215934753
98443,-0.060000017285346985,0.4400000274181366,2,0.3800000101327896
98445,-0.054000020027160645,0.4350000321865082,1,0.38100001215934753
98446,-0.0645000064978376,0.5400000214576721,4,0.4755000149598345
98449,-0.060000017285346985,0.4400000274181366,1,0.3800000101327896
98452,-0.054000020027160645,0.4350000321865082,2,0.38100001215934753
98453,-0.061500013689510524,0.47333335876464844,3,0.4118333450751379
98460,-0.0645000064978376,0.5400000214576721,2,0.4755000149598345
98462,-0.054000020027160645,0.4350000321865082,1,0.38100001215934753
98464,-0.054000020027160645,0.4350000321865082,1,0.38100001215934753
98465,-0.054000020027160645,0.4350000321865082,1,0.38100001215934753
98470,-0.054000020027160645,0.4350000321865082,1,0.38100001215934753
98471,-0.060000017285346985,0.4400000274181366,2,0.3800000101327896
98476,-0.054000020027160645,0.4350000321865082,2,0.38100001215934753
98477,-0.054000020027160645,0.4350000321865082,1,0.38100001215934753
98479,-0.054000020027160645,0.4350000321865082,1,0.38100001215934753
98481,-0.054000020027160645,0.4350000321865082,1,0.38100001215934753
98483,-0.054000020027160645,0.4350000321865082,1,0.38100001215934753
98484,-0.054000020027160645,0.4350000321865082,1,0.38100001215934753
98496,-0.06600001454353333,0.06450000405311584,5,-0.0015000104904174805
98513,-0.054000020027160645,0.4350000321865082,1,0.38100001215934753
98514,-0.054000020027160645,0.4350000321865082,1,0.38100001215934753
98528,-0.054000020027160645,0.4350000321865082,1,0.38100001215934753
98531,-0.054000020027160645,0.4350000321865082,1,0.38100001215934753
98537,-0.054000020027160645,0.4350000321865082,1,0.38100001215934753
98538,-0.054000020027160645,0.4350000321865082,1,0.38100001215934753
98547,-0.054000020027160645,0.4350000321865082,1,0.38100001215934753
98548,-0.04980001375079155,0.4850000262260437,5,0.43520001247525214
98551,-0.054000020027160645,0.4350000321865082,3,0.38100001215934753
98554,-0.061857150202350955,0.4872857332229614,7,0.4254285830206105
98557,-0.053999997675418854,0.47600001096725464,1,0.4220000132918358
98569,-0.05390487948805082,0.470071559421718,3,0.4161666799336672
98571,-0.053999997675418854,0.47600001096725464,1,0.4220000132918358
98573,-0.053999997675418854,0.47600001096725464,2,0.4220000132918358
98574,-0.053999997675418854,0.47600001096725464,1,0.4220000132918358
98575,-0.05411112825903627,0.446611139509413,9,0.3925000112503767
98582,-0.0464764249026773,0.48830977136393366,6,0.4418333464612564
98584,-0.05362504512567534,0.5052500218153,2,0.45162497668962465
98587,-0.054000020027160645,0.4350000321865082,3,0.38100001215934753
98589,-0.053999997675418854,0.47600001096725464,1,0.4220000132918358
98593,-0.053999997675418854,0.47600001096725464,2,0.4220000132918358
98594,-0.0538573203943668,0.4671073336489497,2,0.4132500132545829
98606,-0.048000019043684006,0.48600003123283386,7,0.43800001218914986
98613,-0.07050003297626972,0.5380000472068787,1,0.46750001423060894
98618,-0.07350000459700823,0.531000018119812,3,0.4575000135228038
98621,-0.07350000459700823,0.531000018119812,2,0.4575000135228038
98624,-0.08290001405403018,0.3798000171780586,5,0.2969000031240284
98637,-0.048000019043684006,0.48600003123283386,3,0.43800001218914986
98641,-0.05268757152183673,0.5211250297725201,8,0.46843745825068334
98643,-0.053750029308923176,0.49550001819928485,3,0.44174998889036166
98649,-0.04950001835823059,0.489500030875206,4,0.4400000125169754
98650,-0.051666688484450184,0.49883336822191876,3,0.4471666797374686
98666,-0.051000017672777176,0.4930000305175781,3,0.44200001284480095
98672,-0.05623235199716853,0.4941073287613688,2,0.4378749767642003
98693,-0.04937502008397132,0.4908125326037407,8,0.44143751251976937
98695,-0.051000017672777176,0.4930000305175781,2,0.44200001284480095
98696,-0.0553751315432278,0.4994501374609772,10,0.4440750059177494
98699,-0.051000017672777176,0.4930000305175781,1,0.44200001284480095
98731,-0.05846439547281087,0.5055810318474968,15,0.44711663637468596
98732,-0.05778588353842545,0.4982858970686798,2,0.44050001353025436
98738,-0.052000023890286684,0.501750037074089,2,0.44975001318380237
98744,-0.05639847492768017,0.49457154830086714,13,0.43817307337318695
98751,-0.05300003010779619,0.5105000436306,1,0.4575000135228038
98763,-0.05350000411272049,0.497500017285347,2,0.4440000131726265
98773,-0.05291669140569866,0.5068750381469727,12,0.453958346741274
98782,-0.05300003010779619,0.5105000436306,4,0.4575000135228038
98785,-0.05350000411272049,0.497500017285347,5,0.4440000131726265
98804,-0.06112513851001859,0.5117501525357365,8,0.4506250140257179
98806,-0.055500023532658815,0.4982500374317169,4,0.4427500138990581
98808,-0.05466669239103794,0.5023333728313446,3,0.44766668044030666
98830,-0.06080977020909358,0.511976451223095,3,0.4511666810140014
98842,-0.060666683067878084,0.5038000305493673,15,0.4431333474814892
98845,-0.06087501673027873,0.505125030875206,4,0.44425001414492726
98855,-0.06375001650303602,0.5242500305175781,2,0.4605000140145421
98857,-0.06620001718401909,0.5272000312805176,5,0.46100001409649854
98858,-0.07350001344457269,0.5545000284910202,4,0.4810000150464475
98860,-0.07750002232690652,0.5450000365575155,3,0.467500014230609
98862,-0.07950003631412983,0.5470000505447388,1,0.46750001423060894
98863,-0.07650001533329487,0.5440000295639038,3,0.46750001423060894
98867,-0.07650001533329487,0.5440000295639038,1,0.46750001423060894
98869,-0.07775011568390755,0.5420000553131104,1,0.4642499396292028
98870,-0.07199998572468758,0.5370000004768372,1,0.4650000147521496
98871,-0.07199998572468758,0.5370000004768372,1,0.4650000147521496
98872,-0.07199998572468758,0.5370000004768372,1,0.4650000147521496
98874,-0.07199998572468758,0.5370000004768372,1,0.4650000147521496
98875,-0.07199998572468758,0.5370000004768372,3,0.4650000147521496
98879,-0.0727499951608479,0.5340000092983246,4,0.4612500141374767
98880,-0.07050003297626972,0.5380000472068787,1,0.46750001423060894
98885,-0.06900004064664245,0.5420000553131104,1,0.4730000146664679
98886,-0.06550000887364149,0.5375000238418579,1,0.4720000149682164
98887,-0.06224999972619116,0.5347500145435333,2,0.47250001481734216
98888,-0.058999990578740835,0.5320000052452087,1,0.4730000146664679
98889,-0.08300002291798592,0.5480000376701355,1,0.4650000147521496
98890,-0.058999990578740835,0.5320000052452087,3,0.4730000146664679
98891,-0.002500014379620552,0.4585000276565552,2,0.4560000132769346
98896,-0.020000021904706955,0.4740000367164612,1,0.4540000148117542
100975,-0.03399999998509884,0.48500001430511475,2,0.4510000143200159
101632,-0.03687500354135409,0.5023750178515911,8,0.465500014310237
101984,-0.039500000537373126,0.5092500150203705,4,0.46975001448299736
102200,-0.035333334002643824,0.49266668160756427,6,0.45733334760492045
102625,-0.03999999677762389,0.5130000114440918,1,0.4730000146664679
102626,-0.03999999677762389,0.5130000114440918,2,0.4730000146664679
102629,-0.03999999677762389,0.5130000114440918,1,0.4730000146664679
102683,-0.03999999677762389,0.5130000114440918,1,0.4730000146664679
102684,-0.03999999677762389,0.5130000114440918,1,0.4730000146664679
102721,-0.03999999677762389,0.5130000114440918,1,0.4730000146664679
102722,-0.03999999677762389,0.5130000114440918,1,0.4730000146664679
102731,-0.03999999677762389,0.5130000114440918,1,0.4730000146664679
102773,-0.04888890541365577,0.5294444759686788,9,0.48055557055502307
102804,0.0555999904870987,0.39860002398490907,5,0.45420001447200775
102805,0.046000003814697266,0.4090000092983246,2,0.45500001311302185
102806,0.046000003814697266,0.4090000092983246,2,0.45500001311302185
102807,0.046000003814697266,0.4090000092983246,2,0.45500001311302185
102808,0.046000003814697266,0.4090000092983246,6,0.45500001311302185
102964,0.0,0.3790000081062317,1,0.3790000081062317
102966,0.0,0.3790000081062317,1,0.3790000081062317
102969,0.0,0.3790000081062317,1,0.3790000081062317
102979,0.0,0.3790000081062317,1,0.3790000081062317
102980,0.0,0.3790000081062317,1,0.3790000081062317
102986,-0.016499992227181792,0.4925000071525574,2,0.4760000149253756
102988,-0.0139999995008111,0.48500001430511475,2,0.47100001480430365
103000,-0.0139999995008111,0.48500001430511475,1,0.47100001480430365
103005,-0.018999984953552485,0.5,2,0.4810000150464475
103055,-0.04850001633167267,0.5115000307559967,1,0.46300001442432404
103056,-0.04850001633167267,0.5115000307559967,1,0.46300001442432404
103058,-0.04424999584443867,0.5038750097155571,4,0.4596250138711184
103072,-0.04850001633167267,0.5115000307559967,1,0.46300001442432404
103129,-0.04850001633167267,0.5115000307559967,2,0.46300001442432404
103141,-0.04950002394616604,0.5155000388622284,2,0.46600001491606236
103230,-0.048333343118429184,0.5120000243186951,3,0.4636666812002659
103266,-0.04850001633167267,0.5115000307559967,2,0.46300001442432404
103285,-0.05100002605468035,0.5200000405311584,2,0.4690000144764781
103290,-0.048125003231689334,0.5113750174641609,4,0.4632500142324716
103293,-0.04975002119317651,0.5157500356435776,2,0.46600001445040107
103295,-0.04850001633167267,0.5115000307559967,1,0.46300001442432404
103300,-0.04850001633167267,0.5115000307559967,2,0.46300001442432404
103302,-0.054000033996999264,0.5240000486373901,1,0.4700000146403909
103304,-0.04850001633167267,0.5115000307559967,1,0.46300001442432404
103307,-0.04850001633167267,0.5115000307559967,2,0.46300001442432404
103309,-0.04850001633167267,0.5115000307559967,1,0.46300001442432404
103315,-0.050875028129667044,0.5163750424981117,4,0.4655000143684447
103316,-0.04850001633167267,0.5115000307559967,2,0.46300001442432404
103327,-0.03400001041591168,0.5050000250339508,5,0.47100001461803914
103328,-0.02689909001998611,0.5005241049053148,8,0.4736250148853287
103329,-0.024596323657781194,0.5025963386781517,2,0.4780000150203705
103332,-0.027875014347955585,0.4948750287294388,4,0.4670000143814832
103337,-0.016500012949109077,0.4805000275373459,4,0.4640000145882368
103338,-0.02600000100210309,0.5080000162124634,2,0.4820000152103603
103339,-0.02600000100210309,0.5080000162124634,2,0.4820000152103603
103340,-0.010000008158385754,0.4820000231266022,2,0.4720000149682164
103341,-0.011500011935519675,0.48633336027463275,3,0.47483334833911306
103343,-0.014333344685534636,0.48100002606709796,3,0.4666666813815633
103344,-0.010000008158385754,0.4820000231266022,2,0.4720000149682164
103345,-0.016200017742812635,0.4956000328063965,5,0.4794000150635838
103346,-0.02600000627959768,0.5106666882832845,3,0.48466668200368684
103347,-0.027200016449205576,0.5052000313997269,5,0.47800001495052136
103351,-0.02300001075491309,0.49800002574920654,3,0.47500001499429345
103353,-0.02750002045650035,0.5065000355243683,2,0.47900001506786793
103354,-0.029125001514330506,0.5033750161528587,4,0.47425001463852823
103401,-0.008315681654959772,0.4713156960792838,1,0.46300001442432404
103409,-0.008315681654959772,0.4713156960792838,1,0.46300001442432404
103425,-0.008315681654959772,0.4713156960792838,1,0.46300001442432404
103573,-0.029143827065825578,0.4793938412629069,2,0.4502500141970813
103662,-0.038000001758337024,0.4904000163078308,5,0.4524000145494938
103663,-0.04110000506043434,0.4879000186920166,10,0.4468000136315823
103664,-0.029500003904104233,0.48350001871585846,3,0.4540000148117542
103665,-0.04039999078959226,0.5070000052452087,5,0.46660001445561644
103666,-0.04255556191007296,0.49533335367838544,9,0.45277779176831245
103668,-0.04599998518824577,0.5,2,0.4540000148117542
103675,-0.03942857403308153,0.5052857313837323,7,0.4658571573506508
103681,-0.033500008285045624,0.4855000227689743,5,0.4520000144839287
103682,-0.040500009432435036,0.4855000227689743,2,0.44500001333653927
103684,-0.04074999876320362,0.489750012755394,2,0.44900001399219036
103686,-0.03216667349139849,0.48483335475126904,6,0.45266668125987053
103690,-0.050000001986821495,0.5080000162124634,6,0.4580000142256419
103692,-0.04575000423938036,0.5032500177621841,4,0.4575000135228038
103697,-0.039000023156404495,0.48100003600120544,2,0.44200001284480095
103703,-0.021000013997157414,0.474666694800059,3,0.4536666808029016
103706,-0.02050001174211502,0.4725000262260437,2,0.4520000144839287
103713,-0.039500001817941666,0.4895000159740448,1,0.45000001415610313
103716,-0.039500001817941666,0.4895000159740448,1,0.45000001415610313
103721,-0.041166664411624275,0.4898333450158437,6,0.44866668060421944
103727,-0.022375002736225724,0.466250017285347,4,0.44387501454912126
103735,-0.022500013932585716,0.4735000282526016,3,0.4510000143200159
103742,-0.039500001817941666,0.4895000159740448,3,0.45000001415610313
103764,-0.04139691160817945,0.5028969260970751,3,0.4615000144888957
103765,-0.02583334781229496,0.4788333624601364,3,0.45300001464784145
103766,-0.04137501120567322,0.49512502551078796,4,0.45375001430511475
103768,-0.03300000783056021,0.48790002167224883,5,0.4549000138416886
103770,-0.041900009661912915,0.49790002405643463,5,0.4560000143945217
103771,-0.034500012174248695,0.48750002682209015,2,0.45300001464784145
103772,-0.034500012174248695,0.48750002682209015,2,0.45300001464784145
103776,-0.041250007692724466,0.5000000223517418,2,0.4587500146590173
103783,-0.04069999530911446,0.5011000096797943,5,0.46040001437067984
103784,-0.041999995708465576,0.49000000953674316,1,0.4480000138282776
103785,-0.02112500136718154,0.46812501549720764,4,0.4470000141300261
103837,-0.022000009194016457,0.47466668983300525,3,0.4526666806389888
103846,-0.03949999809265137,0.49770001173019407,5,0.4582000136375427
103851,-0.02500001434236765,0.4775000289082527,2,0.45250001456588507
103855,-0.04083334282040596,0.5008333573738734,3,0.4600000145534674
103857,-0.039672684421390325,0.49604769892394546,4,0.45637501450255513
103864,-0.04869999922811985,0.5119000136852264,10,0.46320001445710657
103865,-0.047999996691942215,0.5130000114440918,2,0.4650000147521496
103895,-0.042000021785497665,0.498000035683314,3,0.45600001389781636
103963,-0.028416670858860016,0.480583352347215,6,0.452166681488355
104008,-0.03937499760650098,0.5002500116825104,4,0.4608750140760094
104025,-0.03940000254660845,0.49550001621246337,5,0.4561000136658549
104029,-0.02150001625219981,0.4768333633740743,3,0.45533334712187445
104078,-0.022500013932585716,0.4735000282526016,1,0.4510000143200159
104082,-0.042000019922852516,0.49500003457069397,2,0.45300001464784145
104087,-0.028500007465481758,0.4775000214576721,1,0.44900001399219036
104099,-0.039500001817941666,0.4895000159740448,2,0.45000001415610313
104430,-0.023000015877187252,0.4815000295639038,2,0.45850001368671656
104640,-0.022500013932585716,0.4735000282526016,2,0.4510000143200159
104938,-0.02887500822544098,0.4826250225305557,4,0.45375001430511475
104974,-0.041000014171004295,0.4920000284910202,2,0.4510000143200159
108216,-0.036250012926757336,0.4800000265240669,2,0.4437500135973096
108217,-0.03600001521408558,0.4815000295639038,2,0.44550001434981823
108218,-0.037000007927417755,0.48900002241134644,1,0.4520000144839287
108223,-0.041500016736487545,0.4906666974226634,3,0.4491666806861758
108224,-0.036250012926757336,0.4800000265240669,2,0.4437500135973096
108225,-0.04316668212413788,0.49383336305618286,3,0.450666680932045
108226,-0.0390000157058239,0.4930000305175781,9,0.4540000148117542
108227,-0.03650001063942909,0.47850002348423004,2,0.44200001284480095
108228,-0.042500006034970284,0.49150002002716064,2,0.44900001399219036
108229,-0.0390000157058239,0.4930000305175781,5,0.4540000148117542
108230,-0.03600001521408558,0.4815000295639038,1,0.44550001434981823
108233,-0.03850000724196434,0.48100002110004425,2,0.4425000138580799
108234,-0.03600001521408558,0.4815000295639038,2,0.44550001434981823
108236,-0.037000007927417755,0.48900002241134644,2,0.4520000144839287
108237,-0.03650001063942909,0.47850002348423004,2,0.44200001284480095
108238,-0.03600001521408558,0.4815000295639038,5,0.44550001434981823
108239,-0.03600001521408558,0.4815000295639038,3,0.44550001434981823
108241,-0.03600001521408558,0.4815000295639038,3,0.44550001434981823
108242,-0.037857157843453546,0.49042860099247526,7,0.4525714431490217
108243,-0.037000007927417755,0.48900002241134644,1,0.4520000144839287
108244,-0.041500016736487545,0.4906666974226634,3,0.4491666806861758
108245,-0.04050001502037048,0.48850002884864807,1,0.4480000138282776
108246,-0.04200001759454608,0.491750031709671,2,0.44975001411512494
108247,-0.04050001502037048,0.48850002884864807,2,0.4480000138282776
108248,-0.03600001521408558,0.4815000295639038,2,0.44550001434981823
108249,-0.03799999877810478,0.4690000116825104,3,0.4310000129044056
108250,-0.043500020168721676,0.49500003457069397,1,0.4515000144019723
108251,-0.043500020168721676,0.49500003457069397,2,0.4515000144019723
108253,-0.03650001063942909,0.47850002348423004,2,0.44200001284480095
108255,-0.04300001310184598,0.4932500272989273,2,0.4502500141970813
108257,-0.042500006034970284,0.49150002002716064,2,0.44900001399219036
108258,-0.03650001063942909,0.47850002348423004,2,0.44200001284480095
108259,-0.03650001063942909,0.47850002348423004,2,0.44200001284480095
108262,-0.03650001063942909,0.47850002348423004,2,0.44200001284480095
108264,-0.03650001063942909,0.47850002348423004,2,0.44200001284480095
108265,-0.03650001063942909,0.47850002348423004,2,0.44200001284480095
108267,-0.03950001485645771,0.47700002789497375,2,0.43750001303851604
108268,-0.03650001436471939,0.4725000262260437,1,0.4360000118613243
108271,-0.03650001436471939,0.4725000262260437,2,0.4360000118613243
108273,-0.03850001469254494,0.47550002733866376,3,0.4370000126461188
108275,-0.03850001469254494,0.47550002733866376,3,0.4370000126461188
108276,-0.03675001487135887,0.4787500277161598,2,0.44200001284480095
108278,-0.04618752818336941,0.4892500229179859,4,0.4430624947346165
108281,-0.036833349615335464,0.4788333624601364,3,0.44200001284480095
108282,-0.03722222439116902,0.4702222380373213,9,0.4330000136461523
108284,-0.0370000209659338,0.4880000352859497,1,0.4510000143200159
108285,-0.03655555182033115,0.4616666767332289,9,0.42511112491289776
108286,-0.0370000209659338,0.4880000352859497,1,0.4510000143200159
108288,-0.0370000209659338,0.4880000352859497,1,0.4510000143200159
108289,-0.0370000209659338,0.4880000352859497,1,0.4510000143200159
108290,-0.03700001910328865,0.4790000319480896,1,0.44200001284480095
108293,-0.0370000209659338,0.4880000352859497,1,0.4510000143200159
108295,-0.03500001318752766,0.484000027179718,2,0.44900001399219036
108296,-0.03500001318752766,0.484000027179718,1,0.44900001399219036
108297,-0.04250000789761543,0.48983335494995117,3,0.44733334705233574
108298,-0.03714285418391228,0.46342858246394564,7,0.42628572828003336
108300,-0.03675001673400402,0.47575002908706665,2,0.43900001235306263
108301,-0.03500001318752766,0.484000027179718,2,0.44900001399219036
108302,-0.0364999957382679,0.4645000100135803,2,0.4280000142753124
108303,-0.03500001318752766,0.484000027179718,3,0.44900001399219036
108304,-0.03500001318752766,0.484000027179718,1,0.44900001399219036
108305,-0.03675001673400402,0.47575002908706665,2,0.43900001235306263
108307,-0.03700001910328865,0.4790000319480896,1,0.44200001284480095
108308,-0.036000010247031845,0.48733335733413696,3,0.4513333470871051
108312,-0.03650001436471939,0.4725000262260437,2,0.4360000118613243
108313,-0.036000010557472706,0.4865000247955322,2,0.4505000142380595
108315,-0.04250000882893801,0.48900002241134644,2,0.44650001358240843
108316,-0.03650001436471939,0.4725000262260437,2,0.4360000118613243
108318,-0.042666676454246044,0.48583335677782696,3,0.4431666803235809
108319,-0.03650001436471939,0.4725000262260437,2,0.4360000118613243
108320,-0.04391669979649593,0.48983335494995117,3,0.44591665515345524
108323,-0.04250001534819603,0.4815000295639038,2,0.4390000142157078
108324,-0.04600000629822413,0.4841666867335637,3,0.4381666804353396
108325,-0.04450000822544098,0.4858750216662884,4,0.4413750134408474
108329,-0.03600000590085983,0.48100002110004425,2,0.4450000151991844
108330,-0.04383334517478943,0.48216669261455536,3,0.43833334743976593
108333,-0.04562504265021994,0.49275001883506775,4,0.4471249761848478
108335,-0.03400001674890518,0.4790000319480896,1,0.4450000151991844
108338,-0.04500000923871994,0.4855000227689743,2,0.44050001353025436
108339,-0.045750007033348083,0.4845000207424164,2,0.4387500137090683
108342,-0.04500000923871994,0.4855000227689743,2,0.44050001353025436
108345,-0.04600000629822413,0.4841666867335637,3,0.4381666804353396
108346,-0.037199999392032626,0.48220001459121703,5,0.4450000151991844
108348,-0.040000008419156075,0.48900002241134644,2,0.44900001399219036
108351,-0.040000008419156075,0.48900002241134644,2,0.44900001399219036
108352,-0.046166675786177315,0.48783335586388904,3,0.4416666800777117
108361,-0.0465833678315859,0.49050002296765643,3,0.44391665513607054
108362,-0.03900000173598528,0.48600001633167267,2,0.4470000145956874
108369,-0.03900000173598528,0.48600001633167267,4,0.4470000145956874
108372,-0.04645005484892981,0.49170002341270447,5,0.44524996856377463
108373,-0.037999995052814484,0.4830000102519989,1,0.4450000151991844
108376,-0.044500014279037714,0.5105000287294388,2,0.46600001445040107
108441,-0.037999995052814484,0.4970000088214874,1,0.45900001376867294
109081,-0.020090928745710036,0.49500003457069397,11,0.4749091058249839
109082,-0.060000019264407456,0.5390000343322754,1,0.47900001506786793
109083,-0.04200001806020737,0.43300002813339233,2,0.39100001007318497
109119,-0.031000010203570127,0.4935000240802765,4,0.46250001387670636
109126,-0.02700001746416092,0.48600003123283386,1,0.45900001376867294
109127,-0.026166675922771294,0.4843333562215169,3,0.45816668029874563
109130,-0.02700001746416092,0.48600003123283386,1,0.45900001376867294
109133,-0.027000000700354576,0.48500001430511475,1,0.45800001360476017
109138,-0.02550000650808215,0.48625002056360245,2,0.4607500140555203
109139,-0.02550000650808215,0.48625002056360245,2,0.4607500140555203
109142,-0.027000009082257748,0.4855000227689743,2,0.45850001368671656
109143,-0.029666679290433724,0.4910000264644623,3,0.4613333471740286
109147,-0.03500001970678568,0.5020000338554382,1,0.46700001414865255
109149,-0.02700001746416092,0.48600003123283386,1,0.45900001376867294
109151,-0.027000009082257748,0.4855000227689743,2,0.45850001368671656
109152,-0.027000009082257748,0.4855000227689743,2,0.45850001368671656
109156,-0.027000009082257748,0.4855000227689743,2,0.45850001368671656
109163,-0.024000005796551704,0.48000001907348633,1,0.4560000132769346
109170,-0.024125007214024663,0.48737502098083496,4,0.4632500137668103
109171,-0.049999997951090336,0.5360000133514404,2,0.4860000154003501
109226,-0.056000009179115295,0.7110000252723694,3,0.6550000160932541
109250,-0.05750000476837158,0.6275000274181366,3,0.570000022649765
109254,0.012299993634223938,0.5395000278949738,5,0.5518000215291977
109268,-0.04900003969669342,0.7040000557899475,1,0.6550000160932541
109288,-0.048000022768974304,0.6990000406901041,3,0.6510000179211298
109293,-0.05900000035762787,0.6840000152587891,1,0.6250000149011612
109327,0.016062491107732058,0.5260000266134739,8,0.542062517721206
109331,0.01885712891817093,0.5410000341279166,7,0.5598571630460876
109337,0.006407892674599823,0.5205526508783039,38,0.5269605435529038
109377,0.02925000013783574,0.4795000155766805,6,0.5087500157145162
109405,-0.05675011550150799,0.6850000619888306,4,0.6282499464873226
109417,-0.05500003695487976,0.5790000557899475,2,0.5240000188350677
109422,-0.05500003695487976,0.5790000557899475,2,0.5240000188350677
109433,-0.056000009179115295,0.7110000252723694,1,0.6550000160932541
109448,0.028500004671514034,0.4690000116825104,2,0.4975000163540244
109452,0.03419999554753304,0.47800002098083494,5,0.512200016528368
109454,0.021062491927295923,0.5053125247359276,8,0.5263750166632235
109476,0.01781250676140189,0.527437511831522,8,0.5452500185929239
109477,-0.05625002086162567,0.7077500373125076,2,0.651500016450882
109503,-0.052000001072883606,0.6700000166893005,3,0.6180000156164169
109550,0.026666658620039623,0.5350000262260437,3,0.5616666848460833
109551,-0.00849999114871025,0.5455000102519989,2,0.5370000191032887
109558,0.02412499487400055,0.5328750237822533,4,0.5570000186562538
109563,0.02584999054670334,0.5395500272512436,10,0.5654000177979469
109568,-0.0009250089526176453,0.546950027346611,20,0.5460250183939934
109594,0.024749997071921825,0.5290000215172768,8,0.5537500185891986
109598,0.019000008702278137,0.5270000100135803,2,0.5460000187158585
109622,-0.04300000766913096,0.7430000305175781,3,0.7000000228484472
109661,-0.002815794101671169,0.5416842322600516,19,0.5388684381583804
109662,0.013583332921067873,0.5270833522081375,6,0.5406666851292053
109675,0.017000004649162292,0.5220000147819519,2,0.5390000194311142
109677,-0.00576563278445974,0.5360625255852938,32,0.530296892800834
109678,-0.042875004932284355,0.7235000282526016,4,0.6806250233203173
109682,0.01550000235438347,0.5237000167369843,5,0.5392000190913677
109683,-0.04595001861453056,0.6900000393390655,10,0.644050020724535
109703,0.012611117213964462,0.5278333458635542,9,0.5404444630775187
109707,0.010000012814998627,0.5320000052452087,2,0.5420000180602074
109710,0.010000012814998627,0.5320000052452087,2,0.5420000180602074
109712,0.010000012814998627,0.5320000052452087,2,0.5420000180602074
109731,0.006499983370304108,0.5480000376701355,3,0.5545000210404396
109740,0.007666659851868947,0.5426666935284933,3,0.5503333533803623
109793,-0.057999998331069946,0.6975000202655792,1,0.6395000219345093
109863,-0.007499992847442627,0.7230000197887421,2,0.7155000269412994
109865,-0.05500003695487976,0.5790000557899475,1,0.5240000188350677
109898,0.006499983370304108,0.5480000376701355,2,0.5545000210404396
109901,-0.04780001938343048,0.6980000376701355,5,0.650200018286705
109906,-0.047500014305114746,0.6965000331401825,2,0.6490000188350677
109936,0.00224999338388443,0.5720000267028809,2,0.5742500200867653
109942,-0.05000000943740209,0.6915000279744467,6,0.6415000185370445
109948,-0.047500014305114746,0.6965000331401825,4,0.6490000188350677
109967,-0.05797508132789275,0.6862500518560409,10,0.6282749705281482
109978,-0.058062584510166104,0.6870000511407852,4,0.6289374666306191
109981,-0.05028572252818516,0.6884285977908543,7,0.6381428752626691
109984,-0.0582500291638076,0.6975833674271902,18,0.6393333382633826
109986,-0.001999996602535248,0.5960000157356262,2,0.594000019133091
109990,-0.007500000298023224,0.5795000195503235,2,0.5720000192523003
109993,-0.056000009179115295,0.7110000252723694,4,0.6550000160932541
110037,-0.056000009179115295,0.7110000252723694,1,0.6550000160932541
110047,-0.001999996602535248,0.5960000157356262,2,0.594000019133091
110087,-0.052000001072883606,0.6700000166893005,1,0.6180000156164169
110114,-0.054400020837783815,0.6268000364303589,5,0.572400015592575
110175,-0.05757145704190642,0.6867857447692326,7,0.6292142877273261
110227,-0.05712504523377859,0.7072500288486481,2,0.6501249836148695
110229,-0.008500006794929505,0.6200000286102295,5,0.6115000218153
110252,-0.05849999934434891,0.690500020980835,6,0.632000021636486
110281,-0.05575006877146649,0.6840000152587891,1,0.6282499464873226
110308,-0.05825008128844189,0.7035000324249268,1,0.6452499511364849
110364,-0.059416695352271155,0.7008333603541056,3,0.6414166650018345
110407,-0.05741673528465125,0.6833333836661445,9,0.6259166483814932
110441,-0.05933333436648051,0.6986666917800903,3,0.6393333574136099
110532,-0.010666673382123312,0.6580000321070353,3,0.6473333587249119
110545,-0.020000003278255463,0.5770000219345093,3,0.5570000186562538
110548,-0.019812504760921,0.6210625283420086,8,0.6012500235810876
110575,-0.011500000953674316,0.6555000245571136,2,0.6440000236034393
110598,-0.05650001368485391,0.5325000286102295,1,0.4760000149253756
110604,-0.05650001368485391,0.5325000286102295,1,0.4760000149253756
110618,-0.009000018239021301,0.6630000472068787,1,0.6540000289678574
110630,-0.009000018239021301,0.6630000472068787,2,0.6540000289678574
110640,-0.011499986052513123,0.7370000183582306,2,0.7255000323057175
110684,-0.052875018620397896,0.6308750361204147,4,0.5780000175000168
110692,-0.01016667236884435,0.6973333656787872,3,0.6871666933099428
110728,-0.009000018239021301,0.6630000472068787,1,0.6540000289678574
110751,-0.05200001399498433,0.614500030875206,4,0.5625000168802217
110765,-0.05650001368485391,0.5325000286102295,1,0.4760000149253756
110768,-0.06000003218650818,0.5610000491142273,1,0.5010000169277191
110790,-0.05650001368485391,0.5325000286102295,1,0.4760000149253756
110795,-0.05900000035762787,0.6840000152587891,2,0.6250000149011612
110825,-0.05933332939942678,0.7130000193913778,3,0.653666689991951
110837,-0.05687501281499863,0.6153750345110893,4,0.5585000216960907
110839,-0.05600002408027649,0.5984000444412232,5,0.5424000203609467
110846,-0.05925000458955765,0.6392500251531601,2,0.5800000205636024
110866,-0.00849999487400055,0.7205000221729279,2,0.7120000272989273
110869,-0.05425002847914584,0.5670000463724136,4,0.5127500178932678
110870,-0.05925000458955765,0.6392500251531601,2,0.5800000205636024
110874,-0.055625028908252716,0.5911250486969948,4,0.5355000197887421
110876,-0.05750000476837158,0.6275000274181366,3,0.570000022649765
110881,-0.05500003695487976,0.5790000557899475,2,0.5240000188350677
110888,-0.05500003695487976,0.5790000557899475,2,0.5240000188350677
110896,-0.05912500247359276,0.6616250202059746,4,0.6025000177323818
110905,-0.05750000476837158,0.6275000274181366,1,0.570000022649765
110907,-0.05900000248636518,0.6602857368332999,7,0.6012857343469348
110914,-0.019900003075599672,0.7097000300884246,5,0.689800027012825
110917,-0.05849999934434891,0.690500020980835,2,0.632000021636486
110920,-0.05750000476837158,0.6275000274181366,1,0.570000022649765
110923,-0.0487000193214044,0.5624000370502472,5,0.5137000177288428
110926,-0.05900000035762787,0.6840000152587891,1,0.6250000149011612
110930,-0.05925000458955765,0.6392500251531601,2,0.5800000205636024
110952,-0.05750000476837158,0.6275000274181366,1,0.570000022649765
110953,-0.06000000238418579,0.6675000190734863,2,0.6075000166893005
110955,-0.011826705688238136,0.7448267308413982,5,0.73300002515316
110959,-0.02583334470788638,0.5878333648045858,6,0.5620000200966995
110963,-0.009999997913837433,0.7165000240008036,3,0.7065000260869662
110981,-0.013158384405076495,0.7496584092006087,2,0.7365000247955322
110991,-0.013999983668327332,0.7303333481152853,3,0.7163333644469579
111021,-0.0195000097155571,0.6558000326156617,5,0.6363000229001046
111031,-0.020800006855279208,0.5472000241279602,5,0.526400017272681
111033,-0.022500012069940567,0.5555000305175781,1,0.5330000184476376
111038,-0.017999997828155756,0.49900001287460327,1,0.4810000150464475
111040,-0.017999997828155756,0.49900001287460327,1,0.4810000150464475
111041,-0.05680002821609378,0.5522000432014466,5,0.4954000149853528
111053,0.03999998280778527,0.4350000321865082,2,0.47500001499429345
111054,0.03999998280778527,0.4350000321865082,1,0.47500001499429345
111060,0.03999998280778527,0.4350000321865082,1,0.47500001499429345
111065,0.03999998280778527,0.4350000321865082,1,0.47500001499429345
111068,0.03999998280778527,0.4350000321865082,2,0.47500001499429345
111072,0.03999998280778527,0.4350000321865082,1,0.47500001499429345
111078,0.03999998280778527,0.4350000321865082,2,0.47500001499429345
111082,0.009308292724191869,0.4431917218416932,1,0.45250001456588507
111412,0.012000009417533875,0.5040000081062317,2,0.5160000175237656
111433,-0.03850000351667404,0.4155000150203705,1,0.37700001150369644
111450,-0.029999980237334967,0.5049999952316284,1,0.47500001499429345
111512,-0.03100001160055399,0.4945000261068344,1,0.4635000145062804
111527,-0.02850000560283661,0.49150002002716064,2,0.46300001442432404
111568,-0.030500005930662155,0.49150002002716064,2,0.4610000140964985
111571,-0.02850000560283661,0.49150002002716064,2,0.46300001442432404
111587,-0.03100001160055399,0.4945000261068344,3,0.4635000145062804
111598,-0.03100001160055399,0.4945000261068344,3,0.4635000145062804
111610,-0.032500000670552254,0.49650001525878906,1,0.4640000145882368
111682,-0.029999980237334967,0.5049999952316284,1,0.47500001499429345
111685,-0.029999980237334967,0.5049999952316284,2,0.47500001499429345
111689,-0.030333324025074642,0.5015000055233637,3,0.47116668149828905
111691,-0.02699999511241913,0.4090000092983246,1,0.38200001418590546
111702,-0.028999985195696354,0.47299999992052716,3,0.4440000147248308
111703,-0.013769855878750459,0.44676986973186333,3,0.4330000138531129
111706,-0.030666667812814314,0.49800001581509906,3,0.46733334800228477
111720,-0.030500005930662155,0.49150002002716064,1,0.4610000140964985
111721,-0.014166674266258875,0.4751666883627574,6,0.4610000140964985
111722,-0.030500005930662155,0.49150002002716064,1,0.4610000140964985
111727,0.016499988734722137,0.4425000250339508,2,0.45900001376867294
111744,-0.02850000560283661,0.49150002002716064,1,0.46300001442432404
111817,-0.03100001160055399,0.4945000261068344,1,0.4635000145062804
111820,-0.03100001160055399,0.4945000261068344,1,0.4635000145062804
111925,-0.032500000670552254,0.49650001525878906,1,0.4640000145882368
112030,-0.031300009414553645,0.4949000239372253,5,0.4636000145226717
112074,-0.032500000670552254,0.49650001525878906,1,0.4640000145882368
112100,-0.032500000670552254,0.49650001525878906,1,0.4640000145882368
112108,-0.032500000670552254,0.49650001525878906,2,0.4640000145882368
112113,-0.032500000670552254,0.49650001525878906,2,0.4640000145882368
112132,-0.032500000670552254,0.49650001525878906,1,0.4640000145882368
112161,-0.032500000670552254,0.49650001525878906,1,0.4640000145882368
112178,-0.03125000977888703,0.49925002455711365,2,0.4680000147782266
112188,-0.030000018887221813,0.5020000338554382,1,0.4720000149682164
112193,-0.030000018887221813,0.5020000338554382,1,0.4720000149682164
112211,-0.03216667411228021,0.4986666887998581,3,0.4665000146875779
112212,-0.030000018887221813,0.5020000338554382,1,0.4720000149682164
112321,-0.03350000207622846,0.4971666832764943,3,0.4636666812002659
112330,-0.03620000798255205,0.5031000226736069,5,0.4669000146910548
112560,-0.04069071275591862,0.5056907275080682,1,0.4650000147521496
112622,-0.04039303851388404,0.5071430533200503,4,0.46675001480616624
112721,-0.04306358273898566,0.5125635974526406,3,0.46950001471365493
112810,-0.04080000761896372,0.5027000218629837,5,0.46190001424401994
112823,-0.041250011418014765,0.5072500258684158,4,0.46600001445040107
112832,-0.040000006556510925,0.503000020980835,1,0.46300001442432404
112834,-0.040000006556510925,0.503000020980835,1,0.46300001442432404
112837,-0.040000006556510925,0.503000020980835,1,0.46300001442432404
112844,-0.040000006556510925,0.503000020980835,1,0.46300001442432404
112845,-0.040000006556510925,0.503000020980835,2,0.46300001442432404
112939,-0.04837501246947795,0.5109375268220901,8,0.4625625143526122
112954,-0.05183334928005934,0.5161666969458262,3,0.46433334766576684
112965,-0.04900002246722579,0.5070000365376472,4,0.45800001407042146
112968,-0.05183334928005934,0.5161666969458262,3,0.46433334766576684
113004,-0.047000011429190636,0.5165000259876251,5,0.4695000145584345
113008,-0.0490000220015645,0.5065000355243683,2,0.4575000135228038
113020,-0.04250001348555088,0.5025000274181366,3,0.4600000139325857
113038,-0.04700001468881965,0.5012500286102295,2,0.45425001392140985
113041,-0.04500000737607479,0.4960000216960907,1,0.4510000143200159
113053,-0.04849999211728573,0.5180000066757202,2,0.4695000145584345
113067,-0.04666667804121971,0.5126666923364004,3,0.4660000142951807
113069,-0.04849999211728573,0.5180000066757202,1,0.4695000145584345
113085,-0.04849999211728573,0.5180000066757202,2,0.4695000145584345
113093,-0.04733332805335522,0.5016666750113169,3,0.4543333469579617
113096,-0.04849998839199543,0.50450000166893,2,0.4560000132769346
113097,-0.04849998839199543,0.50450000166893,2,0.4560000132769346
113099,-0.046000014524906874,0.5162500292062759,2,0.47025001468136907
113116,-0.04250001348555088,0.5025000274181366,2,0.4600000139325857
113118,-0.04350000061094761,0.5035000145435333,2,0.4600000139325857
113122,-0.04849998839199543,0.50450000166893,2,0.4560000132769346
113127,-0.04724999819882214,0.51493751257658,8,0.4676875143777579
113139,-0.04251804314292976,0.5090180579081178,4,0.4665000147651881
113144,-0.05300000915303826,0.5190000236034393,2,0.46600001445040107
113165,-0.047000011429190636,0.5165000259876251,1,0.4695000145584345
113181,-0.04500001762062311,0.5160000324249268,2,0.47100001480430365
113187,-0.04478180003811918,0.5145318147927523,6,0.4697500147546332
113229,-0.04350000061094761,0.5035000145435333,1,0.4600000139325857
113232,-0.04370000921189785,0.5056000232696534,5,0.4619000140577555
113233,-0.04322035566652199,0.5094078704386951,8,0.4661875147721731
113237,-0.04272727710618214,0.504454563964497,11,0.4617272868583148
113241,-0.04250001348555088,0.5025000274181366,3,0.4600000139325857
113251,-0.04400000814348459,0.5063750222325325,4,0.4623750140890479
113253,-0.04250001348555088,0.5025000274181366,2,0.4600000139325857
113266,-0.04350000061094761,0.5035000145435333,2,0.4600000139325857
113267,-0.04399999976158142,0.49900001287460327,1,0.45500001311302185
113274,-0.043000000063329935,0.500083347161611,6,0.457083347098281
113278,-0.04399999976158142,0.49900001287460327,3,0.45500001311302185
113282,-0.04399999976158142,0.49900001287460327,3,0.45500001311302185
113288,-0.0490000220015645,0.5065000355243683,1,0.4575000135228038
113291,-0.0442000038921833,0.4996000170707703,5,0.45540001317858697
113320,-0.04742859310603568,0.5075000354221889,14,0.4600714423161532
113324,-0.04849998839199543,0.50450000166893,2,0.4560000132769346
113326,-0.04849998839199543,0.50450000166893,2,0.4560000132769346
113327,-0.05183334928005934,0.5161666969458262,3,0.46433334766576684
113330,-0.05050003000845512,0.51200004418691,6,0.46150001417845493
113337,-0.04500000737607479,0.4960000216960907,1,0.4510000143200159
113343,-0.04700001468881965,0.5012500286102295,2,0.45425001392140985
113354,-0.04849998839199543,0.50450000166893,3,0.4560000132769346
113358,-0.0482857171446085,0.5050000165190015,7,0.456714299374393
113369,-0.009500006213784218,0.46250002086162567,1,0.45300001464784145
113370,-0.005166677758097649,0.45216669142246246,3,0.4470000136643648
113371,-0.005166677758097649,0.45216669142246246,3,0.4470000136643648
113372,-0.011285724118351936,0.47528573870658875,7,0.4640000145882368
113377,0.00674999225884676,0.4462500214576721,2,0.4530000137165189
113378,0.0039999945089221,0.44990001916885375,5,0.4539000136777758
113380,0.0009999976803859074,0.44933334986368817,3,0.45033334754407406
113381,-0.003000013530254364,0.44700002670288086,3,0.4440000131726265
113382,-0.006500002928078175,0.4620000173648198,3,0.45550001443674165
113383,-0.009500006213784218,0.46250002086162567,1,0.45300001464784145
113384,-0.009500006213784218,0.46250002086162567,1,0.45300001464784145
113385,-0.009500006213784218,0.46250002086162567,1,0.45300001464784145
113386,-0.009500006213784218,0.46250002086162567,1,0.45300001464784145
113389,-0.003000013530254364,0.44700002670288086,2,0.4440000131726265
113390,-0.008666672433416048,0.46833335359891254,3,0.45966668116549647
113461,0.0021999945864081384,0.45130001902580263,5,0.45350001361221076
113466,0.002833327433715264,0.4525833527247111,6,0.4554166801584264
113471,-0.001999998465180397,0.45500001311302185,1,0.45300001464784145
113473,-0.01953576360056838,0.4697857456547873,7,0.45024998205421896
113474,-0.023513905343426282,0.4753611377543873,18,0.45184723241096103
113475,-0.027958341408520937,0.4803750216960907,12,0.45241668028756976
113476,-0.030300009157508613,0.482950022816658,10,0.45265001365914936
113497,0.005166659442087014,0.4490000208218892,3,0.4541666802639762
113523,0.00674999225884676,0.4462500214576721,2,0.4530000137165189
113531,0.004499994684010744,0.44875001907348633,2,0.45325001375749707
113545,0.003666661058863004,0.4506666858990987,3,0.4543333469579617
113551,-0.00020000077784061433,0.45160001516342163,5,0.451400014385581
113552,-0.001999998465180397,0.45500001311302185,3,0.45300001464784145
113554,0.006999995559453964,0.44300001859664917,1,0.45000001415610313
113559,0.001999993808567524,0.4545000195503235,2,0.456500013358891
113567,-0.001999998465180397,0.45500001311302185,1,0.45300001464784145
113568,-0.004250009078532457,0.46000002324581146,2,0.455750014167279
113569,-0.005000012616316478,0.46166669329007465,3,0.45666668067375815
113570,-0.003000013530254364,0.44700002670288086,1,0.4440000131726265
113571,-0.003000013530254364,0.44700002670288086,1,0.4440000131726265
113572,-0.003000013530254364,0.44700002670288086,1,0.4440000131726265
113573,-0.003000013530254364,0.44700002670288086,2,0.4440000131726265
113574,-0.006500019691884518,0.4650000333786011,1,0.45850001368671656
113575,-0.003000013530254364,0.44700002670288086,1,0.4440000131726265
113576,-0.006500019691884518,0.4650000333786011,3,0.45850001368671656
113577,-0.003000013530254364,0.44700002670288086,1,0.4440000131726265
113579,-0.006500019691884518,0.4650000333786011,2,0.45850001368671656
113580,-0.001999998465180397,0.45500001311302185,4,0.45300001464784145
113581,-0.0010999996215105058,0.45330001413822174,5,0.4522000145167112
113582,-0.003000013530254364,0.44700002670288086,1,0.4440000131726265
113583,-0.006500019691884518,0.4650000333786011,1,0.45850001368671656
113584,-0.004250009078532457,0.46000002324581146,4,0.455750014167279
113585,-0.006500019691884518,0.4650000333786011,1,0.45850001368671656
113586,-0.006500019691884518,0.4650000333786011,1,0.45850001368671656
113587,-0.003000013530254364,0.44700002670288086,1,0.4440000131726265
113588,-0.006500004790723324,0.4580000191926956,2,0.4515000144019723
113589,-0.006500019691884518,0.4650000333786011,3,0.45850001368671656
113590,-0.006500019691884518,0.4650000333786011,1,0.45850001368671656
113591,-0.006500019691884518,0.4650000333786011,3,0.45850001368671656
113592,-0.003000013530254364,0.44700002670288086,1,0.4440000131726265
113593,-0.005800011195242405,0.4617000252008438,5,0.4559000140056014
113594,-0.005625010700896382,0.4570000246167183,4,0.4513750139158219
113595,-0.005000011529773474,0.4592500254511833,2,0.45425001392140985
113596,-0.006250009872019291,0.45475002378225327,2,0.448500013910234
113597,-0.005166677758097649,0.45216669142246246,3,0.4470000136643648
113598,-0.005000011529773474,0.4592500254511833,2,0.45425001392140985
113599,-0.0030000073214372,0.4466666877269745,3,0.4436666804055373
113600,-0.009500006213784218,0.46250002086162567,1,0.45300001464784145
113601,-0.004749998450279236,0.4567500129342079,2,0.4520000144839287
113602,-0.003000013530254364,0.44700002670288086,1,0.4440000131726265
113603,-0.006333334371447563,0.45866668224334717,3,0.4523333478718996
113604,-0.003000013530254364,0.44700002670288086,3,0.4440000131726265
113605,-0.005166677758097649,0.45216669142246246,3,0.4470000136643648
113606,-0.003000008873641491,0.4467500224709511,4,0.4437500135973096
113607,-0.003000013530254364,0.44700002670288086,1,0.4440000131726265
113608,-0.006500004790723324,0.4580000191926956,2,0.4515000144019723
113609,-0.009500006213784218,0.46250002086162567,1,0.45300001464784145
113610,-0.004749998450279236,0.4567500129342079,2,0.4520000144839287
113611,-0.004749998450279236,0.4567500129342079,2,0.4520000144839287
113612,-0.006333334371447563,0.45866668224334717,3,0.4523333478718996
113613,-0.00890000481158495,0.4640000194311142,5,0.45510001461952926
113614,-0.009500006213784218,0.46250002086162567,1,0.45300001464784145
113615,-0.008000002708286047,0.466250017285347,2,0.45825001457706094
113616,-0.008666672433416048,0.46833335359891254,3,0.45966668116549647
113617,-0.0046250117011368275,0.45087502524256706,4,0.44625001354143023
113618,-0.009500006213784218,0.46250002086162567,1,0.45300001464784145
113619,-0.009500006213784218,0.46250002086162567,1,0.45300001464784145
113620,-0.0029999949038028717,0.44600000977516174,1,0.44300001487135887
113621,-0.009500006213784218,0.46250002086162567,3,0.45300001464784145
113622,-0.009500008262693881,0.4656000226736069,5,0.456100014410913
113623,-0.009500006213784218,0.46250002086162567,3,0.45300001464784145
113624,-0.0029999949038028717,0.44600000977516174,1,0.44300001487135887
113625,-0.0058000050485134125,0.45080001950263976,5,0.44500001445412635
113626,-0.009333341072003046,0.46433335542678833,3,0.45500001435478526
113627,-0.006250009872019291,0.45475002378225327,2,0.448500013910234
113628,-0.005333336691061656,0.45000001788139343,3,0.44466668119033176
113629,-0.009500006213784218,0.46250002086162567,1,0.45300001464784145
113630,-0.004625008441507816,0.4493750222027302,4,0.44475001376122236
113631,-0.006333338096737862,0.4518333524465561,3,0.44550001434981823
113632,-0.009500006213784218,0.46250002086162567,2,0.45300001464784145
113633,-0.009500011336058378,0.4702500253915787,2,0.4607500140555203
113634,-0.006400005891919136,0.45190002024173737,5,0.44550001434981823
113635,-0.009166675930221876,0.466166689991951,3,0.45700001406172913
113636,-0.006500007584691048,0.4520000219345093,3,0.44550001434981823
113637,-0.009500006213784218,0.46250002086162567,2,0.45300001464784145
113638,-0.009250008501112461,0.46525002270936966,4,0.4560000142082572
113639,-0.009875007439404726,0.4572500213980675,4,0.44737501395866275
113640,-0.01249990949947386,0.4616000235080719,5,0.449100114008598
113641,-0.014749762662220722,0.46550002694129944,2,0.4507502642790787
113642,-0.014749762662220722,0.46550002694129944,5,0.4507502642790787
113643,-0.016666515149486544,0.46800002952416736,3,0.45133351437468083
113644,-0.02062505252223923,0.4682500287890434,6,0.4476249762668042
113715,-0.06566668208688498,0.5231666962305704,9,0.45750001414368546
113721,-0.065666688606143,0.5250000357627869,6,0.45933334715664387
113730,-0.0641666897572577,0.5180000364780426,6,0.4538333467207849
113737,-0.06150002032518387,0.5020000338554382,1,0.44050001353025436
113738,-0.06583333512147267,0.5126666824022929,3,0.4468333472808202
113739,-0.06799999251961708,0.5180000066757202,1,0.45000001415610313
113745,-0.06440001651644707,0.5180000305175781,5,0.4536000140011311
113749,-0.0652500115102157,0.5275000259280205,8,0.4622500144178048
113751,-0.06500003859400749,0.5190000534057617,1,0.4540000148117542
113752,-0.04799999762326479,0.5360000133514404,1,0.48800001572817564
117861,-0.003833342964450518,0.49650002519289654,3,0.492666682228446
117907,-0.0032500047236680984,0.5007500201463699,2,0.49750001542270184
117945,-0.004500007256865501,0.507500022649765,1,0.5030000153928995
117964,-0.007500024512410164,0.5015000402927399,1,0.4940000157803297
118023,-0.007000004251797994,0.512333353360494,3,0.505333349108696
118030,-0.004500007256865501,0.507500022649765,1,0.5030000153928995
118053,-0.004500007256865501,0.507500022649765,1,0.5030000153928995
118074,-0.00825000274926424,0.5147500187158585,2,0.5065000159665942
118083,-0.004500007256865501,0.507500022649765,1,0.5030000153928995
118131,-0.0020000021904706955,0.49400001764297485,2,0.49200001545250416
118135,-0.0020000021904706955,0.49400001764297485,1,0.49200001545250416
118149,-0.0032500047236680984,0.5007500201463699,2,0.49750001542270184
118164,-0.007500024512410164,0.5015000402927399,1,0.4940000157803297
118210,-0.00825000274926424,0.5147500187158585,2,0.5065000159665942
118218,-0.004500007256865501,0.507500022649765,1,0.5030000153928995
118241,-0.004500007256865501,0.507500022649765,2,0.5030000153928995
118267,-0.004500007256865501,0.507500022649765,1,0.5030000153928995
118287,-0.004500007256865501,0.507500022649765,1,0.5030000153928995
118294,-0.004500007256865501,0.507500022649765,1,0.5030000153928995
118308,-0.049527792208310634,0.4966111398405499,18,0.4470833476322392
118351,-0.016000010073184967,0.5350000262260437,1,0.5190000161528587
118352,-0.016000010073184967,0.5350000262260437,1,0.5190000161528587
118361,0.0009444373556309276,0.4920555783642663,9,0.4930000157198972
118363,-0.021576931700110435,0.49211540818214417,13,0.47053847648203373
118422,-0.015250016003847122,0.5322500318288803,4,0.5170000158250332
118438,-0.029624983842950314,0.5058749988675117,4,0.47625001502456143
118446,-0.02811539774903884,0.4912692583524264,13,0.4631538606033876
118453,-0.013141675650452574,0.5165000249942143,60,0.5033583493437618
118454,-0.014500021934509277,0.5295000374317169,1,0.5150000154972076
118479,-0.01900000125169754,0.5450000166893005,2,0.526000015437603
118603,-0.015000032261013985,0.5240000486373901,1,0.5090000163763762
118652,-0.015333358198404312,0.527666707833608,6,0.5123333496352037
118656,-0.015000032261013985,0.5240000486373901,1,0.5090000163763762
118672,-0.016000010073184967,0.5350000262260437,1,0.5190000161528587
118674,-0.014500021934509277,0.5295000374317169,1,0.5150000154972076
118681,-0.014500021934509277,0.5295000374317169,1,0.5150000154972076
118685,-0.014500021934509277,0.5295000374317169,1,0.5150000154972076
118687,-0.01675001159310341,0.5372500270605087,2,0.5205000154674053
118732,-0.013500021770596504,0.534000039100647,1,0.5205000173300505
118734,-0.013333351351320744,0.5350833684206009,6,0.5217500170692801
118791,-0.026000017300248146,0.5160000324249268,3,0.4900000151246786
118792,-0.0262500059325248,0.5122500211000443,2,0.48600001516751945
118794,-0.06774999952176586,0.5443125143647194,8,0.47656251484295353
118800,-0.07114287086629442,0.5450714571135384,7,0.473928586247244
118813,-0.022416682176602382,0.5047500307361285,6,0.4823333485595261
118818,-0.027249993989244103,0.517750009894371,2,0.49050001590512693
118829,-0.06499999202787876,0.5550000071525574,2,0.4900000151246786
118846,-0.027499993797391653,0.5208333432674408,3,0.49333334947004914
119086,-0.04575001122429967,0.5165000259876251,2,0.47075001476332545
119089,-0.04550003074109554,0.51500004529953,1,0.4695000145584345
119111,-0.04575001122429967,0.5165000259876251,2,0.47075001476332545
119113,-0.04250000789761543,0.507500022649765,1,0.4650000147521496
119126,-0.045999991707503796,0.5180000066757202,1,0.4720000149682164
119127,-0.045999991707503796,0.5180000066757202,2,0.4720000149682164
119128,-0.045999991707503796,0.5180000066757202,3,0.4720000149682164
119129,-0.04575001122429967,0.5165000259876251,2,0.47075001476332545
119131,-0.04250000789761543,0.507500022649765,1,0.4650000147521496
119133,-0.045999991707503796,0.5180000066757202,1,0.4720000149682164
119134,-0.045999991707503796,0.5180000066757202,1,0.4720000149682164
119165,-0.04250000789761543,0.507500022649765,1,0.4650000147521496
119168,-0.0410000067204237,0.503000020980835,1,0.46200001426041126
119206,-0.04250000789761543,0.507500022649765,1,0.4650000147521496
119211,-0.04575001436751336,0.5162500292062759,2,0.4705000148387626
119212,-0.04575001436751336,0.5162500292062759,2,0.4705000148387626
119215,-0.04575001436751336,0.5162500292062759,2,0.4705000148387626
119217,-0.049000020837411284,0.5250000357627869,1,0.4760000149253756
119218,-0.04250000789761543,0.507500022649765,1,0.4650000147521496
119263,-0.0410000067204237,0.503000020980835,1,0.46200001426041126
119267,-0.0410000067204237,0.503000020980835,1,0.46200001426041126
119268,-0.04800002556294203,0.5200000405311584,1,0.4720000149682164
119270,-0.0410000067204237,0.503000020980835,1,0.46200001426041126
119459,-0.04250000789761543,0.507500022649765,1,0.4650000147521496
119567,-0.04250000789761543,0.507500022649765,1,0.4650000147521496
119597,-0.049000020837411284,0.5250000357627869,1,0.4760000149253756
119621,-0.04975000873673707,0.5282500237226486,2,0.47850001498591155
119623,-0.04524999740533531,0.5152500122785568,2,0.4700000148732215
119630,-0.045999991707503796,0.5180000066757202,2,0.4720000149682164
119649,-0.04250000789761543,0.507500022649765,1,0.4650000147521496
119652,-0.04250000789761543,0.507500022649765,1,0.4650000147521496
119653,-0.04250000789761543,0.507500022649765,1,0.4650000147521496
119655,-0.045999991707503796,0.5180000066757202,1,0.4720000149682164
119657,-0.04400001931935549,0.5112500339746475,2,0.46725001465529203
119658,-0.04575001122429967,0.5165000259876251,2,0.47075001476332545
119661,-0.04550003074109554,0.51500004529953,1,0.4695000145584345
119662,-0.04575001436751336,0.5162500292062759,2,0.4705000148387626
119665,-0.04550003074109554,0.51500004529953,2,0.4695000145584345
119666,-0.045999991707503796,0.5180000066757202,1,0.4720000149682164
119670,-0.045999991707503796,0.5180000066757202,2,0.4720000149682164
119675,-0.04250000789761543,0.507500022649765,3,0.4650000147521496
119676,-0.04250000789761543,0.507500022649765,1,0.4650000147521496
119678,-0.045999991707503796,0.5180000066757202,3,0.4720000149682164
119681,-0.04400001931935549,0.5112500339746475,2,0.46725001465529203
119682,-0.04250000789761543,0.507500022649765,2,0.4650000147521496
119683,-0.04575001436751336,0.5162500292062759,2,0.4705000148387626
119684,-0.045999991707503796,0.5180000066757202,1,0.4720000149682164
119685,-0.045999991707503796,0.5180000066757202,2,0.4720000149682164
119688,-0.04575001122429967,0.5165000259876251,2,0.47075001476332545
119692,-0.045999991707503796,0.5180000066757202,1,0.4720000149682164
119694,-0.045999991707503796,0.5180000066757202,1,0.4720000149682164
119696,-0.045999991707503796,0.5180000066757202,1,0.4720000149682164
119699,-0.044750025030225515,0.5131250396370888,4,0.46837501460686326
119700,-0.045999991707503796,0.5180000066757202,1,0.4720000149682164
119701,-0.045999991707503796,0.5180000066757202,1,0.4720000149682164
119702,-0.045999991707503796,0.5180000066757202,1,0.4720000149682164
119704,-0.045999991707503796,0.5180000066757202,2,0.4720000149682164
119706,-0.045999991707503796,0.5180000066757202,1,0.4720000149682164
119708,-0.04250000789761543,0.507500022649765,1,0.4650000147521496
119710,-0.04550003074109554,0.51500004529953,4,0.4695000145584345
119713,-0.04250000789761543,0.507500022649765,1,0.4650000147521496
119718,-0.04250000789761543,0.507500022649765,1,0.4650000147521496
119719,-0.049000020837411284,0.5250000357627869,1,0.4760000149253756
119720,-0.0410000067204237,0.503000020980835,1,0.46200001426041126
119721,-0.04575001436751336,0.5162500292062759,2,0.4705000148387626
119726,-0.0410000067204237,0.503000020980835,1,0.46200001426041126
119727,-0.0410000067204237,0.503000020980835,1,0.46200001426041126
119729,-0.0410000067204237,0.503000020980835,1,0.46200001426041126
119733,-0.04575001436751336,0.5162500292062759,2,0.4705000148387626
119734,-0.049000020837411284,0.5250000357627869,1,0.4760000149253756
119735,-0.0410000067204237,0.503000020980835,1,0.46200001426041126
119737,-0.0410000067204237,0.503000020980835,1,0.46200001426041126
119738,-0.04250000789761543,0.507500022649765,1,0.4650000147521496
119739,-0.0410000067204237,0.503000020980835,1,0.46200001426041126
119740,-0.0410000067204237,0.503000020980835,1,0.46200001426041126
119745,-0.04250000789761543,0.507500022649765,2,0.4650000147521496
119746,-0.049000020837411284,0.5250000357627869,1,0.4760000149253756
119747,-0.0435000155121088,0.5100000301996866,3,0.46650001468757785
119750,-0.04250000789761543,0.507500022649765,1,0.4650000147521496
119756,-0.04250000789761543,0.507500022649765,1,0.4650000147521496
119758,-0.0410000067204237,0.503000020980835,1,0.46200001426041126
119759,-0.0410000067204237,0.503000020980835,1,0.46200001426041126
119761,-0.04250000789761543,0.507500022649765,1,0.4650000147521496
119767,-0.0410000067204237,0.503000020980835,1,0.46200001426041126
119770,-0.04250000789761543,0.507500022649765,1,0.4650000147521496
119771,-0.049000020837411284,0.5250000357627869,1,0.4760000149253756
119775,-0.0465000052160273,0.5185000201066335,3,0.4720000148906062
119776,-0.049000020837411284,0.5250000357627869,1,0.4760000149253756
119777,-0.04250000789761543,0.507500022649765,1,0.4650000147521496
119778,-0.04575001436751336,0.5162500292062759,2,0.4705000148387626
119780,-0.04733333430097749,0.5219166825215021,6,0.47458334822052467
119781,-0.049000020837411284,0.5250000357627869,1,0.4760000149253756
119782,-0.04524999740533531,0.5152500122785568,2,0.4700000148732215
119784,-0.049000020837411284,0.5250000357627869,1,0.4760000149253756
119785,-0.04800002556294203,0.5200000405311584,1,0.4720000149682164
119792,-0.04333334633459648,0.5086666941642761,3,0.46533334782967967
119797,-0.048500023200176656,0.5225000381469727,2,0.474000014946796
119798,-0.04800002556294203,0.5200000405311584,1,0.4720000149682164
119801,-0.049000020837411284,0.5250000357627869,2,0.4760000149253756
119802,-0.04950001277029514,0.5271666944026947,3,0.47766668163239956
119804,-0.0410000067204237,0.503000020980835,2,0.46200001426041126
119805,-0.0410000067204237,0.503000020980835,1,0.46200001426041126
119807,-0.04733332681159178,0.5225000083446503,3,0.47516668153305847
119808,-0.048500023200176656,0.5225000381469727,2,0.474000014946796
119809,-0.049000020837411284,0.5250000357627869,1,0.4760000149253756
119810,-0.048500023200176656,0.5225000381469727,2,0.474000014946796
119811,-0.0410000067204237,0.503000020980835,2,0.46200001426041126
119812,-0.04800002556294203,0.5200000405311584,1,0.4720000149682164
119813,-0.049000020837411284,0.5250000357627869,1,0.4760000149253756
119814,-0.0410000067204237,0.503000020980835,1,0.46200001426041126
119816,-0.049000020837411284,0.5250000357627869,1,0.4760000149253756
119817,-0.0410000067204237,0.503000020980835,1,0.46200001426041126
119818,-0.049000020837411284,0.5250000357627869,1,0.4760000149253756
119820,-0.049000020837411284,0.5250000357627869,1,0.4760000149253756
119822,-0.0410000067204237,0.503000020980835,1,0.46200001426041126
119823,-0.04450001614168286,0.5115000307559967,2,0.46700001461431384
119825,-0.04800002556294203,0.5200000405311584,1,0.4720000149682164
119828,-0.048500023200176656,0.5225000381469727,2,0.474000014946796
119829,-0.0410000067204237,0.503000020980835,2,0.46200001426041126
119831,-0.048599994741380215,0.5261000096797943,5,0.4775000149384141
119832,-0.04450001614168286,0.5115000307559967,2,0.46700001461431384
119833,-0.04800002556294203,0.5200000405311584,1,0.4720000149682164
119834,-0.048500023200176656,0.5225000381469727,2,0.474000014946796
119835,-0.04990000631660223,0.528900021314621,5,0.47900001499801875
119836,-0.0469999834895134,0.5509999990463257,1,0.5040000155568123
119837,-0.03500001225620508,0.5210000276565552,1,0.4860000154003501
119848,-0.022000004537403584,0.468500018119812,2,0.44650001358240843
119863,-0.020449857263546423,0.4745000213384628,5,0.4540501640749164
119869,-0.0305000189691782,0.47200003266334534,2,0.44150001369416714
119874,-0.0305000189691782,0.47200003266334534,3,0.44150001369416714
119875,-0.027125047999736807,0.4715000241994858,2,0.44437497619974897
119878,-0.0305000189691782,0.47200003266334534,1,0.44150001369416714
119881,-0.018749755867291218,0.46950002014636993,1,0.4507502642790787
119887,-0.018749755867291218,0.46950002014636993,2,0.4507502642790787
119888,-0.018749755867291218,0.46950002014636993,5,0.4507502642790787
119907,-0.020874882612610224,0.47575002163648605,2,0.45487513902387583
119910,-0.022000004537403584,0.468500018119812,3,0.44650001358240843
119912,-0.024750015698373318,0.46650002896785736,2,0.44175001326948404
119922,-0.022794074159231875,0.4746066501811146,4,0.45181257602188274
119929,-0.019000012427568436,0.4610000252723694,1,0.44200001284480095
119931,-0.022000004537403584,0.468500018119812,1,0.44650001358240843
119938,-0.022071435515369688,0.46221430599689484,7,0.4401428704815252
119940,-0.022000004537403584,0.468500018119812,1,0.44650001358240843
119942,-0.0305000189691782,0.47200003266334534,1,0.44150001369416714
119944,-0.0305000189691782,0.47200003266334534,1,0.44150001369416714
119948,-0.0305000189691782,0.47200003266334534,1,0.44150001369416714
119950,-0.025750011205673218,0.4662500247359276,2,0.44050001353025436
119952,-0.0305000189691782,0.47200003266334534,1,0.44150001369416714
119954,-0.0305000189691782,0.47200003266334534,1,0.44150001369416714
119961,-0.0305000189691782,0.47200003266334534,3,0.44150001369416714
119962,-0.02475000126287341,0.4687500149011612,2,0.4440000136382878
119964,-0.02749999798834324,0.4690000116825104,1,0.44150001369416714
119970,-0.0305000189691782,0.47200003266334534,2,0.44150001369416714
119971,-0.0305000189691782,0.47200003266334534,1,0.44150001369416714
119973,-0.0305000189691782,0.47200003266334534,2,0.44150001369416714
119978,-0.0305000189691782,0.47200003266334534,4,0.44150001369416714
119979,-0.0305000189691782,0.47200003266334534,1,0.44150001369416714
119984,-0.02693757300543359,0.4727500304579735,4,0.4458124574525399
119995,-0.0305000189691782,0.47200003266334534,1,0.44150001369416714
120000,-0.03316667986412843,0.4740000267823537,3,0.4408333469182253
120006,-0.03266667512555917,0.47433335582415265,3,0.4416666806985935
120012,-0.034500010311603546,0.4750000238418579,1,0.44050001353025436
120014,-0.034500010311603546,0.4750000238418579,1,0.44050001353025436
120019,-0.034500010311603546,0.4750000238418579,1,0.44050001353025436
120022,-0.034500010311603546,0.4750000238418579,2,0.44050001353025436
120023,-0.03253333742419879,0.4748000184694926,15,0.4422666810452938
120024,-0.04733334730068842,0.49633336067199707,3,0.4490000133713086
120036,0.058499984443187714,0.2070000171661377,4,0.2655000016093254
120037,0.058499984443187714,0.2070000171661377,3,0.2655000016093254
120055,0.05157809440975407,0.20690720660450101,68,0.2584853010142551
120065,0.052637796586751905,0.2821122112512589,10,0.3347500078380108
120066,0.048500001430511475,0.3095000088214874,2,0.3580000102519989
120088,0.05487498827278614,0.21550001576542854,4,0.2703750040382147
120093,0.05887498892843723,0.19662501476705074,4,0.255500003695488
120144,0.08024675690593999,0.2706189233180303,67,0.35086568022397024
120205,0.06058332696557045,0.1737500118712584,6,0.23433333883682886
120213,0.05366665621598562,0.21833334863185883,3,0.2720000048478444
120214,0.05799999336401621,0.1926666796207428,3,0.25066667298475903
120220,-0.0040000081062316895,0.32720001339912413,5,0.32320000529289244
120226,0.05924999341368675,0.1862500123679638,2,0.24550000578165054
120228,0.06299999356269836,0.16700001060962677,1,0.23000000417232513
120230,0.058499984443187714,0.2070000171661377,3,0.2655000016093254
120237,0.058499984443187714,0.2070000171661377,1,0.2655000016093254
120238,0.058499984443187714,0.2070000171661377,2,0.2655000016093254
120241,0.05559449577331535,0.2354055090844632,2,0.29100000485777855
120251,0.049094504952430645,0.2941555052101613,2,0.34325001016259193
120254,0.04700000211596489,0.31700000911951065,2,0.36400001123547554
120255,0.04700000211596489,0.31700000911951065,2,0.36400001123547554
120262,0.049094504952430645,0.2941555052101613,2,0.34325001016259193
120333,0.00599999725818634,0.1860000044107437,1,0.19200000166893005
120362,0.00599999725818634,0.1860000044107437,1,0.19200000166893005
120376,0.00599999725818634,0.1860000044107437,1,0.19200000166893005
120381,0.00599999725818634,0.1860000044107437,1,0.19200000166893005
120424,0.00599999725818634,0.1860000044107437,2,0.19200000166893005
120438,0.00599999725818634,0.1860000044107437,1,0.19200000166893005
120442,-0.0015000104904174805,0.2815000116825104,1,0.2800000011920929
120444,0.0003333240747451782,0.26533334453900653,3,0.2656666686137517
120453,-0.007500007748603821,0.3645000159740448,1,0.357000008225441
120462,-0.011500010887781778,0.3853333542744319,6,0.3738333433866501
120467,0.03163635205816139,0.4218182076107372,11,0.4534545596688986
120470,0.024999996026357014,0.43533335129419964,6,0.46033334732055664
120473,0.01672221916831202,0.4400000174840291,9,0.45672223665234113
120474,0.009199995175004005,0.4396000191569328,10,0.44880001433193684
120475,0.0364999920129776,0.41850002110004425,6,0.45500001311302185
120478,-0.0005714330556137222,0.45657144699777874,14,0.456000013942165
120524,0.09212216713527839,0.38621118127306303,3,0.4783333484083414
120525,0.04099999414756894,0.4255000203847885,2,0.46650001453235745
120552,0.09212216713527839,0.38621118127306303,3,0.4783333484083414
120553,0.046307689581926055,0.41853847870459926,13,0.4648461682865253
120554,0.10018325658142568,0.39281675903499125,1,0.49300001561641693
120555,0.10059162585809828,0.3721583892330527,2,0.472750015091151
120556,0.10059162585809828,0.3721583892330527,2,0.472750015091151
120557,0.10018325658142568,0.39281675903499125,1,0.49300001561641693
120558,0.10099999513477087,0.3515000194311142,1,0.45250001456588507
120559,0.10099999513477087,0.3515000194311142,1,0.45250001456588507
120638,0.07599998824298382,0.37300002574920654,1,0.44900001399219036
120639,0.0923944133197268,0.3724389347384373,3,0.4648333480581641
120640,0.051124988589435816,0.4126250259578228,4,0.4637500145472586
120641,0.07599998824298382,0.37300002574920654,1,0.44900001399219036
120643,0.07599998824298382,0.37300002574920654,1,0.44900001399219036
120645,0.06887499615550041,0.38837501779198647,4,0.4572500139474869
120646,0.10059162585809828,0.3721583892330527,2,0.472750015091151
120647,0.10059162585809828,0.3721583892330527,2,0.472750015091151
120648,0.10099999513477087,0.3515000194311142,1,0.45250001456588507
120649,0.10059162585809828,0.3721583892330527,2,0.472750015091151
120650,0.10018325658142568,0.39281675903499125,2,0.49300001561641693
120651,0.10018325658142568,0.39281675903499125,2,0.49300001561641693
120652,0.07888122042268515,0.39236879418976606,8,0.4712500146124512
120653,0.10018325658142568,0.3928167590349913,3,0.493000015616417
120654,0.10018325658142568,0.39281675903499125,2,0.49300001561641693
120655,0.08659760848964963,0.37825954909622667,7,0.4648571575858763
120656,-0.05012502075987868,0.5296250358223915,4,0.47950001506251283
120680,-0.021500006318092346,0.4845000207424164,1,0.46300001442432404
120681,-0.021500006318092346,0.4845000207424164,1,0.46300001442432404
120684,-0.021500006318092346,0.4845000207424164,1,0.46300001442432404
120685,-0.06820002589374781,0.537600040435791,5,0.4694000145420432
120686,-0.048125012195669115,0.5285625271499157,16,0.4804375149542466
120688,-0.04866668318087856,0.5176666975021362,6,0.46900001432125765
120691,-0.037909098477526146,0.5260000228881836,11,0.48809092441065743
120692,-0.06500002462416887,0.534000039100647,3,0.4690000144764781
120693,-0.04152384169548743,0.5051905225853125,15,0.46366668088982504
120694,-0.031000008806586266,0.48900002241134644,2,0.45800001360476017
120701,-0.030525537062968455,0.4892398364990949,7,0.45871429943612646
120714,-0.07172224298119545,0.5640555918216705,9,0.4923333488404751
120731,-0.03462503111222759,0.5033750459551811,8,0.46875001484295353
120747,-0.038000015541911125,0.5300000309944153,3,0.49200001545250416
120766,-0.07049999684095383,0.6007000148296356,5,0.5302000179886818
121291,-0.038312434670282516,0.5077500119805336,4,0.4694375773102511
121292,-0.03455679752677685,0.4686094423144272,19,0.4340526447876503
121293,-0.03374995730146765,0.46970002055168153,5,0.4359500632502139
121296,-0.032500009983778,0.4635000228881836,2,0.4310000129044056
121297,-0.03450000658631325,0.47300001978874207,2,0.4385000132024288
121298,-0.03402488099597392,0.47140001952648164,10,0.4373751385305077
121299,-0.035437445054762054,0.4763750210404396,4,0.44093757598567757
121301,-0.032499998807907104,0.4620000123977661,2,0.429500013589859
121302,-0.034593536163214554,0.4739375188946724,8,0.43934398273145786
121303,-0.03200000276168188,0.4616666833559672,3,0.42966668059428537
121306,-0.03145500443301032,0.46988358945144076,7,0.43842858501843046
121307,-0.03871798979975285,0.48586800404749814,10,0.4471500142477453
121308,-0.035999846684435975,0.4751666933298111,3,0.43916684664537514
121309,-0.03637488352321086,0.47975002229213715,4,0.4433751387689263
121313,-0.03500001132488251,0.445000022649765,2,0.4100000113248825
121314,-0.032038679715720095,0.47244778371683577,11,0.44040910400111566
121315,-0.032499998807907104,0.4620000123977661,3,0.429500013589859
121316,-0.03228572330304554,0.47671430877276827,7,0.44442858546972275
121317,-0.03350001573562622,0.46300002932548523,5,0.429500013589859
121318,-0.034749753367155745,0.4755000174045563,2,0.44075026403740053
121319,-0.03500001132488251,0.29100000858306885,1,0.25599999725818634
121323,-0.03350001573562622,0.46300002932548523,2,0.429500013589859
121324,-0.03204985534623263,0.4574000179767609,5,0.4253501626305283
121327,-0.031374081439673754,0.4638741940313576,5,0.43250011259168386
121331,-0.032000009798341326,0.4653889122936461,9,0.43338890249530476
121342,-0.03140001390129328,0.4775000274181366,5,0.4461000135168433
121344,-0.03547840304002153,0.4580618316973248,3,0.42258342865730325
121346,-0.031000015325844288,0.4775000289082527,4,0.44650001358240843
121348,-0.03500001132488251,0.445000022649765,2,0.4100000113248825
121351,-0.0372000128030777,0.4504000246524811,5,0.41320001184940336
121352,-0.04775975661565151,0.38961690681268063,7,0.3418571501970291
121353,-0.046500012278556824,0.4255000203847885,1,0.3790000081062317
121354,-0.04766668130954107,0.4256666898727417,3,0.37800000856320065
121355,-0.041833349193135895,0.4600000282128652,3,0.41816667901972926
121356,-0.05184996641501784,0.4988000303506851,5,0.4469500639356673
121357,-0.04196971923050782,0.3229697224491586,6,0.2810000032186508
121358,-0.04657143859991005,0.4760714513914926,7,0.42950001279158256
121359,-0.04122729241801426,0.31685229591978714,8,0.2756250035017729
121360,-0.04899999778717756,0.47200001031160355,4,0.423000012524426
121361,-0.05350000730582646,0.5049285931246621,7,0.45142858581883566
121362,-0.04774999991059303,0.45400001108646393,2,0.4062500111758709
121363,-0.047700006514787674,0.4437500163912773,10,0.39605000987648964
121364,-0.049500007182359695,0.48625002056360245,4,0.43675001338124275
121365,-0.05304162888236654,0.5101666847864786,12,0.4571250559041121
121366,-0.0517000013962388,0.49870001524686813,10,0.4470000138506293
121426,0.02099998388439417,0.4490000307559967,1,0.4700000146403909
121642,-0.029500000178813934,0.46650001406669617,1,0.43700001388788223
121654,-0.02470000684261322,0.4477000206708908,5,0.4230000138282776
121672,-0.013999998569488525,0.4020000100135803,1,0.3880000114440918
121709,-0.030000023543834686,0.4440000355243683,4,0.4140000119805336
121710,-0.027500011026859283,0.4345000237226486,2,0.40700001269578934
121724,-0.025999996811151505,0.46000000834465027,1,0.43400001153349876
121748,-0.03150000423192978,0.4675000160932541,1,0.4360000118613243
121768,-0.013999998569488525,0.4020000100135803,1,0.3880000114440918
121850,-0.009999990463256836,0.3840000033378601,2,0.37400001287460327
121856,-0.013999998569488525,0.4020000100135803,1,0.3880000114440918
121885,-0.02499999850988388,0.42500001192092896,1,0.4000000134110451
121886,-0.02499999850988388,0.42500001192092896,1,0.4000000134110451
121887,-0.02499999850988388,0.42500001192092896,1,0.4000000134110451
121888,-0.027500011026859283,0.4345000237226486,2,0.40700001269578934
121897,-0.029500000178813934,0.46650001406669617,1,0.43700001388788223
121910,-0.029666677117347717,0.4503333568572998,9,0.4206666797399521
121939,-0.029500003904104233,0.45350001752376556,1,0.42400001361966133
121945,-0.030500004068017006,0.4605000168085098,2,0.4300000127404928
121949,-0.03150000423192978,0.4675000160932541,1,0.4360000118613243
121970,-0.030500004068017006,0.4605000168085098,2,0.4300000127404928
121976,-0.030500004068017006,0.4605000168085098,2,0.4300000127404928
122011,-0.03150000423192978,0.4675000160932541,1,0.4360000118613243
122013,-0.03150000423192978,0.4675000160932541,1,0.4360000118613243
122014,-0.029600004106760024,0.46440001726150515,5,0.43480001315474515
122114,-0.03150000423192978,0.4675000160932541,8,0.4360000118613243
122122,-0.029500000178813934,0.46650001406669617,1,0.43700001388788223
122198,-0.029500000178813934,0.46650001406669617,2,0.43700001388788223
122210,-0.029500000178813934,0.46650001406669617,2,0.43700001388788223
122227,-0.029500000178813934,0.46650001406669617,2,0.43700001388788223
122247,-0.029500000178813934,0.46650001406669617,1,0.43700001388788223
122258,-0.02774999849498272,0.4632500112056732,2,0.4355000127106905
122291,-0.025999996811151505,0.46000000834465027,1,0.43400001153349876
122297,-0.025999996811151505,0.46000000834465027,2,0.43400001153349876
122316,-0.013999998569488525,0.4020000100135803,2,0.3880000114440918
122396,-0.025999996811151505,0.46000000834465027,1,0.43400001153349876
122418,-0.025999996811151505,0.46000000834465027,1,0.43400001153349876
122424,-0.025999996811151505,0.46000000834465027,1,0.43400001153349876
122425,-0.025999996811151505,0.46000000834465027,1,0.43400001153349876
122427,-0.025999996811151505,0.46000000834465027,2,0.43400001153349876
122436,-0.025999996811151505,0.46000000834465027,1,0.43400001153349876
122458,-0.02733334278066953,0.4620000223318736,3,0.4346666795512041
122547,-0.009999997913837433,0.3710000067949295,2,0.36100000888109207
122648,-0.02225000411272049,0.4332500174641609,2,0.41100001335144043
122690,-0.022000007331371307,0.42900002002716064,2,0.40700001269578934
122697,-0.022000007331371307,0.42900002002716064,1,0.40700001269578934
122698,-0.022000007331371307,0.42900002002716064,1,0.40700001269578934
122700,-0.018000002950429916,0.4155000150203705,2,0.39750001206994057
122716,-0.018000002950429916,0.4155000150203705,2,0.39750001206994057
122728,-0.013999998569488525,0.4020000100135803,1,0.3880000114440918
122757,-0.013999998569488525,0.4020000100135803,2,0.3880000114440918
122782,-0.013999998569488525,0.4020000100135803,1,0.3880000114440918
122821,-0.013999998569488525,0.4020000100135803,1,0.3880000114440918
122824,-0.013999998569488525,0.4020000100135803,2,0.3880000114440918
122827,-0.013999998569488525,0.4020000100135803,1,0.3880000114440918
122831,-0.013999998569488525,0.4020000100135803,1,0.3880000114440918
122840,-0.013999998569488525,0.4020000100135803,2,0.3880000114440918
122844,-0.013999998569488525,0.4020000100135803,1,0.3880000114440918
122860,-0.013999998569488525,0.4020000100135803,1,0.3880000114440918
122863,-0.013999998569488525,0.4020000100135803,1,0.3880000114440918
122873,-0.009999997913837433,0.4180000126361847,1,0.40800001472234726
122875,-0.009999997913837433,0.4180000126361847,1,0.40800001472234726
122942,-0.011500013371308645,0.4048333565394084,3,0.39333334316809976
123020,-0.00725000724196434,0.40825001895427704,2,0.4010000117123127
123022,-0.0045000165700912476,0.3985000252723694,1,0.39400000870227814
123024,-0.0045000165700912476,0.3985000252723694,1,0.39400000870227814
123093,-0.009999997913837433,0.4180000126361847,1,0.40800001472234726
123100,-0.012416582419226552,0.4256666799386342,3,0.41325009751940767
123176,-0.012416582419226552,0.4256666799386342,3,0.41325009751940767
123204,-0.014333169636627008,0.43550001581509906,3,0.42116684617847205
123234,-0.008500006049871445,0.4245000183582306,3,0.41600001230835915
123248,-0.011197583431377953,0.4210309308562427,6,0.40983334742486477
123319,-0.011200004816055298,0.39780001640319823,5,0.3866000115871429
123360,-0.01400001347064972,0.40800002217292786,1,0.39400000870227814
123364,-0.01400001347064972,0.40800002217292786,1,0.39400000870227814
123366,-0.01400001347064972,0.40800002217292786,2,0.39400000870227814
123368,-0.009999990463256836,0.3840000033378601,1,0.37400001287460327
123371,-0.009999990463256836,0.3840000033378601,2,0.37400001287460327
123374,-0.009999990463256836,0.3840000033378601,2,0.37400001287460327
123391,-0.01000000536441803,0.3580000102519989,1,0.34800000488758087
123393,-0.01000000536441803,0.3580000102519989,2,0.34800000488758087
123394,-0.01000000536441803,0.3580000102519989,1,0.34800000488758087
123395,-0.01000000536441803,0.3580000102519989,2,0.34800000488758087
123825,-0.03650000412017107,0.5562500208616257,2,0.5197500167414546
124024,-0.03637500200420618,0.5362500175833702,4,0.49987501557916403
124588,-0.03687499649822712,0.48475001007318497,8,0.44787501357495785
124592,-0.03989286161959171,0.4966071609939848,14,0.45671429937439306
124745,-0.03599999782939752,0.5498333474000295,3,0.513833349570632
124841,-0.040519611471716094,0.5994117879400066,51,0.5588921764682905
125406,-0.03599999472498894,0.4970000088214874,6,0.4610000140964985
125487,-0.03600000124424696,0.5080000162124634,3,0.4720000149682164
125548,-0.03699999675154686,0.4830000102519989,1,0.44600001350045204
125797,-0.03800002299249172,0.5755000412464142,3,0.5375000182539225
125811,-0.03611111195964946,0.5203333497047424,9,0.484222237745093
125918,-0.035000018775463104,0.4790000319480896,1,0.4440000131726265
126099,-0.0364999957382679,0.49000000953674316,2,0.45350001379847527
126116,-0.03699999675154686,0.4830000102519989,1,0.44600001350045204
126263,-0.03550001000985503,0.4935000240802765,2,0.45800001407042146
126279,-0.03577777308722337,0.5213333434528775,9,0.48555557036565417
126430,-0.035000018775463104,0.4790000319480896,1,0.4440000131726265
126458,-0.035000018775463104,0.4790000319480896,1,0.4440000131726265
126594,-0.03550001000985503,0.4935000240802765,2,0.45800001407042146
126636,-0.035000018775463104,0.4790000319480896,1,0.4440000131726265
126808,-0.035000018775463104,0.4790000319480896,1,0.4440000131726265
126868,-0.03564287030271122,0.48964288405009676,7,0.4540000137473855
126897,-0.035000018775463104,0.4790000319480896,2,0.4440000131726265
127139,-0.035000018775463104,0.4790000319480896,1,0.4440000131726265
127182,-0.03831819089298898,0.48704547773707996,11,0.44872728684409097
127413,-0.03816667920909822,0.4971666932106018,6,0.4590000140015036
128239,-0.03664287206317697,0.48621431418827604,7,0.4495714421250991
128262,-0.0390714398651783,0.5059285972799573,7,0.466857157414779
128265,-0.03850000910460949,0.4987500235438347,4,0.4602500144392252
128705,-0.03600000776350498,0.48100002110004425,6,0.44500001333653927
128928,-0.03705557011481789,0.4846666951974233,9,0.44761112508260537
129134,-0.035000018775463104,0.4790000319480896,5,0.4440000131726265
129765,-0.035000018775463104,0.4790000319480896,3,0.4440000131726265
129774,-0.035000018775463104,0.4790000319480896,2,0.4440000131726265
130150,-0.038000013679265976,0.47700002789497375,3,0.4390000142157078
130420,-0.037250005174428225,0.48000001907348633,4,0.4427500138990581
130787,-0.03649999666959047,0.4830000102519989,5,0.44650001358240843
131313,-0.03808333973089854,0.4777500207225482,6,0.4396666809916496
132010,-0.0370000172406435,0.48600003123283386,1,0.44900001399219036
132249,-0.038666676341866456,0.4776250223318736,12,0.43895834599000716
132317,-0.038800013391301034,0.5080000281333923,5,0.4692000147420913
133070,-0.03850000724196434,0.4782143064907619,7,0.43971429924879757
133711,-0.039999994033548446,0.5290000098092216,7,0.48900001577567315
134164,-0.03899998124688864,0.527999997138977,1,0.4890000158920884
134431,-0.03899998124688864,0.527999997138977,2,0.4890000158920884
134697,-0.03800002112984657,0.49500003457069397,6,0.4570000134408474
135381,-0.03700000482300917,0.4870000183582306,3,0.4500000135352214
135922,-0.039125011302530766,0.47587502375245094,8,0.4367500124499202
136186,-0.037600021343678236,0.4982000350952148,5,0.4606000137515366
136883,-0.040769248914260134,0.4658461855008052,13,0.42507693658654505
137046,-0.03799999489759406,0.5223333438237509,3,0.4843333489261568
137065,-0.03700002166442573,0.5030000358819962,2,0.4660000142175704
137116,-0.040000022522040775,0.472571462392807,7,0.43257143987076624
137364,-0.03920000409707427,0.5198000192642211,5,0.4806000151671469
137460,-0.03799999489759406,0.5223333438237509,3,0.4843333489261568
138124,-0.03733335481956601,0.5003333687782288,3,0.46300001395866275
138383,-0.038000017032027246,0.5036000311374664,5,0.46560001410543916
138520,-0.03900000033900142,0.5250000158945719,3,0.4860000155555705
138548,-0.03981818766756491,0.46627274697477167,11,0.42645455930720677
138826,-0.02950000762939453,0.7265000343322754,1,0.6970000267028809
139384,-0.04099999857135117,0.5290000140666962,2,0.488000015495345
139487,-0.039999999571591616,0.5220000147819519,1,0.4820000152103603
139506,-0.039999999571591616,0.5220000147819519,1,0.4820000152103603
139519,-0.039999999571591616,0.5220000147819519,1,0.4820000152103603
139545,-0.039999999571591616,0.5220000147819519,2,0.4820000152103603
139618,-0.039999999571591616,0.5220000147819519,2,0.4820000152103603
139652,-0.0328027657553554,0.6676777855347842,4,0.6348750197794288
139936,-0.03862590522948244,0.5829037005095019,9,0.5442777952800195
139961,-0.0423047501876951,0.5065190503922957,7,0.46421430020460064
141040,-0.03523702540877798,0.6245703771102761,9,0.5893333517014981
141058,-0.02950000762939453,0.7710000425577164,6,0.7415000349283218
141259,-0.030250009149312973,0.7382500320672989,4,0.7080000229179859
141969,-0.04100003093481064,0.6070000529289246,1,0.5660000219941139
141976,-0.031166667739550274,0.7848333617051443,3,0.753666693965594
142180,-0.030000008642673492,0.7590000331401825,2,0.729000024497509
143355,-0.02950000762939453,0.8005000352859497,1,0.7710000276565552
143465,-0.030416672428448994,0.8924167106548945,6,0.8620000382264454
144496,-0.029333343108495075,0.8446667194366455,3,0.8153333763281504
145065,-0.029000014066696167,0.9030000567436218,1,0.8740000426769257
145164,-0.03300000727176666,0.9500000476837158,4,0.9170000404119492
145175,-0.029000014066696167,0.9030000567436218,2,0.8740000426769257
145247,-0.029000014066696167,0.9030000567436218,4,0.8740000426769257
145654,-0.029000014066696167,0.9030000567436218,1,0.8740000426769257
145938,-0.029000014066696167,0.9030000567436218,3,0.8740000426769257
146016,-0.029000014066696167,0.9030000567436218,1,0.8740000426769257
146702,-0.03233332931995392,0.9471667011578878,6,0.9148333718379339
146769,-0.029000014066696167,0.9030000567436218,1,0.8740000426769257
146955,-0.029000014066696167,0.9030000567436218,1,0.8740000426769257
147163,-0.029000014066696167,0.9030000567436218,1,0.8740000426769257
147613,-0.030000001192092896,0.9780000448226929,1,0.9480000436306
147857,-0.031000003218650818,0.9295000433921814,2,0.8985000401735306
148135,-0.030666669209798176,0.9456667105356852,3,0.915000041325887
148478,-0.030999998251597088,0.9706667065620422,3,0.9396667083104452
148729,-0.03299999237060547,0.956000030040741,1,0.9230000376701355
148816,-0.03299999237060547,0.956000030040741,1,0.9230000376701355
148982,-0.03299999237060547,0.956000030040741,1,0.9230000376701355
149043,-0.030000001192092896,0.9780000448226929,1,0.9480000436306
149105,-0.03299999237060547,0.956000030040741,1,0.9230000376701355
149114,-0.030000001192092896,0.9780000448226929,2,0.9480000436306
149150,-0.03149999678134918,0.9670000374317169,2,0.9355000406503677
149560,-0.03137502074241638,0.9333750531077385,4,0.9020000323653221
149593,-0.030000001192092896,0.9780000448226929,1,0.9480000436306
149614,-0.031500041484832764,0.9255000650882721,3,0.8940000236034393
149620,-0.030000001192092896,0.9780000448226929,1,0.9480000436306
149682,-0.030000001192092896,0.9780000448226929,1,0.9480000436306
149737,-0.030000001192092896,0.9780000448226929,1,0.9480000436306
149756,-0.030000001192092896,0.9780000448226929,1,0.9480000436306
149799,-0.030000001192092896,0.9780000448226929,1,0.9480000436306
149816,-0.030000001192092896,0.9780000448226929,1,0.9480000436306
149859,-0.030000001192092896,0.9780000448226929,1,0.9480000436306
149864,-0.031500041484832764,0.9255000650882721,1,0.8940000236034393
149901,-0.030000001192092896,0.9780000448226929,1,0.9480000436306
150158,-0.030000001192092896,0.9780000448226929,1,0.9480000436306
150356,-0.030000001192092896,0.9780000448226929,1,0.9480000436306
150394,-0.030000001192092896,0.9780000448226929,1,0.9480000436306
150523,-0.03385716676712036,0.8188571929931641,7,0.7850000262260437
150532,-0.030000001192092896,0.9780000448226929,1,0.9480000436306
150803,-0.031300020217895505,0.9239000499248504,5,0.892600029706955
150961,-0.030000001192092896,0.9780000448226929,1,0.9480000436306
151474,-0.031500011682510376,0.9610000550746918,2,0.9295000433921814
151570,-0.030000001192092896,0.9780000448226929,1,0.9480000436306
151582,-0.033000022172927856,0.9440000653266907,1,0.9110000431537628
151597,-0.031500011682510376,0.9610000550746918,2,0.9295000433921814
151749,-0.033000022172927856,0.9440000653266907,1,0.9110000431537628
151999,-0.033000022172927856,0.9440000653266907,1,0.9110000431537628
152105,-0.03142860957554409,0.9198572039604187,7,0.8884285943848746
152398,-0.033000022172927856,0.9440000653266907,1,0.9110000431537628
152446,-0.036500006914138794,0.6985000371932983,6,0.6620000302791595
152694,-0.033000022172927856,0.9440000653266907,3,0.9110000431537628
153712,-0.03100001811981201,0.8860000371932983,4,0.8550000190734863
153956,-0.033000022172927856,0.9440000653266907,3,0.9110000431537628
154041,-0.033000022172927856,0.9440000653266907,1,0.9110000431537628
154099,-0.03127275271849199,0.9140000505880876,11,0.8827272978695957
154141,-0.033000022172927856,0.9440000653266907,2,0.9110000431537628
154567,-0.03100001811981201,0.8860000371932983,6,0.8550000190734863
154589,-0.032600021362304686,0.8484000444412232,5,0.8158000230789185
154810,-0.033000022172927856,0.9440000653266907,2,0.9110000431537628
155039,-0.036522739990191025,0.8166591348973188,22,0.7801363949071277
155136,-0.033000022172927856,0.9440000653266907,2,0.9110000431537628
155869,-0.0350000262260437,0.7920000553131104,7,0.7570000290870667
156269,-0.032600021362304686,0.9324000597000122,5,0.8998000383377075
156271,-0.03612501174211502,0.7218750417232513,8,0.6857500299811363
156609,-0.033000022172927856,0.9440000653266907,2,0.9110000431537628
156723,-0.03338890605502658,0.7936111523045434,9,0.7602222462495168
156889,-0.03480002284049988,0.7748000502586365,5,0.7400000274181366
157050,-0.03525001058975855,0.7214167018731436,6,0.686166691283385
157582,-0.035846163447086625,0.7149231158770047,13,0.6790769524299182
157858,-0.03609999269247055,0.6556000113487244,10,0.6195000186562538
158126,-0.03725000098347664,0.5773500174283981,10,0.5401000164449214
158138,-0.03325001895427704,0.8342500478029251,4,0.8010000288486481
158826,-0.034000009298324585,0.706000030040741,5,0.6720000207424164
159225,-0.03662498854100704,0.6430000066757202,8,0.6063750181347132
159246,-0.0364999994635582,0.5635000169277191,2,0.5270000174641609
159265,-0.03619999885559082,0.654800021648407,5,0.6186000227928162
159605,-0.03625001758337021,0.5482500344514847,2,0.5120000168681145
159801,-0.03674999251961708,0.5987500101327896,4,0.5620000176131725
160071,-0.0364999994635582,0.5635000169277191,1,0.5270000174641609
160258,-0.03758334647864103,0.6270000338554382,12,0.5894166873767972
160447,-0.03535001650452614,0.6068500369787216,10,0.5715000204741955
160785,-0.036125026643276215,0.5406250432133675,4,0.5045000165700912
160924,-0.0364999994635582,0.5635000169277191,1,0.5270000174641609
160991,-0.0364999994635582,0.5635000169277191,6,0.5270000174641609
161133,-0.036166676630576454,0.531166692574819,3,0.49500001594424253
161150,-0.03600003570318222,0.5330000519752502,2,0.497000016272068
161156,-0.0364999994635582,0.5635000169277191,1,0.5270000174641609
161393,-0.03700003516860306,0.5307500511407852,4,0.49375001597218215
161539,-0.03500001256664594,0.5870000322659811,3,0.5520000196993351
161976,-0.03600003570318222,0.5330000519752502,1,0.497000016272068
161989,-0.036000018141099384,0.517571462052209,7,0.4815714439111097
162299,-0.03599999581153194,0.4988333433866501,6,0.4628333475751181
162533,-0.03787501633632928,0.5094375312328339,8,0.4715625148965046
163586,-0.035749997245147824,0.5152500122785568,4,0.479500015033409
164021,-0.03499998524785042,0.5370000004768372,4,0.5020000152289867
164341,-0.03612499753944576,0.5163750126957893,4,0.4802500151563436
164392,-0.03599999472498894,0.4970000088214874,1,0.4610000140964985
164507,-0.03499998524785042,0.5370000004768372,3,0.5020000152289867
164869,-0.03600000124424696,0.5080000162124634,2,0.4720000149682164
165298,-0.03499998524785042,0.5370000004768372,2,0.5020000152289867
165444,-0.014000019058585167,0.4650000333786011,1,0.4510000143200159
165473,-0.014000019058585167,0.4650000333786011,1,0.4510000143200159
165475,-0.013700011745095253,0.494700026512146,5,0.48100001476705073
165479,-0.012500008568167686,0.47050002217292786,1,0.45800001360476017
165487,-0.017500024288892746,0.538500040769577,1,0.5210000164806843
165488,-0.01566668103138606,0.5170000294844309,3,0.5013333484530449
165489,-0.017250020056962967,0.5342500358819962,2,0.5170000158250332
165493,-0.015000013634562492,0.47700002789497375,1,0.46200001426041126
165502,-0.017166685312986374,0.5328333675861359,3,0.5156666822731495
165527,-0.017000015825033188,0.5300000309944153,2,0.5130000151693821
165529,-0.017000015825033188,0.5300000309944153,1,0.5130000151693821
165531,-0.014000019058585167,0.4650000333786011,1,0.4510000143200159
165538,-0.013800012692809106,0.4720000267028809,5,0.45820001401007177
165566,-0.014333350583910942,0.4690000315507253,3,0.45466668096681434
165590,-0.017000015825033188,0.5300000309944153,1,0.5130000151693821
165607,-0.014000019058585167,0.4650000333786011,1,0.4510000143200159
165609,-0.014000019058585167,0.4650000333786011,1,0.4510000143200159
165645,-0.017000015825033188,0.5300000309944153,1,0.5130000151693821
165786,-0.02450001146644354,0.4945000261068344,3,0.4700000146403909
165791,-0.018249996472150087,0.47600001096725464,2,0.45775001449510455
165794,-0.01499999314546585,0.46700000762939453,2,0.4520000144839287
165800,-0.01499999314546585,0.46700000762939453,1,0.4520000144839287
165801,-0.01499999314546585,0.46700000762939453,2,0.4520000144839287
165805,-0.014999992679804564,0.4855000078678131,2,0.47050001518800855
165817,-0.014999992214143276,0.5040000081062317,1,0.4890000158920884
165858,-0.013200000766664744,0.49096668263276416,15,0.47776668186609944
166276,-0.027000002562999725,0.5540000200271606,1,0.5270000174641609
166293,-0.02450001146644354,0.4945000261068344,2,0.4700000146403909
166294,-0.022500003688037395,0.488166684905688,3,0.4656666812176506
167477,-0.02980000274255872,0.5088000178337098,5,0.47900001509115103
167487,-0.02825000509619713,0.5307500213384628,4,0.5025000162422657
167555,-0.02637500478886068,0.5391250215470791,4,0.5127500167582184
169906,-0.06737501942552626,0.54362503439188,4,0.4762500149663538
170062,-0.033500026911497116,0.5245000422000885,1,0.4910000152885914
170068,-0.038000006694346666,0.5352500230073929,2,0.4972500163130462
170078,-0.03449999541044235,0.5315000116825104,1,0.497000016272068
170082,-0.03449999541044235,0.5315000116825104,1,0.497000016272068
170089,-0.03449999541044235,0.5315000116825104,2,0.497000016272068
170094,-0.03507144070629563,0.5295714565685817,7,0.4945000158622861
170099,-0.03450000798329711,0.523625023663044,4,0.48912501567974687
170109,-0.03449999541044235,0.5315000116825104,3,0.497000016272068
170128,0.02933332355072101,0.4268333564201991,6,0.4561666799709201
170131,0.030166656399766605,0.4271666904290517,3,0.4573333468288183
170132,0.026499999687075615,0.429500013589859,1,0.4560000132769346
170133,0.026499999687075615,0.429500013589859,2,0.4560000132769346
170143,-0.05662502394989133,0.517875038087368,4,0.4612500141374767
170180,-0.018750011455267668,0.4852500259876251,4,0.46650001453235745
170204,0.03999998280778527,0.4350000321865082,2,0.47500001499429345
170208,0.03999998280778527,0.4350000321865082,1,0.47500001499429345
170209,0.03999998280778527,0.4350000321865082,1,0.47500001499429345
170211,0.03999998280778527,0.4350000321865082,1,0.47500001499429345
170212,0.03999998280778527,0.4350000321865082,2,0.47500001499429345
170213,0.03999998280778527,0.4350000321865082,1,0.47500001499429345
170214,0.03999998280778527,0.4350000321865082,1,0.47500001499429345
170215,0.03999998280778527,0.4350000321865082,1,0.47500001499429345
170229,0.03999998280778527,0.4350000321865082,1,0.47500001499429345
170237,0.03999998280778527,0.4350000321865082,1,0.47500001499429345
170238,0.03999998280778527,0.4350000321865082,1,0.47500001499429345
170243,0.03999998280778527,0.4350000321865082,2,0.47500001499429345
170278,-0.01799999736249447,0.4690000116825104,1,0.4510000143200159
170305,0.028499990701675415,0.32750001549720764,1,0.35600000619888306
170326,-0.010875005275011063,0.36912501603364944,4,0.3582500107586384
170338,0.0039999838918447495,0.4930000305175781,2,0.4970000144094229
170339,0.08189999992027878,0.4337000161409378,5,0.5156000160612165
170340,0.039500001817941666,0.3632500097155571,2,0.40275001153349876
170341,0.039500001817941666,0.3632500097155571,2,0.40275001153349876
170342,0.039500001817941666,0.3632500097155571,2,0.40275001153349876
170344,-0.0690000190266541,0.6033571788242885,7,0.5343571597976344
170345,-0.021750001857678097,0.5822500189145406,6,0.5605000170568626
170347,-0.0036666871358950934,0.5618333717187246,6,0.5581666845828295
170349,-0.01799999736249447,0.4690000116825104,1,0.4510000143200159
170351,0.00659873293489216,0.6704012979403138,2,0.677000030875206
170352,0.04300001263618469,0.5040000081062317,1,0.5470000207424164
170373,0.028499990701675415,0.32750001549720764,1,0.35600000619888306
170480,-0.01299998164176941,0.5139999985694885,1,0.5010000169277191
170493,0.04300001263618469,0.5040000081062317,1,0.5470000207424164
170495,0.04433333842704693,0.42550001045068103,3,0.469833348877728
170496,0.037000006064772606,0.4257500097155571,2,0.4627500157803297
170504,-0.009000008460134268,0.4491250216960907,4,0.44012501323595643
170525,0.04300001263618469,0.5040000081062317,1,0.5470000207424164
170530,0.00659873293489216,0.6704012979403138,2,0.677000030875206
170531,0.021500013768672943,0.5595000088214874,1,0.5810000225901604
170533,0.03099999949336052,0.3475000113248825,1,0.378500010818243
170535,0.04300001263618469,0.5040000081062317,1,0.5470000207424164
170536,0.05450000362470746,0.4190000116825104,5,0.47350001530721786
170580,-0.014714285731315613,0.24014286696910858,7,0.22542858123779297
170581,0.039500001817941666,0.3632500097155571,2,0.40275001153349876
170583,0.036473681071871204,0.4050789640138024,19,0.4415526450856736
170584,0.03649999449650446,0.37683334946632385,3,0.41333334396282834
170585,0.035499997437000275,0.40150001645088196,1,0.43700001388788223
170587,0.035499997437000275,0.40150001645088196,1,0.43700001388788223
170594,0.12149999663233757,0.3355000168085098,1,0.4570000134408474
170595,0.016169035597718675,0.6512156072233732,13,0.6673846428210919
170597,0.021500013768672943,0.5595000088214874,1,0.5810000225901604
170598,0.03099999949336052,0.3475000113248825,1,0.378500010818243
170625,0.028499990701675415,0.32750001549720764,1,0.35600000619888306
170631,0.04300001263618469,0.5040000081062317,1,0.5470000207424164
170639,0.03099999949336052,0.3475000113248825,1,0.378500010818243
170671,0.03099999949336052,0.3475000113248825,1,0.378500010818243
170674,0.009999990463256836,0.20850001275539398,2,0.21850000321865082
170676,0.017197459074854815,0.6298025706082583,1,0.6470000296831131
170677,0.015499992668628693,0.2255000114440918,5,0.2410000041127205
170680,0.011446655994554359,0.4537200566118956,15,0.46516671260644993
170682,0.04300001263618469,0.5040000081062317,1,0.5470000207424164
170705,0.00659873293489216,0.6704012979403138,2,0.677000030875206
170707,0.01934873642176388,0.5946512897148728,2,0.6140000261366367
170708,0.03225001320242882,0.5317500084638596,2,0.5640000216662884
170709,0.0003333265582720439,0.1801666741569837,6,0.18050000071525574
170710,0.04300001263618469,0.5040000081062317,1,0.5470000207424164
170711,-0.00500001385807991,0.587375033646822,4,0.5823750197887421
170712,-0.014999999664723873,0.5517500191926956,2,0.5367500195279717
170713,-0.01600000262260437,0.3050000071525574,1,0.289000004529953
170714,-0.016500000117553607,0.38483334415488774,9,0.36833334403733414
170715,-0.012999996542930603,0.19300000369548798,1,0.18000000715255737
170718,-0.012000001966953278,0.6345000267028809,1,0.6225000247359276
170719,-0.0156250037252903,0.270500011742115,8,0.2548750080168247
170721,-0.004000023007392883,0.21300001442432404,1,0.20899999141693115
170722,-0.007999997586011887,0.6727500259876251,2,0.6647500284016132
170724,-0.017000004649162292,0.4180000126361847,1,0.4010000079870224
170725,-0.0173333336909612,0.2746666769186656,3,0.2573333432277044
170727,-0.02185714670589992,0.37685715726443697,7,0.355000010558537
170728,-0.024000003933906555,0.3830000162124634,1,0.3590000122785568
170730,0.017197459074854815,0.6298025706082583,1,0.6470000296831131
170733,0.017197459074854815,0.6298025706082583,1,0.6470000296831131
170741,-0.01775000197812915,0.4761250168085098,4,0.4583750148303807
170748,0.04300001263618469,0.5040000081062317,1,0.5470000207424164
170751,-0.00466667115688324,0.33283334722121555,6,0.3281666760643323
170752,-0.024000003933906555,0.3830000162124634,1,0.3590000122785568
170754,-0.020750002469867468,0.41325001418590546,4,0.392500011716038
170755,-0.024000003933906555,0.3830000162124634,1,0.3590000122785568
170756,0.028499990701675415,0.32750001549720764,2,0.35600000619888306
170757,0.028499990701675415,0.32750001549720764,2,0.35600000619888306
170761,0.04300001263618469,0.5040000081062317,1,0.5470000207424164
170768,0.04300001263618469,0.5040000081062317,1,0.5470000207424164
170773,0.04300001263618469,0.5040000081062317,1,0.5470000207424164
170776,0.028499990701675415,0.32750001549720764,1,0.35600000619888306
170777,-0.012000001966953278,0.6345000267028809,1,0.6225000247359276
170781,0.015374992042779922,0.3413750156760216,4,0.3567500077188015
170783,0.04300001263618469,0.5040000081062317,1,0.5470000207424164
170788,-0.01799999736249447,0.4690000116825104,1,0.4510000143200159
170790,0.028499990701675415,0.32750001549720764,1,0.35600000619888306
170791,-0.024000003933906555,0.3830000162124634,1,0.3590000122785568
170796,0.04300001263618469,0.5040000081062317,1,0.5470000207424164
170797,0.019749991595745087,0.3277500122785568,6,0.3475000038743019
170800,0.028499990701675415,0.32750001549720764,1,0.35600000619888306
170805,-0.01799999736249447,0.4690000116825104,1,0.4510000143200159
170809,0.028499990701675415,0.32750001549720764,4,0.35600000619888306
170813,0.028499990701675415,0.32750001549720764,1,0.35600000619888306
170815,0.028499990701675415,0.32750001549720764,1,0.35600000619888306
170819,0.028499990701675415,0.32750001549720764,1,0.35600000619888306
170824,0.028499990701675415,0.32750001549720764,1,0.35600000619888306
170827,0.028499990701675415,0.32750001549720764,3,0.35600000619888306
170943,0.006249993235211481,0.44490911201997235,22,0.4511591052551838
170948,-0.00449999887496233,0.4492500126361847,2,0.44475001376122236
170950,0.00030713611194957874,0.4506234480033112,36,0.4509305841152608
170953,0.0009499910524079808,0.4472750399904326,40,0.4482250310428406
170994,0.028499990701675415,0.32750001549720764,1,0.35600000619888306
171095,0.028499990701675415,0.32750001549720764,1,0.35600000619888306
171179,-0.0095000093181928,0.45116668939590454,3,0.44166668007771176
171541,0.03099999949336052,0.3475000113248825,1,0.378500010818243
171544,0.010499998927116394,0.4375000149011612,1,0.4480000138282776
171545,-0.013499981723725796,0.5139999985694885,4,0.5005000168457627
171570,-0.01299998164176941,0.5139999985694885,1,0.5010000169277191
171572,-0.013333315029740334,0.5139999985694885,3,0.5006666835397482
171597,-0.013666648417711258,0.5139999985694885,3,0.5003333501517773
171969,-0.022749763973522907,0.4735000282526016,2,0.4507502642790787
172100,0.011499986052513123,0.44350002706050873,1,0.45500001311302185
172117,0.011499986052513123,0.44350002706050873,1,0.45500001311302185
172122,0.011499986052513123,0.44350002706050873,6,0.45500001311302185
172129,0.011499986052513123,0.44350002706050873,2,0.45500001311302185
172148,0.011499986052513123,0.44350002706050873,1,0.45500001311302185
172149,0.011499986052513123,0.44350002706050873,1,0.45500001311302185
172159,0.011499986052513123,0.44350002706050873,1,0.45500001311302185
172164,0.011499986052513123,0.44350002706050873,1,0.45500001311302185
172167,0.011499986052513123,0.44350002706050873,2,0.45500001311302185
172169,0.011499986052513123,0.44350002706050873,1,0.45500001311302185
172172,0.011499986052513123,0.44350002706050873,2,0.45500001311302185
172173,0.011499986052513123,0.44350002706050873,1,0.45500001311302185
172177,0.011499986052513123,0.44350002706050873,1,0.45500001311302185
172178,0.011499986052513123,0.44350002706050873,1,0.45500001311302185
172183,0.011499986052513123,0.44350002706050873,1,0.45500001311302185
172184,0.011499986052513123,0.44350002706050873,1,0.45500001311302185
172185,0.011499986052513123,0.44350002706050873,2,0.45500001311302185
172186,0.011499986052513123,0.44350002706050873,1,0.45500001311302185
172187,0.011499986052513123,0.44350002706050873,1,0.45500001311302185
172188,0.011499986052513123,0.44350002706050873,1,0.45500001311302185
172190,0.011499986052513123,0.44350002706050873,1,0.45500001311302185
172200,0.011499986052513123,0.44350002706050873,3,0.45500001311302185
172202,0.011499986052513123,0.44350002706050873,1,0.45500001311302185
172212,-0.006458332917342584,0.45245834688345593,12,0.44600001396611333
172232,0.011499986052513123,0.44350002706050873,3,0.45500001311302185
172233,0.011499986052513123,0.44350002706050873,3,0.45500001311302185
172240,0.011499986052513123,0.44350002706050873,4,0.45500001311302185
172243,0.011499986052513123,0.44350002706050873,3,0.45500001311302185
172245,0.011499986052513123,0.44350002706050873,2,0.45500001311302185
172248,0.011499986052513123,0.44350002706050873,1,0.45500001311302185
172251,0.011499986052513123,0.44350002706050873,1,0.45500001311302185
172252,0.011499986052513123,0.44350002706050873,2,0.45500001311302185
172256,-0.009902790345595627,0.4608333557844162,18,0.4509305654388206
172270,-0.02200001087039709,0.4735000252723694,5,0.4515000144019723
172276,0.011499986052513123,0.44350002706050873,2,0.45500001311302185
172278,0.011499986052513123,0.44350002706050873,3,0.45500001311302185
172296,0.011499986052513123,0.44350002706050873,1,0.45500001311302185
172300,0.011499986052513123,0.44350002706050873,2,0.45500001311302185
172357,0.0019999900832772255,0.44600002467632294,2,0.44800001475960016
172360,-0.001916732025760788,0.4461191231003475,21,0.4442023910745867
172364,-0.007875002454966307,0.45131251588463783,8,0.4434375134296715
172370,-0.024178557471838003,0.47826198772216855,6,0.45408343025033054
172371,-0.0218769710927177,0.48000201004393395,40,0.45812503895121626
172372,-0.012166682630777359,0.5283333659172058,3,0.5161666832864285
172373,-0.0485000042244792,0.5355000197887421,1,0.48700001556426287
172374,-0.042250026017427444,0.6030000448226929,2,0.5607500188052654
172375,-0.042250026017427444,0.6030000448226929,2,0.5607500188052654
172376,-0.044500015676021576,0.5990000367164612,1,0.5545000210404396
172377,-0.06559393826276028,0.5525939538270231,2,0.48700001556426287
172378,-0.0443333520864447,0.5805000364780426,3,0.5361666843915979
172379,-0.07870001483242958,0.5717000305652619,5,0.49300001573283225
172381,-0.08268787230104135,0.5696878878653042,1,0.48700001556426287
172382,-0.08322929100512193,0.5625626394609607,3,0.4793333484558388
172383,-0.08268787230104135,0.5696878878653042,1,0.48700001556426287
172384,-0.06559393826276028,0.5525939538270231,2,0.48700001556426287
172386,-0.044500015676021576,0.5990000367164612,1,0.5545000210404396
172387,0.015333329637845358,0.5196666866540909,3,0.5350000162919363
172389,-0.08268787230104135,0.5696878878653042,1,0.48700001556426287
172391,-0.044500015676021576,0.5990000367164612,1,0.5545000210404396
172425,0.0033999934792518617,0.4433000206947327,5,0.4467000141739845
172427,-0.0021248827988747387,0.4520000219345093,2,0.44987513913563454
172433,0.011000014841556549,0.5370000004768372,1,0.5480000153183937
172435,0.020124994713114575,0.5003750212490559,4,0.5205000159621704
172441,0.015227268047800118,0.44368183748288587,11,0.458909105530686
172451,0.011624990962445736,0.4351250231266022,4,0.4467500140890479
172468,0.006788500638048256,0.4431538673547598,13,0.44994236799280807
172474,0.016181814738295296,0.4293181991035288,11,0.4455000138418241
172490,-0.009714352948857283,0.45000008086274784,7,0.44028572791389053
172492,0.01799007198070207,0.45338494268134205,8,0.4713750146620441
172495,0.0005128370400738116,0.4445165885316536,34,0.4450294255717274
172518,-0.0008055343255918032,0.44244446439875496,18,0.4416389300731631
172524,-0.01743744676106143,0.4639375228434801,8,0.4465000760824187
172525,-0.004000019282102585,0.44200003147125244,1,0.43800001218914986
172526,-0.007499994710087776,0.453000009059906,1,0.44550001434981823
172529,-0.004000019282102585,0.44200003147125244,1,0.43800001218914986
172566,-0.011100009456276894,0.44920002222061156,5,0.4381000127643347
172576,-0.010125008644536138,0.44968752190470695,8,0.4395625132601708
172580,-0.007500005885958672,0.44300001859664917,1,0.4355000127106905
172595,-0.022749763973522907,0.4735000282526016,4,0.4507502642790787
172598,-0.012142863656793321,0.458071448973247,7,0.44592858531645363
172601,-0.013678579415179163,0.4635952562093735,21,0.44991667679419434
172602,-0.008500004187226295,0.45000001788139343,1,0.44150001369416714
172604,-0.016203598042079288,0.46632860462553805,10,0.4501250065834588
172608,-0.020576931751118258,0.47238463851121754,13,0.4518077067600993
172618,-0.024571475605480494,0.48207148936111494,8,0.4575000137556344
172622,-0.021799813445284942,0.4717000275850296,5,0.4499002141397447
172624,-0.02437489343085325,0.47725003212690353,2,0.4528751386960503
172625,-0.020805483186565745,0.47094446917374927,9,0.45013898598718355
172961,-0.07516668178141117,0.5401666959126791,3,0.4650000141312679
172964,-0.03850001096725464,0.445000022649765,2,0.4065000116825104
172978,-0.04700002074241638,0.47200003266334534,2,0.42500001192092896
172988,-0.065000019967556,0.5990000367164612,2,0.5340000167489052
172990,-0.05050000920891762,0.5005000233650208,2,0.45000001415610313
172996,-0.04050001502037048,0.4735000282526016,1,0.43300001323223114
172997,-0.04050001502037048,0.4735000282526016,1,0.43300001323223114
172998,-0.048833334197600685,0.6385000199079514,6,0.5896666857103506
173050,-0.05810000784695148,0.5505000233650208,5,0.49240001551806933
173053,0.024999985471367836,0.43300002813339233,2,0.45800001360476017
173057,0.0341499924659729,0.42210002094507215,20,0.45625001341104504
173058,0.015249994583427906,0.4492500200867653,2,0.4645000146701932
173059,0.021769222015371688,0.4429230999488097,13,0.46469232196418137
173060,0.021687489468604326,0.44568752497434616,8,0.4673750144429505
173063,0.011333325629432995,0.44893335501352943,15,0.46026668064296244
173064,0.02174999676644802,0.444850017875433,20,0.466600014641881
173065,-0.036000004038214684,0.49400001764297485,3,0.45800001360476017
173066,-0.036000004038214684,0.49400001764297485,1,0.45800001360476017
173067,-0.038000001572072506,0.49650001525878906,2,0.45850001368671656
173068,-0.037000007616976895,0.49833335479100543,3,0.4613333471740285
173071,-0.03550001187250018,0.49800002574920654,2,0.46250001387670636
173072,-0.03500001970678568,0.5020000338554382,1,0.46700001414865255
173074,-0.038000001572072506,0.49650001525878906,2,0.45850001368671656
173075,-0.03999999910593033,0.49900001287460327,1,0.45900001376867294
173076,-0.036000004038214684,0.49400001764297485,1,0.45800001360476017
173077,-0.03500001970678568,0.5020000338554382,1,0.46700001414865255
173079,-0.03500001970678568,0.5020000338554382,1,0.46700001414865255
173084,-0.03999999910593033,0.49900001287460327,1,0.45900001376867294
173087,-0.03800001321360469,0.5025000274181366,2,0.4645000142045319
173094,-0.036000004038214684,0.49400001764297485,1,0.45800001360476017
173097,-0.03500001970678568,0.5020000338554382,1,0.46700001414865255
173101,-0.036000004038214684,0.49400001764297485,3,0.45800001360476017
173102,-0.036000004038214684,0.49400001764297485,1,0.45800001360476017
173103,-0.03999999910593033,0.49900001287460327,1,0.45900001376867294
173105,-0.03999999910593033,0.49900001287460327,1,0.45900001376867294
173106,-0.03999999910593033,0.49900001287460327,1,0.45900001376867294
173108,-0.03999999910593033,0.49900001287460327,1,0.45900001376867294
173109,-0.03999999910593033,0.49900001287460327,1,0.45900001376867294
173111,-0.03999999910593033,0.49900001287460327,1,0.45900001376867294
173113,-0.035666675927738346,0.49666668971379596,3,0.4610000137860576
173118,-0.036000004038214684,0.49400001764297485,4,0.45800001360476017
173129,-0.036000004038214684,0.49400001764297485,1,0.45800001360476017
173133,-0.036000004038214684,0.49400001764297485,3,0.45800001360476017
173135,-0.03733334348847469,0.499666690826416,3,0.46233334733794135
173144,-0.038000001572072506,0.49650001525878906,2,0.45850001368671656
173161,-0.03999999910593033,0.49900001287460327,1,0.45900001376867294
173215,0.012000009417533875,0.5040000081062317,1,0.5160000175237656
173342,-0.06433333390547584,0.5420000155766805,3,0.4776666816712047
173343,-0.04600002629948514,0.5107143265860421,7,0.46471430028655697
173345,-0.04650002904236317,0.5105000436306,3,0.4640000145882368
173353,-0.04650002904236317,0.5105000436306,1,0.4640000145882368
173356,-0.04520002361387014,0.5100000381469727,5,0.46480001453310255
173359,-0.04350002110004425,0.5065000355243683,2,0.46300001442432404
173382,-0.03950001299381256,0.4945000261068344,1,0.45500001311302185
173393,-0.04216668506463369,0.5025000323851904,3,0.4603333473205567
173439,-0.04350002110004425,0.5065000355243683,1,0.46300001442432404
173496,-0.04850000888109207,0.49250002205371857,1,0.4440000131726265
173497,-0.04050001502037048,0.4735000282526016,1,0.43300001323223114
173768,0.03600000776350498,0.4300000071525574,1,0.46600001491606236
173769,-0.056000035256147385,0.5100000500679016,1,0.4540000148117542
173770,-0.04085153595916925,0.47972654875740406,8,0.4388750127982348
173771,-0.03415048886537577,0.4767505036711695,5,0.44260001480579375
173772,-0.0353000096976757,0.47770002285639446,15,0.44240001315871874
173773,-0.036444454143444695,0.4723333567380905,9,0.4358889025946458
173774,-0.04232805964350697,0.47845307268947357,8,0.4361250130459666
173775,-0.04646245127022264,0.49446246547102923,5,0.4480000142008066
173776,-0.05990001633763313,0.5263000309467316,5,0.46640001460909847
173778,-0.0340000136444966,0.49783336122830707,3,0.46383334758381045
173779,-0.0325000137090683,0.49550002813339233,2,0.46300001442432404
173782,-0.03516668081283569,0.5008333623409271,3,0.46566668152809143
173783,-0.03550002537667751,0.5015000402927399,3,0.46600001491606236
173785,-0.02325000916607678,0.49525002390146255,4,0.4720000147353858
173786,-0.0325000137090683,0.49550002813339233,1,0.46300001442432404
173788,-0.03316667303442955,0.49683335423469543,3,0.4636666812002659
173791,-0.03550002537667751,0.5015000402927399,3,0.46600001491606236
173792,-0.034499991685152054,0.49950000643730164,3,0.4650000147521496
173798,-0.032500004023313524,0.49190001785755155,5,0.459400013834238
173808,-0.016666676228245098,0.47733335693677265,3,0.46066668070852757
173809,-0.01180000714957714,0.4738000214099884,5,0.46200001426041126
173813,-0.025531255116220564,0.4887187695130706,16,0.46318751439685
173828,-0.030750010162591934,0.4865000247955322,4,0.4557500146329403
173829,-0.0308333362142245,0.48750001688798267,3,0.45666668067375815
173830,-0.032333352913459144,0.4920000334580739,3,0.4596666805446148
173833,-0.03300001658499241,0.4930000305175781,3,0.4600000139325857
173844,-0.03366667373726765,0.4945000211397807,3,0.460833347402513
173849,-0.03550001420080662,0.5008333623409271,3,0.4653333481401205
173850,-0.036999997682869434,0.5036666790644327,3,0.4666666813815633
173863,-0.029807357397675094,0.4868073708385225,2,0.4570000134408474
173864,-0.06499998830258846,0.5160000026226044,2,0.4510000143200159
173870,-0.0560000017285347,0.5080000162124634,1,0.4520000144839287
173871,-0.051749991718679667,0.5065000057220459,2,0.45475001400336623
173877,-0.04616668137411276,0.4931666950384776,3,0.4470000136643648
173898,-0.049500007182359695,0.5091666877269745,3,0.4596666805446148
173934,-0.05150000378489494,0.5125000178813934,1,0.4610000140964985
173938,-0.04300002008676529,0.47200003266334534,1,0.42900001257658005
173940,-0.04300002008676529,0.47200003266334534,1,0.42900001257658005
173947,-0.07150002056732774,0.526250034570694,2,0.45475001400336623
173960,-0.029807357397675094,0.4868073708385225,1,0.4570000134408474
174030,-0.05050001386553049,0.5140000283718109,6,0.4635000145062804
174045,-0.04910000562667847,0.510500019788742,5,0.46140001416206355
174057,-0.06578571256250143,0.5195714405604771,7,0.4537857279979757
174069,-0.05150000378489494,0.5125000178813934,3,0.4610000140964985
174080,-0.04300002008676529,0.47200003266334534,1,0.42900001257658005
174083,-0.04300002008676529,0.47200003266334534,1,0.42900001257658005
174086,-0.04300002008676529,0.47200003266334534,2,0.42900001257658005
174088,-0.04300002008676529,0.47200003266334534,1,0.42900001257658005
174096,-0.03640368874222019,0.47940370175093394,2,0.4430000130087137
174101,-0.07200001645833254,0.518500030040741,1,0.44650001358240843
174114,-0.03170490438789101,0.49087158485054944,3,0.4591666804626584
174115,-0.06533332293232282,0.5166666706403097,3,0.4513333477079869
174125,-0.033000004943460226,0.49275001883506775,2,0.4597500138916075
174127,-0.030500011518597603,0.4865000247955322,2,0.4560000132769346
174142,-0.030500011518597603,0.4865000247955322,1,0.4560000132769346
174143,-0.03899999661371112,0.4957500100135803,4,0.4567500133998692
174146,-0.06599999219179153,0.5180000066757202,2,0.4520000144839287
174150,-0.0662500155158341,0.518500030040741,2,0.4522500145249069
174157,-0.07599998638033867,0.5370000004768372,2,0.4610000140964985
174158,-0.047499981708824635,0.5049999952316284,2,0.4575000135228038
174163,-0.0560000017285347,0.5080000162124634,1,0.4520000144839287
174166,-0.06650003883987665,0.5190000534057617,2,0.45250001456588507
174171,-0.06762503902427852,0.5190000534057617,4,0.4513750143814832
174172,-0.07200001645833254,0.518500030040741,1,0.44650001358240843
174173,-0.06933332482973735,0.5273333390553793,3,0.4580000142256419
174182,-0.07100002653896809,0.5200000405311584,2,0.44900001399219036
174185,-0.06650002021342516,0.5412500351667404,2,0.47475001495331526
174187,-0.07100003957748413,0.5190000534057617,1,0.4480000138282776
174188,-0.07012501824647188,0.5310000330209732,4,0.4608750147745013
174189,-0.06800000835210085,0.5145000219345093,1,0.44650001358240843
174190,-0.07100003957748413,0.5190000534057617,2,0.4480000138282776
174192,-0.06800000835210085,0.5145000219345093,1,0.44650001358240843
174193,-0.07333333976566792,0.5246666868527731,3,0.45133334708710515
174194,-0.06650002300739288,0.5295000374317169,2,0.46300001442432404
174195,-0.06800000835210085,0.5145000219345093,2,0.44650001358240843
174196,-0.07100003957748413,0.5190000534057617,1,0.4480000138282776
174197,-0.07100003957748413,0.5190000534057617,1,0.4480000138282776
174198,-0.06925001950003207,0.5228750333189964,4,0.45362501381896436
174199,-0.07175001897849143,0.5188750326633453,4,0.4471250136848539
174201,-0.06650001741945744,0.5530000329017639,3,0.4865000154823065
174202,-0.07100003957748413,0.5190000534057617,2,0.4480000138282776
174203,-0.06950002396479249,0.5167500376701355,2,0.447250013705343
174204,-0.06800000835210085,0.5145000219345093,1,0.44650001358240843
174205,-0.07466667207578818,0.534000019232432,3,0.4593333471566438
174212,-0.03900001011788845,0.47850002348423004,2,0.4395000133663416
174213,-0.03900001123547554,0.4791000247001648,5,0.44010001346468924
174216,-0.052000016905367374,0.523000031709671,1,0.47100001480430365
174224,-0.03699999488890171,0.49000000953674316,1,0.45300001464784145
174225,-0.03750001018246015,0.47733335693677265,3,0.4398333467543125
174230,-0.03900001011788845,0.47850002348423004,2,0.4395000133663416
174235,-0.04050000384449959,0.4828333506981532,3,0.4423333468536536
174244,-0.03900001011788845,0.47850002348423004,1,0.4395000133663416
174245,-0.036750010214746,0.476750023663044,2,0.440000013448298
174246,-0.03900001011788845,0.47850002348423004,1,0.4395000133663416
174247,-0.03900001011788845,0.47850002348423004,1,0.4395000133663416
174248,-0.036000010247031845,0.4761666903893153,3,0.44016668014228344
174249,-0.03900001011788845,0.47850002348423004,1,0.4395000133663416
174262,-0.04175000358372927,0.48650001734495163,2,0.44475001376122236
174263,-0.04000001214444637,0.47950002551078796,1,0.4395000133663416
174268,-0.0410000029951334,0.48250001668930054,3,0.44150001369416714
174274,-0.036750010214746,0.476750023663044,2,0.440000013448298
174276,-0.03900001011788845,0.47850002348423004,1,0.4395000133663416
174277,-0.03900001011788845,0.47850002348423004,1,0.4395000133663416
174289,-0.03900001011788845,0.47850002348423004,1,0.4395000133663416
174290,-0.03900001011788845,0.47850002348423004,1,0.4395000133663416
174291,-0.03900001011788845,0.47850002348423004,2,0.4395000133663416
174292,-0.04050000508626302,0.4858333518107732,3,0.4453333467245102
174294,-0.03699999488890171,0.49000000953674316,2,0.45300001464784145
174296,-0.03900001011788845,0.47850002348423004,1,0.4395000133663416
174297,-0.03900001011788845,0.47850002348423004,1,0.4395000133663416
174298,-0.03900001011788845,0.47850002348423004,1,0.4395000133663416
174299,-0.03737499937415123,0.4893750138580799,4,0.4520000144839287
174301,-0.03900001011788845,0.47850002348423004,2,0.4395000133663416
174302,-0.03900001011788845,0.47850002348423004,2,0.4395000133663416
174303,-0.03900001011788845,0.47850002348423004,2,0.4395000133663416
174304,-0.03900001011788845,0.47850002348423004,2,0.4395000133663416
174306,-0.03900001011788845,0.47850002348423004,2,0.4395000133663416
174308,-0.03900001011788845,0.47850002348423004,1,0.4395000133663416
174310,-0.03900001011788845,0.47850002348423004,1,0.4395000133663416
174311,-0.03900001011788845,0.47850002348423004,1,0.4395000133663416
174312,-0.03900001011788845,0.47850002348423004,2,0.4395000133663416
174313,-0.03966667503118515,0.4801666885614395,3,0.44050001353025436
174314,-0.03900001011788845,0.47850002348423004,2,0.4395000133663416
174315,-0.03900001011788845,0.47850002348423004,1,0.4395000133663416
174317,-0.03900001011788845,0.47850002348423004,1,0.4395000133663416
174318,-0.03900001011788845,0.47850002348423004,1,0.4395000133663416
174319,-0.03900001011788845,0.47850002348423004,2,0.4395000133663416
174321,-0.03900001011788845,0.47850002348423004,1,0.4395000133663416
174324,-0.03900001011788845,0.47850002348423004,1,0.4395000133663416
174325,-0.03900001011788845,0.47850002348423004,1,0.4395000133663416
174329,-0.042660742682032245,0.48832145652600695,14,0.4456607138439747
174337,-0.04000001214444637,0.47950002551078796,2,0.4395000133663416
174341,-0.03900001011788845,0.47850002348423004,1,0.4395000133663416
174342,-0.03900001011788845,0.47850002348423004,1,0.4395000133663416
174343,-0.03900001011788845,0.47850002348423004,1,0.4395000133663416
174345,-0.03900001011788845,0.47850002348423004,2,0.4395000133663416
174349,-0.03900001058354974,0.4787500239908695,4,0.4397500134073198
174352,-0.0410000029951334,0.48250001668930054,1,0.44150001369416714
174354,-0.03900001011788845,0.47850002348423004,1,0.4395000133663416
174355,-0.03975001163780689,0.4792500250041485,4,0.4395000133663416
174363,-0.03900001011788845,0.47850002348423004,1,0.4395000133663416
174368,-0.041000004236896835,0.4855000178019206,3,0.4445000135650238
174370,-0.03955001123249531,0.47980002462863924,10,0.44025001339614395
174375,-0.042500004172325134,0.4905000180006027,1,0.4480000138282776
174376,-0.040833343441287674,0.4821666901310285,6,0.4413333466897408
174377,-0.04000001214444637,0.47950002551078796,1,0.4395000133663416
174378,-0.04175000358372927,0.48650001734495163,2,0.44475001376122236
174381,-0.039375008549541235,0.4852500222623348,4,0.4458750137127936
174385,-0.04025000426918268,0.4830000177025795,2,0.4427500134333968
174386,-0.0410000029951334,0.48250001668930054,2,0.44150001369416714
174387,-0.04075001273304224,0.481750026345253,4,0.44100001361221075
174390,-0.0410000029951334,0.48250001668930054,1,0.44150001369416714
174395,-0.0410000029951334,0.48250001668930054,2,0.44150001369416714
174397,-0.04200001247227192,0.48750002682209015,1,0.44550001434981823
174398,-0.04200001247227192,0.48750002682209015,2,0.44550001434981823
174402,-0.0410000029951334,0.48250001668930054,1,0.44150001369416714
174404,-0.0410000029951334,0.48250001668930054,1,0.44150001369416714
174406,-0.04200001247227192,0.48750002682209015,4,0.44550001434981823
174408,-0.04050002247095108,0.48100003600120544,5,0.44050001353025436
174409,-0.04075001273304224,0.481750026345253,2,0.44100001361221075
174411,-0.042196251761512774,0.4887212909999489,10,0.4465250392384361
174414,-0.04066668264567852,0.4815000295639038,3,0.4408333469182253
174415,-0.0410000029951334,0.48250001668930054,2,0.44150001369416714
174418,-0.0410000029951334,0.48250001668930054,1,0.44150001369416714
174419,-0.04075001273304224,0.481750026345253,2,0.44100001361221075
174420,-0.0410000029951334,0.48250001668930054,3,0.44150001369416714
174421,-0.0410000029951334,0.48250001668930054,3,0.44150001369416714
174422,-0.04200001247227192,0.48750002682209015,1,0.44550001434981823
174423,-0.04066668264567852,0.4815000295639038,3,0.4408333469182253
174425,-0.04087500786408782,0.48212502151727676,4,0.44125001365318894
174428,-0.04050002247095108,0.48100003600120544,3,0.44050001353025436
174432,-0.043124891381943586,0.49125003069639206,2,0.4481251393144485
174433,-0.04422226509690381,0.49283335937394035,9,0.44861109427703655
174434,-0.04712502472816266,0.5001875199377537,8,0.453062495209591
174501,-0.015500005334615707,0.5215000212192535,4,0.5060000158846378
174505,-0.010500011965632439,0.45750002562999725,1,0.4470000136643648
174508,-0.015000005392357707,0.4920500203967094,10,0.47705001500435174
174528,-0.010500011965632439,0.45750002562999725,2,0.4470000136643648
174577,-0.014166672714054585,0.47950002054373425,3,0.46533334782967967
174653,-0.00299999862909317,0.4620000123977661,3,0.45900001376867294
174657,-0.015249998774379492,0.5127500146627426,2,0.4975000158883631
174733,-0.007999984547495842,0.5,3,0.49200001545250416
174735,-0.008749996777623892,0.49675001204013824,2,0.48800001526251435
174834,-0.007999984547495842,0.5,1,0.49200001545250416
174906,-0.011749994941055775,0.5107500106096268,2,0.499000015668571
174972,-0.015500005334615707,0.5215000212192535,2,0.5060000158846378
175048,-0.016000003088265657,0.4905000180006027,1,0.47450001491233706
175084,-0.007999984547495842,0.5,1,0.49200001545250416
177900,-0.012000009883195162,0.4865000247955322,4,0.47450001491233706
178296,-0.007500000298023224,0.49650001525878906,2,0.48900001496076584
178494,-0.012000001966953278,0.531000018119812,2,0.5190000161528587
178612,-0.012000001966953278,0.531000018119812,2,0.5190000161528587
178662,-0.01200000592507422,0.5087500214576721,2,0.4967500155325979
179225,-0.014333340028921763,0.48983335494995117,3,0.4755000149210294
180758,-0.020000021904706955,0.5110000371932983,2,0.4910000152885914
180873,-0.02099999412894249,0.5270000100135803,3,0.5060000158846378
180953,-0.020000021904706955,0.5110000371932983,1,0.4910000152885914
181026,-0.0213750209659338,0.513375036418438,4,0.49200001545250416
181067,-0.019750012550503016,0.5082500278949738,2,0.48850001534447074
181068,-0.020000021904706955,0.5110000371932983,1,0.4910000152885914
181236,-0.019500003196299076,0.5055000185966492,1,0.4860000154003501
181311,-0.019999997806735337,0.49900001287460327,1,0.47900001506786793
181358,-0.02450002357363701,0.5155000388622284,1,0.4910000152885914
181386,-0.019833349001904328,0.5091666976610819,3,0.4893333486591776
181460,-0.01850000023841858,0.49650001525878906,3,0.4780000150203705
181577,-0.025500018149614334,0.5205000340938568,3,0.4950000159442425
181593,-0.022999987937510014,0.5090000033378601,2,0.4860000154003501
181680,-0.022999987937510014,0.5090000033378601,1,0.4860000154003501
181755,-0.01967667899262171,0.4870766936957837,5,0.467400014703162
182138,-0.022813901085406634,0.46214724822342407,6,0.4393333471380174
182394,-0.02587489623785949,0.5087500363588333,2,0.4828751401209738
182581,-0.027214220076932433,0.49342859217098783,7,0.4662143720940554
182638,-0.008142859674990177,0.454142872776304,7,0.4460000131013138
182696,0.01769999712705612,0.3992000162601471,5,0.4169000133872032
182742,-0.07921174396635966,0.5566367590205371,20,0.47742501505417745
182790,-0.04271108856201189,0.5002111020848157,1,0.4575000135228038
182818,-0.0428555575840176,0.5008555711887778,2,0.45800001360476017
182863,-0.03987489457451737,0.494500033557415,2,0.45462513898289764
182866,-0.03987489457451737,0.494500033557415,2,0.45462513898289764
182875,-0.02600000984966755,0.4750000238418579,2,0.44900001399219036
182876,-0.019250014796853065,0.4607500284910202,2,0.44150001369416714
182880,-0.01450001634657383,0.45600003004074097,2,0.44150001369416714
182885,-0.01450001634657383,0.45600003004074097,1,0.44150001369416714
182887,-0.01450001634657383,0.45600003004074097,1,0.44150001369416714
182889,-0.019750013947486877,0.4631250277161598,4,0.44337501376867294
182890,-0.018333347514271736,0.46233336130777997,3,0.44400001379350823
182902,-0.026666677246491115,0.47183335820833844,3,0.4451666809618473
182913,-0.028000013902783394,0.47700002789497375,4,0.44900001399219036
182926,-0.030000008642673492,0.4750000238418579,4,0.4450000151991844
182929,-0.030000008642673492,0.4750000238418579,1,0.4450000151991844
182966,-0.03250001557171345,0.48850002884864807,1,0.4560000132769346
182979,-0.03250001557171345,0.48850002884864807,1,0.4560000132769346
182982,-0.03416667847583691,0.4880000253518422,3,0.4538333468760053
182987,-0.04000000189989805,0.49650001525878906,2,0.456500013358891
182997,-0.03337488559284246,0.48125002533197403,2,0.44787513973913157
182998,-0.03625000873580575,0.49250002205371857,2,0.4562500133179128
183005,-0.032249926609452806,0.4791666915019353,3,0.4469167648924825
183020,-0.03674976254301143,0.48750002682209015,2,0.4507502642790787
183041,-0.03674976254301143,0.48750002682209015,1,0.4507502642790787
183051,-0.03674976254301143,0.48750002682209015,1,0.4507502642790787
183053,-0.04000000189989805,0.49650001525878906,2,0.456500013358891
183054,-0.03674976254301143,0.48750002682209015,2,0.4507502642790787
183064,-0.03674976254301143,0.48750002682209015,1,0.4507502642790787
183065,-0.027601596252407372,0.47567303866382155,7,0.44807144241141417
183073,-0.03674976254301143,0.48750002682209015,1,0.4507502642790787
183075,-0.03674976254301143,0.48750002682209015,1,0.4507502642790787
183076,-0.03674976254301143,0.48750002682209015,1,0.4507502642790787
183089,-0.03674976254301143,0.48750002682209015,1,0.4507502642790787
183091,-0.03987489457451737,0.494500033557415,2,0.45462513898289764
183094,-0.04290371392468617,0.5010703942234318,3,0.45816668029874563
183095,-0.0428555575840176,0.5008555711887778,2,0.45800001360476017
183098,-0.041807393007973946,0.4989740731428068,3,0.45716668013483286
183099,-0.04271108856201189,0.5002111020848157,2,0.4575000135228038
183171,0.003999990411102772,0.4634000241756439,5,0.4674000145867467
183172,0.009444440611534648,0.4584444628821479,9,0.46788890349368256
183173,0.0036666632319490113,0.4623333513736725,3,0.4660000146056215
183176,0.011833336514731249,0.4566666781902313,3,0.46850001470496255
183185,0.007333326463898023,0.4566666881243388,3,0.4640000145882368
183358,-0.05658866799727076,0.5135386814299225,10,0.4569500134326518
183383,-0.05549999792128801,0.5130000114440918,1,0.4575000135228038
183397,-0.05500000761821866,0.5122500211000443,2,0.4572500134818256
183400,-0.05500000761821866,0.5122500211000443,2,0.4572500134818256
183401,-0.055875003105029464,0.5137500166893005,4,0.4578750135842711
183406,0.32350001484155655,0.2005000039935112,1,0.5240000188350677
183407,0.33587500639259815,0.19262501038610935,4,0.5285000167787075
183412,-0.006333339545461867,0.4006666839122772,9,0.39433334436681533
183413,0.03499997158845266,-0.20266667505105337,3,-0.1676667034626007
183414,0.03779996931552887,-0.22120001018047333,5,-0.18340004086494446
183415,0.01692857007895197,0.018857143287147795,7,0.035785713366099765
183416,0.050931695405989894,-0.3560317131920159,10,-0.30510001778602597
183418,0.0023999959230422974,0.2598000138998032,5,0.26220000982284547
183419,0.06265845052575077,-0.333658478182306,6,-0.27100002765655523
183423,0.01149999350309372,0.1290000006556511,2,0.1404999941587448
183431,0.017499993244806927,0.027833332618077595,3,0.04533332586288452
183432,0.019999995206793148,-0.030750000849366188,6,-0.01075000564257304
183433,0.0034999996423721313,0.22300000488758087,2,0.226500004529953
183450,0.0431646093780175,-0.2889146268421784,8,-0.2457500174641609
183458,9.999871253967285e-05,0.28630000352859497,5,0.28640000224113465
183477,0.0004999879747629166,0.33275002241134644,4,0.33325001038610935
183570,0.006999999284744263,0.19200000166893005,1,0.19900000095367432
183585,0.012749999761581421,0.10000000149011612,4,0.11275000125169754
183660,0.0022999972105026247,0.23770001232624055,5,0.24000000953674316
183682,-0.004833335677782695,0.37316668033599854,3,0.3683333446582158
186531,-0.011250013019889593,0.4787500277161598,2,0.4675000146962702
186533,-0.013500004075467587,0.48350001871585846,1,0.4700000146403909
186534,-0.013500004075467587,0.48350001871585846,1,0.4700000146403909
186536,-0.013500004075467587,0.48350001871585846,2,0.4700000146403909
186550,-0.013500004075467587,0.48350001871585846,1,0.4700000146403909
186552,-0.044500007294118404,0.4960000216960907,3,0.4515000144019723
186553,-0.051250021904706955,0.5122500360012054,4,0.4610000140964985
186554,-0.044500000309199095,0.49775001406669617,2,0.45325001375749707
186555,-0.05050000883638859,0.5121000230312347,5,0.4616000141948461
186556,-0.04299999866634607,0.4950000122189522,2,0.4520000135526061
186557,-0.04150000400841236,0.4905000180006027,2,0.44900001399219036
186559,-0.04150000400841236,0.4905000180006027,2,0.44900001399219036
186560,-0.03750000149011612,0.48250001668930054,1,0.4450000151991844
186561,-0.05050002969801426,0.5105000436306,1,0.4600000139325857
186562,-0.04750001849606633,0.5032500326633453,2,0.455750014167279
186563,-0.04349999688565731,0.49650001029173535,3,0.45300001340607804
186564,-0.04810002073645592,0.5047000348567963,5,0.45660001412034035
186565,-0.044500007294118404,0.4960000216960907,2,0.4515000144019723
186566,-0.04412499791942537,0.5020000115036964,4,0.4578750135842711
186567,-0.04283333010971546,0.49650001029173535,3,0.4536666801820199
186568,-0.04150000400841236,0.4905000180006027,2,0.44900001399219036
186569,-0.04349999316036701,0.49950000643730164,1,0.4560000132769346
186570,-0.04349999316036701,0.49950000643730164,2,0.4560000132769346
186571,-0.04691666535412272,0.510166679819425,6,0.4632500144653023
186572,-0.04549999029508659,0.5069285758904049,7,0.46142858559531824
186934,-0.04300003033131361,0.51500004529953,3,0.4720000149682164
186936,-0.04000002145767212,0.49500003457069397,1,0.45500001311302185
186959,-0.04000002145767212,0.49500003457069397,3,0.45500001311302185
186961,-0.0404000211507082,0.4964000344276428,5,0.4560000132769346
186962,-0.04110002024099231,0.4997000336647034,5,0.4586000134237111
186970,-0.047357143834233284,0.509428586278643,7,0.4620714424444097
186976,-0.04800001624971628,0.5115000307559967,1,0.4635000145062804
186978,-0.048625011928379536,0.513000026345253,4,0.46437501441687346
186980,-0.04800001624971628,0.5115000307559967,2,0.4635000145062804
187084,-0.04300003033131361,0.51500004529953,3,0.4720000149682164
187085,-0.03800001181662083,0.49800002574920654,3,0.4600000139325857
187430,-0.042000019922852516,0.5020000338554382,1,0.4600000139325857
187586,-0.04550001863390207,0.5075000325838724,3,0.46200001394997037
187597,-0.03900001663714647,0.49650003015995026,2,0.4575000135228038
187598,-0.04300003033131361,0.51500004529953,4,0.4720000149682164
187601,-0.03850001422688365,0.4972500279545784,4,0.45875001372769475
187668,-0.04300003033131361,0.51500004529953,3,0.4720000149682164
187683,-0.04000002145767212,0.49500003457069397,1,0.45500001311302185
187746,-0.039333351577321686,0.4960000316301982,3,0.4566666800528765
187799,-0.04450001986697316,0.5081667006015778,3,0.4636666807346046
187967,-0.04000002145767212,0.49500003457069397,3,0.45500001311302185
187971,-0.04000002145767212,0.49500003457069397,3,0.45500001311302185
187986,-0.04800001624971628,0.5115000307559967,1,0.4635000145062804
188076,-0.04800001624971628,0.5115000307559967,1,0.4635000145062804
188145,-0.042000019922852516,0.5020000338554382,1,0.4600000139325857
188263,-0.044125016895122826,0.5126250311732292,4,0.4685000142781064
188270,-0.04475001967512071,0.5112500339746475,2,0.4665000142995268
188600,-0.04700001701712608,0.5130000313123068,3,0.4660000142951807
190331,-0.023000003769993782,0.468500018119812,1,0.44550001434981823
190616,-0.02475000498816371,0.47075001895427704,2,0.44600001396611333
191635,-0.026500006206333637,0.47300001978874207,2,0.44650001358240843
192114,-0.026500006206333637,0.47300001978874207,1,0.44650001358240843
192202,-0.026500006206333637,0.47300001978874207,1,0.44650001358240843
192638,-0.026500006206333637,0.47300001978874207,1,0.44650001358240843
192807,-0.026500006206333637,0.47300001978874207,1,0.44650001358240843
192861,-0.026500006206333637,0.47300001978874207,6,0.44650001358240843
192990,-0.02475000498816371,0.47075001895427704,2,0.44600001396611333
193086,-0.02475000498816371,0.47075001895427704,2,0.44600001396611333
193146,-0.026500006206333637,0.47300001978874207,1,0.44650001358240843
193177,-0.026500006206333637,0.47300001978874207,1,0.44650001358240843
193388,-0.030916678719222546,0.4804166927933693,6,0.44950001407414675
193666,-0.026500006206333637,0.47300001978874207,1,0.44650001358240843
193778,-0.02475000498816371,0.47075001895427704,2,0.44600001396611333
193788,-0.034000011160969734,0.4830000251531601,2,0.44900001399219036
193803,-0.0337235994956358,0.48615791609412745,19,0.45243431659849165
193804,-0.03449988228478468,0.48387502133846283,4,0.44937513905367815
193807,-0.032249745972920185,0.4830000102519989,3,0.4507502642790787
193834,-0.03791667924573024,0.4867500265439351,6,0.4488333472982049
193837,-0.02475000498816371,0.47075001895427704,2,0.44600001396611333
193862,-0.028083343679706257,0.47575002412001294,6,0.44766668044030666
193895,-0.026500006206333637,0.47300001978874207,2,0.44650001358240843
193946,-0.02475000498816371,0.47075001895427704,2,0.44600001396611333
194022,-0.031500015407800674,0.4815000295639038,1,0.45000001415610313
194052,-0.026500006206333637,0.47300001978874207,1,0.44650001358240843
194101,-0.026500006206333637,0.47300001978874207,1,0.44650001358240843
194131,-0.026500006206333637,0.47300001978874207,1,0.44650001358240843
194141,-0.026500006206333637,0.47300001978874207,1,0.44650001358240843
194172,-0.026500006206333637,0.47300001978874207,1,0.44650001358240843
194181,-0.026500006206333637,0.47300001978874207,1,0.44650001358240843
194220,-0.028250078699225467,0.4755000174045563,2,0.4472499387053308
194251,-0.026500006206333637,0.47300001978874207,1,0.44650001358240843
194257,-0.026500006206333637,0.47300001978874207,2,0.44650001358240843
194289,-0.026500006206333637,0.47300001978874207,1,0.44650001358240843
194290,-0.02475000498816371,0.47075001895427704,2,0.44600001396611333
194317,-0.02475000498816371,0.47075001895427704,2,0.44600001396611333
194322,-0.026500006206333637,0.47300001978874207,1,0.44650001358240843
194330,-0.026500006206333637,0.47300001978874207,1,0.44650001358240843
194425,-0.026500006206333637,0.47300001978874207,1,0.44650001358240843
194434,-0.02475000498816371,0.47075001895427704,2,0.44600001396611333
194463,-0.023000003769993782,0.468500018119812,2,0.44550001434981823
194536,-0.023000003769993782,0.468500018119812,4,0.44550001434981823
194612,-0.032500009052455425,0.48900002241134644,1,0.456500013358891
194633,-0.032249745972920185,0.4830000102519989,1,0.4507502642790787
194676,-0.028250078699225467,0.4755000174045563,1,0.4472499387053308
194681,-0.025625041234609625,0.47200001776218414,2,0.4463749765275745
194682,-0.025625041234609625,0.47200001776218414,2,0.4463749765275745
194692,-0.03112501185387373,0.4806250259280205,4,0.44950001407414675
194698,-0.028250078699225467,0.4755000174045563,2,0.4472499387053308
194701,-0.028250078699225467,0.4755000174045563,3,0.4472499387053308
194725,-0.041250013280659914,0.49150002747774124,2,0.4502500141970813
194734,-0.025625041234609625,0.47200001776218414,2,0.4463749765275745
194740,-0.028250078699225467,0.4755000174045563,1,0.4472499387053308
194744,-0.030750008299946785,0.47975002229213715,2,0.44900001399219036
194749,-0.028250078699225467,0.4755000174045563,2,0.4472499387053308
194751,-0.030750008299946785,0.47975002229213715,4,0.44900001399219036
194754,-0.030000001192092896,0.4780000150203705,2,0.4480000138282776
194755,-0.031500015407800674,0.4815000295639038,3,0.45000001415610313
194758,-0.030000001192092896,0.4780000150203705,2,0.4480000138282776
194759,-0.028250078699225467,0.4755000174045563,1,0.4472499387053308
194760,-0.030000001192092896,0.4780000150203705,2,0.4480000138282776
194761,-0.030750008299946785,0.47975002229213715,2,0.44900001399219036
194763,-0.0311250449300976,0.4792500212788582,2,0.4481249763487606
194765,-0.0311250449300976,0.4792500212788582,2,0.4481249763487606
194785,-0.031500015407800674,0.4815000295639038,2,0.45000001415610313
194793,-0.031500015407800674,0.4815000295639038,1,0.45000001415610313
194808,-0.031500015407800674,0.4815000295639038,1,0.45000001415610313
194809,-0.031500015407800674,0.4815000295639038,1,0.45000001415610313
194820,-0.031500015407800674,0.4815000295639038,1,0.45000001415610313
194827,-0.03125001024454832,0.4842500239610672,2,0.4530000137165189
194840,-0.03125001024454832,0.4842500239610672,2,0.4530000137165189
194854,-0.031750007066875696,0.4880000203847885,2,0.4562500133179128
194855,-0.031750007066875696,0.4880000203847885,2,0.4562500133179128
194874,-0.037500012665987015,0.48750002682209015,1,0.45000001415610313
194879,-0.037500012665987015,0.48750002682209015,2,0.45000001415610313
194907,-0.0417500133626163,0.49150002747774124,2,0.44975001411512494
195032,-0.03618744599272031,0.48637502267956734,4,0.45018757668684706
195049,-0.037500012665987015,0.48750002682209015,1,0.45000001415610313
195056,-0.037500012665987015,0.48750002682209015,1,0.45000001415610313
195074,-0.03700001072138548,0.4865000247955322,2,0.44950001407414675
195103,-0.03300000447779894,0.4905000180006027,1,0.4575000135228038
195110,-0.037500012665987015,0.48750002682209015,2,0.45000001415610313
195111,-0.037500012665987015,0.48750002682209015,2,0.45000001415610313
195113,-0.037500012665987015,0.48750002682209015,2,0.45000001415610313
195140,-0.032249745972920185,0.4830000102519989,1,0.4507502642790787
195162,-0.032249745972920185,0.4830000102519989,3,0.4507502642790787
195166,-0.0368333434065183,0.48616669078667957,3,0.4493333473801613
195168,-0.03675000974908471,0.48600002378225327,4,0.44925001403316855
195205,-0.032249745972920185,0.4830000102519989,1,0.4507502642790787
195206,-0.032249745972920185,0.4830000102519989,1,0.4507502642790787
195210,-0.032249745972920185,0.4830000102519989,1,0.4507502642790787
195218,-0.03274991830950602,0.4880000154177348,3,0.4552500971082288
195224,-0.032249745972920185,0.4830000102519989,5,0.4507502642790787
195226,-0.03300000447779894,0.4905000180006027,2,0.4575000135228038
195232,-0.03300000447779894,0.4905000180006027,2,0.4575000135228038
195263,-0.03274991830950602,0.4880000154177348,3,0.4552500971082288
195273,-0.032249745972920185,0.4830000102519989,1,0.4507502642790787
195311,-0.032249745972920185,0.4830000102519989,1,0.4507502642790787
195337,-0.032999751218128925,0.48375001549720764,2,0.4507502642790787
195405,-0.03650001320056617,0.48443752713501453,8,0.44793751393444836
195474,-0.04300001170486212,0.4945000261068344,1,0.4515000144019723
195577,-0.03950001485645771,0.48850002884864807,1,0.44900001399219036
195581,-0.041250013280659914,0.49150002747774124,2,0.4502500141970813
195604,-0.04300001170486212,0.4945000261068344,1,0.4515000144019723
195613,-0.03950001485645771,0.48850002884864807,1,0.44900001399219036
195665,-0.04489690528859699,0.5138969197650751,3,0.46900001447647816
195667,-0.04534535292983061,0.5148453674882651,2,0.46950001455843454
195680,-0.04400001000612974,0.5120000243186951,2,0.4680000143125653
195681,-0.04850000701844692,0.5445000231266022,1,0.49600001610815525
195684,-0.04900001548230648,0.5546666979789734,3,0.5056666824966669
195689,-0.06917621264345958,0.5311762269038709,4,0.4620000142604113
195694,-0.06831826811805386,0.5254016155267757,6,0.4570833474087218
195699,-0.06820473816692885,0.5257047516897326,1,0.4575000135228038
195705,-0.020666678125659626,0.47800002495447796,3,0.4573333468288183
195711,-0.01799999875947833,0.492000013589859,1,0.4740000148303807
195712,-0.018000011797994375,0.4910000264644623,2,0.4730000146664679
195714,-0.017125000173109584,0.49650001525878906,8,0.4793750150856795
195716,-0.018000011797994375,0.4910000264644623,1,0.4730000146664679
195723,-0.01760000064969063,0.4900000154972076,5,0.472400014847517
195730,-0.016000015544705093,0.4930000305175781,2,0.47700001497287303
195754,-0.020000006382664044,0.4830000201861064,3,0.46300001380344236
195756,-0.02000001072883606,0.4750000238418579,1,0.45500001311302185
195759,-0.016750014139688574,0.4922500289976597,8,0.4755000148579711
195763,-0.0186666672428449,0.49033334851264954,3,0.47166668126980466
195778,-0.016000015544705093,0.4930000305175781,3,0.47700001497287303
195784,-0.016000015544705093,0.4930000305175781,3,0.47700001497287303
195786,-0.016000015544705093,0.4930000305175781,2,0.47700001497287303
195857,-0.01950000284705311,0.4882500171661377,4,0.4687500143190846
195861,-0.021600015088915826,0.48200002908706663,5,0.4604000139981508
195986,0.012500005308538675,0.4495000094175339,2,0.46200001472607255
196006,0.01800000574439764,0.453000009059906,1,0.47100001480430365
196066,0.026999989058822393,0.4540000259876251,1,0.4810000150464475
196068,0.01849998813122511,0.450500026345253,1,0.4690000144764781
196071,0.026999989058822393,0.4540000259876251,1,0.4810000150464475
196077,0.014333326059083143,0.454333355029424,3,0.4686666810885072
196083,0.011499986052513123,0.44350002706050873,1,0.45500001311302185
196085,0.011499986052513123,0.44350002706050873,1,0.45500001311302185
196095,0.021166660978148382,0.45250002046426135,3,0.47366668144240975
196096,0.01849998813122511,0.450500026345253,1,0.4690000144764781
196107,0.01800000574439764,0.453000009059906,1,0.47100001480430365
196115,0.01800000574439764,0.453000009059906,1,0.47100001480430365
196117,0.01800000574439764,0.453000009059906,2,0.47100001480430365
196118,0.01800000574439764,0.453000009059906,2,0.47100001480430365
196119,0.01800000574439764,0.453000009059906,2,0.47100001480430365
196120,0.01800000574439764,0.453000009059906,2,0.47100001480430365
196168,0.011499986052513123,0.44350002706050873,1,0.45500001311302185
196169,0.009249995462596416,0.44475001841783524,2,0.45400001388043165
196170,0.009249995462596416,0.44475001841783524,2,0.45400001388043165
196174,0.00700000487267971,0.44600000977516174,1,0.45300001464784145
196175,0.011499986052513123,0.44350002706050873,2,0.45500001311302185
196195,0.01800000574439764,0.453000009059906,1,0.47100001480430365
196197,0.01800000574439764,0.453000009059906,2,0.47100001480430365
196202,0.01800000574439764,0.453000009059906,1,0.47100001480430365
196203,0.01800000574439764,0.453000009059906,1,0.47100001480430365
196204,0.01800000574439764,0.453000009059906,1,0.47100001480430365
196206,0.01800000574439764,0.453000009059906,2,0.47100001480430365
196207,0.01800000574439764,0.453000009059906,2,0.47100001480430365
196208,0.01800000574439764,0.453000009059906,1,0.47100001480430365
196210,0.01800000574439764,0.453000009059906,2,0.47100001480430365
196212,0.01800000574439764,0.453000009059906,1,0.47100001480430365
196213,0.01800000574439764,0.453000009059906,1,0.47100001480430365
196215,0.01800000574439764,0.453000009059906,2,0.47100001480430365
196216,0.022499997401610017,0.45350001752376556,2,0.4760000149253756
196217,0.01800000574439764,0.453000009059906,2,0.47100001480430365
196218,0.01800000574439764,0.453000009059906,1,0.47100001480430365
196219,0.01800000574439764,0.453000009059906,1,0.47100001480430365
196220,0.01800000574439764,0.453000009059906,1,0.47100001480430365
196223,0.011499986052513123,0.44350002706050873,2,0.45500001311302185
196251,-0.016750016016885638,0.49125003069639206,2,0.4745000146795064
196254,-0.01825000939425081,0.49925002455711365,2,0.48100001516286284
196260,0.006000001914799213,0.4620000123977661,2,0.4680000143125653
196261,0.006000001914799213,0.4620000123977661,3,0.4680000143125653
196263,0.012249995023012161,0.45625001937150955,4,0.4685000143945217
196264,0.006000001914799213,0.4620000123977661,1,0.4680000143125653
196268,0.006624999456107616,0.4642500150948763,8,0.4708750145509839
196296,0.011499986052513123,0.44350002706050873,2,0.45500001311302185
196300,0.011499986052513123,0.44350002706050873,2,0.45500001311302185
196301,0.011499986052513123,0.44350002706050873,1,0.45500001311302185
196303,0.011499986052513123,0.44350002706050873,1,0.45500001311302185
196305,0.011499986052513123,0.44350002706050873,1,0.45500001311302185
196307,0.01800000574439764,0.453000009059906,1,0.47100001480430365
196308,0.01800000574439764,0.453000009059906,1,0.47100001480430365
196309,0.01800000574439764,0.453000009059906,1,0.47100001480430365
196310,0.01800000574439764,0.453000009059906,1,0.47100001480430365
196311,0.01800000574439764,0.453000009059906,1,0.47100001480430365
196314,0.01800000574439764,0.453000009059906,1,0.47100001480430365
196315,0.01800000574439764,0.453000009059906,1,0.47100001480430365
196316,0.01800000574439764,0.453000009059906,1,0.47100001480430365
196317,0.01800000574439764,0.453000009059906,1,0.47100001480430365
196318,0.01800000574439764,0.453000009059906,2,0.47100001480430365
196323,0.01800000574439764,0.453000009059906,2,0.47100001480430365
196327,0.01800000574439764,0.453000009059906,2,0.47100001480430365
196347,0.01800000574439764,0.453000009059906,2,0.47100001480430365
196359,0.011499986052513123,0.44350002706050873,1,0.45500001311302185
196360,0.011499986052513123,0.44350002706050873,1,0.45500001311302185
196374,0.011499986052513123,0.44350002706050873,1,0.45500001311302185
196377,0.011499986052513123,0.44350002706050873,2,0.45500001311302185
196393,0.011499986052513123,0.44350002706050873,3,0.45500001311302185
196398,0.011499986052513123,0.44350002706050873,1,0.45500001311302185
196456,0.018166666540006798,0.452166681488355,3,0.4703333480283618
196457,0.01800000574439764,0.453000009059906,2,0.47100001480430365
196463,0.01800000574439764,0.453000009059906,1,0.47100001480430365
196465,0.01800000574439764,0.453000009059906,1,0.47100001480430365
196473,0.018249996937811375,0.4517500177025795,2,0.4700000146403909
196479,0.01849998813122511,0.450500026345253,1,0.4690000144764781
196482,0.007666657096706331,0.4630000243584315,3,0.47066668145513785
196603,-0.0020000169752165675,0.4790000319480896,1,0.47700001497287303
196655,-0.0020000169752165675,0.4790000319480896,1,0.47700001497287303
196659,-0.0020000169752165675,0.4790000319480896,1,0.47700001497287303
196666,-0.017000013031065464,0.4805000275373459,4,0.4635000145062804
196671,-0.017928578358675753,0.47621430669512066,7,0.45828572833644493
196708,-0.0020000169752165675,0.4790000319480896,1,0.47700001497287303
196713,-0.0020000169752165675,0.4790000319480896,1,0.47700001497287303
196714,-0.0020000169752165675,0.4790000319480896,3,0.47700001497287303
196719,-0.0020000169752165675,0.4790000319480896,1,0.47700001497287303
196720,-0.009499999694526196,0.49650001525878906,1,0.48700001556426287
196722,-0.007083336648065597,0.4989166855812073,6,0.4918333489331417
196724,-0.0020000169752165675,0.4790000319480896,1,0.47700001497287303
196764,-0.006500006653368473,0.4660000205039978,2,0.45950001385062933
196766,-0.006333338717619578,0.46533335248629254,3,0.45900001376867294
196767,-0.006500006653368473,0.4660000205039978,2,0.45950001385062933
196768,-0.006000002846121788,0.46400001645088196,2,0.45800001360476017
196836,-0.009499999694526196,0.49650001525878906,2,0.48700001556426287
196845,-0.011999998862544695,0.47966668009757996,3,0.46766668123503524
196848,-0.009499999694526196,0.49650001525878906,1,0.48700001556426287
196855,0.01800000574439764,0.453000009059906,1,0.47100001480430365
196856,-0.017000002476076286,0.4575000156958898,3,0.44050001321981347
196858,-0.017000007753570873,0.46900002161661786,3,0.452000013863047
196871,-0.02300001122057438,0.5095000267028809,2,0.4865000154823065
196872,-0.02050000918097794,0.5142500251531601,4,0.49375001597218215
196874,-0.01449999213218689,0.5225000083446503,2,0.5080000162124634
196875,-0.014000002760440111,0.5015000179409981,2,0.48750001518055797
196879,-0.013166669212902585,0.48650001734495163,6,0.473333348132049
196882,-0.007500005885958672,0.46950002014636993,2,0.46200001426041126
196885,-0.007000010460615158,0.46800002455711365,1,0.4610000140964985
196895,-0.0070000092188517255,0.4673333565394084,3,0.46033334732055664
196896,-0.0090000219643116,0.4740000367164612,1,0.4650000147521496
196898,-0.007500012405216694,0.46900002658367157,2,0.4615000141784549
196904,-0.049999991431832314,0.5550000071525574,4,0.5050000157207251
196910,-0.051183110804855714,0.5561831265255808,1,0.5050000157207251
202308,0.011499986052513123,0.44350002706050873,1,0.45500001311302185
202352,0.02769998786970973,0.438900026679039,5,0.4666000145487487
202355,0.03999998280778527,0.4350000321865082,1,0.47500001499429345
202390,0.011499986052513123,0.44350002706050873,1,0.45500001311302185
202609,0.011499986052513123,0.44350002706050873,1,0.45500001311302185
202634,0.03999998280778527,0.4350000321865082,1,0.47500001499429345
202640,0.025749984430149198,0.43925002962350845,2,0.46500001405365765
202686,0.03999998280778527,0.4350000321865082,1,0.47500001499429345
202703,0.011499986052513123,0.44350002706050873,1,0.45500001311302185
202724,0.011499986052513123,0.44350002706050873,1,0.45500001311302185
202754,0.03999998280778527,0.4350000321865082,1,0.47500001499429345
202776,0.03999998280778527,0.4350000321865082,1,0.47500001499429345
202780,0.011499986052513123,0.44350002706050873,2,0.45500001311302185
202807,0.03999998280778527,0.4350000321865082,1,0.47500001499429345
202810,0.03999998280778527,0.4350000321865082,3,0.47500001499429345
202826,0.03999998280778527,0.4350000321865082,2,0.47500001499429345
202832,0.009249995462596416,0.44475001841783524,2,0.45400001388043165
202841,0.03999998280778527,0.4350000321865082,1,0.47500001499429345
202844,0.03999998280778527,0.4350000321865082,1,0.47500001499429345
202855,0.03999998280778527,0.4350000321865082,1,0.47500001499429345
202862,0.028999990162750084,0.438666691382726,3,0.4676666815454761
202864,0.03999998280778527,0.4350000321865082,2,0.47500001499429345
202874,0.00700000487267971,0.44600000977516174,1,0.45300001464784145
202876,0.03999998280778527,0.4350000321865082,2,0.47500001499429345
202880,0.03999998280778527,0.4350000321865082,1,0.47500001499429345
202885,0.03999998280778527,0.4350000321865082,1,0.47500001499429345
202886,0.03999998280778527,0.4350000321865082,2,0.47500001499429345
202887,0.03999998280778527,0.4350000321865082,1,0.47500001499429345
202888,0.03999998280778527,0.4350000321865082,1,0.47500001499429345
202889,0.0364999920129776,0.41850002110004425,3,0.45500001311302185
202890,0.03924999386072159,0.41575001925230026,2,0.45500001311302185
202891,0.041999995708465576,0.4130000174045563,1,0.45500001311302185
202892,0.03924998827278614,0.4152500256896019,4,0.45450001396238804
202893,0.04199999198317528,0.4126666883627574,3,0.45466668034593266
202894,0.041999995708465576,0.4130000174045563,3,0.45500001311302185
202895,0.0298695568724171,0.4230652399685072,23,0.4529347968409243
202898,0.03216666976610819,0.36000000933806103,6,0.39216667910416925
202899,0.006000004708766937,0.41600000858306885,1,0.4220000132918358
202907,-0.007750004064291716,0.4892500191926956,2,0.4815000151284039
202909,-0.010500011965632439,0.5025000274181366,1,0.49200001545250416
202913,-0.010500011965632439,0.5025000274181366,1,0.49200001545250416
202916,0.006999987177550793,0.47700002789497375,1,0.48400001507252455
202920,-0.013700003549456597,0.5119000196456909,5,0.49820001609623427
202922,0.006499997107312083,0.47200001776218414,2,0.4785000148694962
202924,-0.010500011965632439,0.5025000274181366,2,0.49200001545250416
202928,-0.016000036150217056,0.5330000519752502,1,0.5170000158250332
202929,-0.016000036150217056,0.5330000519752502,1,0.5170000158250332
202931,0.013499999884516,0.4595000147819519,1,0.4730000146664679
202932,0.013499999884516,0.4595000147819519,1,0.4730000146664679
202933,-0.016000036150217056,0.5330000519752502,1,0.5170000158250332
202937,0.029423067202934854,0.3831154050735327,13,0.41253847227646756
202938,0.045164435278223114,0.35287403705727594,13,0.39803847233549905
202941,0.011000007390975952,0.38600000739097595,1,0.3970000147819519
202942,0.015833332513769467,0.37833334629734355,12,0.394166678811113
202947,0.007999995723366737,0.3957500159740448,4,0.40375001169741154
202948,0.026499994099140167,0.32850001752376556,1,0.35500001162290573
202949,0.006999991834163666,0.39900001883506775,2,0.4060000106692314
202951,0.006999991834163666,0.39900001883506775,1,0.4060000106692314
202953,0.004666661222775777,0.4130000174045563,3,0.41766667862733203
202956,0.026499994099140167,0.32850001752376556,1,0.35500001162290573
202957,0.03468799003776578,0.3359509098812938,36,0.3706388999190596
202961,0.023714278425489153,0.3420000182730811,7,0.36571429669857025
202965,0.003583327246208986,0.44191668679316837,6,0.44550001403937733
202968,-0.005500024184584618,0.5015000402927399,1,0.49600001610815525
202970,-0.015500005334615707,0.5145000219345093,1,0.49900001659989357
202973,-0.005500024184584618,0.5015000402927399,2,0.49600001610815525
202975,0.02485714214188712,0.34585715191704886,7,0.37071429405893597
202982,0.017249993979930878,0.37300001829862595,8,0.3902500122785568
202983,0.025999993085861206,0.33000001311302185,2,0.35600000619888306
202989,-0.005500024184584618,0.5015000402927399,2,0.49600001610815525
202991,-0.010750030167400837,0.5172500461339951,4,0.5065000159665942
202996,0.012000000337138772,0.4480000138282776,2,0.46000001416541636
202998,-0.016000036150217056,0.5330000519752502,1,0.5170000158250332
202999,-0.016000036150217056,0.5330000519752502,2,0.5170000158250332
203000,-0.016000036150217056,0.5330000519752502,1,0.5170000158250332
203002,0.024000003933906555,0.3660000065962474,3,0.39000001053015393
203003,-0.015833359211683273,0.5268333752950033,3,0.51100001608332
203004,0.013499999884516,0.4595000147819519,1,0.4730000146664679
203005,0.013499999884516,0.4595000147819519,1,0.4730000146664679
203006,0.013499999884516,0.4595000147819519,1,0.4730000146664679
203011,0.013624998275190592,0.4593750163912773,4,0.4730000146664679
203013,0.013499999884516,0.4595000147819519,1,0.4730000146664679
203015,-0.015500005334615707,0.5145000219345093,1,0.49900001659989357
203017,-0.015166676292816797,0.5176666925350825,6,0.5025000162422657
203021,-0.015750020742416382,0.5237500369548798,4,0.5080000162124634
203022,-0.013000008650124073,0.5085000246763229,2,0.49550001602619886
203026,-0.015500005334615707,0.5145000219345093,1,0.49900001659989357
203028,0.006999987177550793,0.47700002789497375,1,0.48400001507252455
203029,0.006999987177550793,0.47700002789497375,1,0.48400001507252455
203031,-0.013000008650124073,0.5085000246763229,2,0.49550001602619886
203036,0.012249994889966078,0.47682144918612074,14,0.4890714440760868
203037,0.006999987177550793,0.47700002789497375,1,0.48400001507252455
203038,-0.010500011965632439,0.5025000274181366,1,0.49200001545250416
203039,-0.010500011965632439,0.5025000274181366,1,0.49200001545250416
203044,0.006999987177550793,0.47700002789497375,1,0.48400001507252455
203046,-0.010500011965632439,0.5025000274181366,1,0.49200001545250416
203047,-0.010500011965632439,0.5025000274181366,1,0.49200001545250416
203048,0.006499997107312083,0.47200001776218414,2,0.4785000148694962
203049,-0.01039999695494771,0.5018000125885009,5,0.49140001563355323
203050,0.0024999878369271755,0.47825002670288086,2,0.48075001453980803
203053,-0.010500011965632439,0.5025000274181366,1,0.49200001545250416
203055,-0.010500011965632439,0.5025000274181366,1,0.49200001545250416
203056,-0.010500011965632439,0.5025000274181366,1,0.49200001545250416
203059,-0.010500011965632439,0.5025000274181366,2,0.49200001545250416
203062,-0.010500011965632439,0.5025000274181366,1,0.49200001545250416
203063,0.008750002132728696,0.4752500131726265,4,0.4840000153053552
203065,0.00650000327732414,0.4698750115931034,4,0.47637501487042755
203066,-0.010166672058403492,0.49683335423469543,3,0.48666668217629194
203067,-0.0015000076964497566,0.47050002217292786,2,0.4690000144764781
203068,-0.010000015143305063,0.4930000305175781,1,0.48300001537427306
203069,-0.004999996162950993,0.47600001096725464,1,0.47100001480430365
203070,-0.0066666691564023495,0.4816666841506958,3,0.47500001499429345
203072,-0.0015000076964497566,0.47050002217292786,2,0.4690000144764781
203073,-0.010500011965632439,0.5025000274181366,1,0.49200001545250416
203075,-0.010500011965632439,0.5025000274181366,1,0.49200001545250416
203077,-0.010500011965632439,0.5025000274181366,1,0.49200001545250416
203078,-0.010500011965632439,0.5025000274181366,1,0.49200001545250416
203080,-0.010500011965632439,0.5025000274181366,1,0.49200001545250416
203083,0.0019999807700514793,0.4650000333786011,1,0.46700001414865255
203084,-0.00033334487428267795,0.4686666925748189,3,0.46833334770053625
203085,0.002999987336806953,0.46550002694129944,4,0.4685000142781064
203086,0.0009999964386224747,0.468500018119812,1,0.4695000145584345
203087,0.004374995827674866,0.47306251898407936,8,0.4774375148117542
203088,0.004437490948475897,0.48812502436339855,8,0.49256251531187445
203099,-0.07750001735985279,0.5715000331401825,4,0.4940000157803297
203151,-0.041749998927116394,1.0332500487565994,2,0.991500049829483
203153,-0.06617786225378519,0.6411778801351786,2,0.5750000178813934
203154,-0.03949999809265137,1.0190000534057617,1,0.9795000553131104
203155,-0.03949999809265137,1.0190000534057617,1,0.9795000553131104
203185,0.046000003814697266,0.3720000088214874,1,0.4180000126361847
203188,0.03600000590085983,0.3720000088214874,2,0.40800001472234726
203206,-0.06075002998113632,0.7342500537633896,2,0.6735000237822533
203217,0.07700000330805779,0.2980000078678131,4,0.3750000111758709
203220,0.046000003814697266,0.3720000088214874,1,0.4180000126361847
203262,-0.08149999380111694,0.6885000169277191,1,0.6070000231266022
203282,-0.07550002634525299,0.6585000455379486,1,0.5830000191926956
203287,-0.07900001108646393,0.6410000324249268,1,0.5620000213384628
203288,0.046000003814697266,0.3720000088214874,1,0.4180000126361847
203289,0.046000003814697266,0.3720000088214874,1,0.4180000126361847
203294,-0.08081309519410163,0.5778131114661696,1,0.497000016272068
203296,-0.07550002634525299,0.6585000455379486,1,0.5830000191926956
203300,-0.08520588366424336,0.6996176681097817,17,0.6144117844455383
203305,-0.060499995946884155,0.7395000159740448,3,0.6790000200271606
203315,-0.08149999380111694,0.6885000169277191,1,0.6070000231266022
203331,-0.07600002487500508,0.6816667119661967,3,0.6056666870911915
203337,0.010892835641213303,0.5641428870814187,7,0.575035722722632
203338,0.03599999099969864,0.4737500250339508,2,0.5097500160336494
203339,0.3930000066757202,-0.125,1,0.2680000066757202
203341,0.055628465237965274,0.48162155219887687,6,0.5372500174368422
203343,0.22859027791942177,0.15440972882459544,3,0.38300000674401724
203344,0.5085000097751617,-0.3595000207424164,1,0.14899998903274536
203345,0.06484599752292977,0.4299540532954037,5,0.49480005081833345
203346,0.450750008225441,-0.2422500103712082,2,0.2084999978542328
203347,0.28961165297095276,-0.5287307143728649,21,-0.23911906140191214
203348,0.08438888119740619,0.31522224181228214,9,0.3996111230096883
203349,0.09016884750132764,0.1217145733790596,15,0.21188342088038725
203350,0.06108116628494537,0.41064110963890943,9,0.4717222759238548
203351,0.25045840447333956,0.4050000210603078,6,0.6554584255336473
203352,0.11499999463558197,0.14550001174211502,2,0.260500006377697
203353,0.08499997854232788,-0.5370000302791595,1,-0.45200005173683167
203354,0.08699996769428253,-0.5875000208616257,2,-0.5005000531673431
203355,0.08811361554082145,-0.279045465444638,11,-0.19093184990381654
203356,0.09976790508095708,-0.22310715009059226,14,-0.12333924500963518
203357,0.07807843939063587,0.03085904586932174,8,0.10893748525995761
203358,0.06816666573286057,0.2865000118811925,3,0.35466667761405307
203359,0.07234651043440678,0.07159098417137287,8,0.14393749460577965
203360,0.020178565489394323,0.31139287299343515,14,0.3315714384828295
203361,0.06601814195147403,0.28408186967540533,15,0.35010001162687937
203387,0.07700000330805779,0.2980000078678131,2,0.3750000111758709
203400,0.06599999219179153,0.3320000171661377,1,0.39800000935792923
203412,-0.08890001326799393,0.7059000313282013,5,0.6170000180602074
203426,-0.07825001049786806,0.5882500261068344,2,0.5100000156089664
203431,-0.07900000736117363,0.6230000257492065,2,0.5440000183880329
203456,-0.08600001533826192,0.671666701634725,6,0.585666686296463
203458,-0.08400001376867294,0.6500000357627869,2,0.5660000219941139
203483,-0.07387502118945122,0.7291250452399254,4,0.6552500240504742
203490,-0.07550002634525299,0.6585000455379486,1,0.5830000191926956
203498,-0.05650003254413605,0.7225000560283661,2,0.66600002348423
203503,-0.05650003254413605,0.7225000560283661,2,0.66600002348423
203504,-0.059333364168802895,0.7303333878517151,3,0.6710000236829122
203522,-0.04850003123283386,0.6625000536441803,2,0.6140000224113464
203524,-0.04850003123283386,0.6625000536441803,1,0.6140000224113464
203527,0.06599999219179153,0.3320000171661377,1,0.39800000935792923
203529,0.0632499922066927,0.32375001907348633,12,0.387000011280179
203533,0.06599999219179153,0.3320000171661377,2,0.39800000935792923
203544,0.06466666112343471,0.32433334986368817,3,0.3890000109871229
203551,0.06599999219179153,0.3320000171661377,2,0.39800000935792923
203558,0.06599999219179153,0.3320000171661377,1,0.39800000935792923
203563,0.06116666148106257,0.34016668299833935,3,0.40133334447940194
203570,0.054624998942017555,0.3475000150501728,4,0.40212501399219036
203587,0.0559999980032444,0.35200001299381256,2,0.40800001099705696
203594,0.048750001937150955,0.364250011742115,2,0.413000013679266
203602,0.046000003814697266,0.3720000088214874,1,0.4180000126361847
203616,0.045625003054738045,0.3668750114738941,4,0.41250001452863216
203626,0.046000003814697266,0.3720000088214874,1,0.4180000126361847
203628,0.046000003814697266,0.3720000088214874,1,0.4180000126361847
203633,0.04320000410079956,0.37000001072883604,5,0.4132000148296356
203637,0.046000003814697266,0.3720000088214874,1,0.4180000126361847
203667,-0.06450001895427704,0.7325000464916229,1,0.6680000275373459
203680,0.04399999091401696,0.4310000240802765,1,0.47500001499429345
203695,0.03600000590085983,0.3720000088214874,1,0.40800001472234726
203707,-0.07750001735985279,0.5715000331401825,1,0.4940000157803297
203709,0.031750232387334154,0.3750000298023224,2,0.40675026218965654
203716,0.046000003814697266,0.3720000088214874,1,0.4180000126361847
203717,0.046000003814697266,0.3720000088214874,1,0.4180000126361847
203724,0.031999995931982994,0.4660000205039978,5,0.4980000164359808
203730,-0.062000006437301636,0.7416666944821676,3,0.679666688044866
203743,-0.07475000526756048,0.6092500239610672,2,0.5345000186935067
203768,-0.060499995946884155,0.7395000159740448,2,0.6790000200271606
203789,-0.03949999809265137,1.0190000534057617,1,0.9795000553131104
203803,0.03816667199134827,0.3711666762828827,3,0.40933334827423096
203804,0.04100000485777855,0.3720000088214874,2,0.413000013679266
203806,0.03600000590085983,0.3720000088214874,2,0.40800001472234726
203837,-0.07750001735985279,0.5715000331401825,1,0.4940000157803297
203839,-0.08081309519410163,0.5778131114661696,1,0.497000016272068
203854,-0.08081309519410163,0.5778131114661696,1,0.497000016272068
203857,0.03493756252247841,0.37275001406669617,4,0.4076875765891746
203879,-0.07825001049786806,0.5882500261068344,2,0.5100000156089664
203898,-0.07900000736117363,0.6230000257492065,4,0.5440000183880329
203904,-0.07900000363588333,0.6050000190734863,3,0.526000015437603
203914,-0.08149999380111694,0.6885000169277191,1,0.6070000231266022
203922,-0.07950000464916229,0.6785000264644623,3,0.5990000218153
203927,-0.07750001735985279,0.5715000331401825,2,0.4940000157803297
203931,-0.08115654449760928,0.6331565641969443,2,0.5520000196993351
203967,0.05049999477341771,0.4140000194311142,4,0.4645000142045319
203978,-0.05168745842855421,0.6436250433325768,4,0.5919375849040225
203992,-0.060499995946884155,0.7395000159740448,1,0.6790000200271606
204002,-0.06275001168251038,0.7427500337362289,2,0.6800000220537186
204004,-0.05650003254413605,0.7225000560283661,2,0.66600002348423
204008,-0.04900002479553223,0.6632500439882278,2,0.6142500191926956
204009,-0.041749998927116394,1.0332500487565994,2,0.991500049829483
204041,0.030125115269795083,0.3802500218153,2,0.4103751370850951
204061,-0.08149999380111694,0.6885000169277191,4,0.6070000231266022
204083,-0.06450001895427704,0.7325000464916229,3,0.6680000275373459
204098,-0.0628333364923795,0.7463333606719971,6,0.6835000241796175
204103,-0.0650000274181366,0.7460000514984131,1,0.6810000240802765
204111,-0.03949999809265137,1.0190000534057617,1,0.9795000553131104
204115,-0.03949999809265137,1.0190000534057617,1,0.9795000553131104
204116,-0.040249988436698914,1.049500048160553,2,1.009250059723854
204117,-0.03949999809265137,1.0190000534057617,1,0.9795000553131104
204120,-0.04099997878074646,1.0800000429153442,1,1.0390000641345978
204158,-0.08149999380111694,0.6885000169277191,1,0.6070000231266022
204159,0.028499998152256012,0.3855000138282776,2,0.4140000119805336
204164,-0.07970873591601868,0.5757087520241739,3,0.49600001610815525
204173,-0.08081309519410163,0.5778131114661696,3,0.497000016272068
204196,-0.08149999380111694,0.6885000169277191,1,0.6070000231266022
204198,0.02724999003112316,0.39525002241134644,4,0.4225000124424696
204213,-0.08149999380111694,0.6885000169277191,1,0.6070000231266022
204249,-0.09050001204013824,0.7155000269412994,1,0.6250000149011612
204253,-0.0818754013856254,0.6018754195650421,6,0.5200000181794167
204263,-0.08293770757714918,0.6259377276639144,3,0.5430000200867653
204265,-0.09050001204013824,0.7155000269412994,1,0.6250000149011612
204278,-0.08149999380111694,0.6885000169277191,1,0.6070000231266022
204285,-0.08449999988079071,0.6975000202655792,3,0.6130000203847885
204289,-0.09000001847743988,0.7150000333786011,1,0.6250000149011612
204319,-0.09000001847743988,0.7150000333786011,2,0.6250000149011612
204321,-0.09000001847743988,0.7150000333786011,1,0.6250000149011612
204322,0.02599998190999031,0.4050000309944153,2,0.4310000129044056
204335,-0.09000001847743988,0.7150000333786011,3,0.6250000149011612
204352,-0.06850001513957978,0.7375000417232513,5,0.6690000265836715
204353,0.031999995931982994,0.4660000205039978,2,0.4980000164359808
204359,-0.0625000074505806,0.7360000312328339,2,0.6735000237822533
204365,-0.062000006437301636,0.7416666944821676,3,0.679666688044866
204367,-0.0650000274181366,0.7460000514984131,1,0.6810000240802765
204374,-0.04250001907348633,0.9865000545978546,1,0.9440000355243683
204378,-0.05174994703506427,0.6610000530878702,3,0.6092501060528059
204385,-0.08887501247227192,0.6743750348687172,8,0.5855000223964453
204387,-0.08149999380111694,0.6885000169277191,1,0.6070000231266022
204394,-0.09000001847743988,0.7150000333786011,2,0.6250000149011612
204398,-0.08149999380111694,0.6885000169277191,1,0.6070000231266022
204404,-0.060499995946884155,0.7395000159740448,1,0.6790000200271606
204409,-0.06410000920295715,0.7463000357151032,5,0.6822000265121461
204411,-0.060499995946884155,0.7395000159740448,1,0.6790000200271606
204414,-0.0625000074505806,0.7360000312328339,2,0.6735000237822533
204415,-0.060499995946884155,0.7395000159740448,1,0.6790000200271606
204419,0.031999995931982994,0.4660000205039978,2,0.4980000164359808
204422,-0.062000006437301636,0.7416666944821676,3,0.679666688044866
204428,0.031999995931982994,0.4660000205039978,2,0.4980000164359808
204439,-0.0650000274181366,0.7460000514984131,1,0.6810000240802765
204442,-0.041749998927116394,1.0332500487565994,2,0.991500049829483
204445,-0.041749998927116394,1.0332500487565994,2,0.991500049829483
204447,-0.060000017285346985,0.6770000457763672,2,0.6170000284910202
204452,-0.04099997878074646,1.0800000429153442,1,1.0390000641345978
204454,-0.0480000302195549,0.7045000493526459,2,0.656500019133091
204455,-0.04250001907348633,0.9865000545978546,1,0.9440000355243683
204456,-0.051500008441507816,0.5490000247955322,1,0.4975000163540244
204457,-0.04250001907348633,0.9865000545978546,1,0.9440000355243683
204458,-0.04900002479553223,0.6632500439882278,4,0.6142500191926956
204475,-0.09037501364946365,0.7153750285506248,4,0.6250000149011612
204476,-0.09050001204013824,0.7155000269412994,3,0.6250000149011612
204479,-0.07850001007318497,0.6735000312328339,2,0.5950000211596489
204480,-0.09049999713897705,0.7345000207424164,2,0.6440000236034393
204488,-0.0860000029206276,0.7020000219345093,2,0.6160000190138817
204494,-0.08149999380111694,0.6885000169277191,4,0.6070000231266022
204539,-0.060499995946884155,0.7395000159740448,1,0.6790000200271606
204542,-0.06316667795181274,0.7348333696524302,3,0.6716666917006174
204548,-0.060499995946884155,0.7395000159740448,2,0.6790000200271606
204556,-0.06216669579346975,0.7381667196750641,3,0.6760000238815943
204565,-0.06216669579346975,0.7381667196750641,3,0.6760000238815943
204569,-0.0650000274181366,0.7460000514984131,1,0.6810000240802765
204592,-0.053500031431516014,0.6765000522136688,3,0.6230000207821528
204601,-0.07550002634525299,0.6585000455379486,1,0.5830000191926956
204602,-0.07550002634525299,0.6585000455379486,1,0.5830000191926956
204609,-0.06450001895427704,0.7325000464916229,1,0.6680000275373459
204627,-0.07550002634525299,0.6585000455379486,2,0.5830000191926956
204628,0.023285707791468928,0.43428573438099455,7,0.4575714421724635
204634,-0.07550002634525299,0.6585000455379486,1,0.5830000191926956
204635,-0.06450001895427704,0.7325000464916229,1,0.6680000275373459
204636,-0.07850001007318497,0.6735000312328339,4,0.5950000211596489
204638,-0.06450001895427704,0.7325000464916229,1,0.6680000275373459
204639,-0.07550002634525299,0.6585000455379486,3,0.5830000191926956
204641,-0.07600002487500508,0.6816667119661967,3,0.6056666870911915
204643,-0.07550002634525299,0.6585000455379486,1,0.5830000191926956
204647,-0.07550002634525299,0.6585000455379486,2,0.5830000191926956
204653,-0.06450001895427704,0.7325000464916229,1,0.6680000275373459
204662,-0.07075002044439316,0.7302500456571579,2,0.6595000252127647
204682,-0.06450001895427704,0.7325000464916229,1,0.6680000275373459
204691,-0.07283335427443187,0.7295000453790029,3,0.6566666911045711
204697,0.028499995746339362,0.462166686852773,3,0.4906666825991124
204701,-0.06450001895427704,0.7325000464916229,1,0.6680000275373459
204711,-0.06450001895427704,0.7325000464916229,1,0.6680000275373459
204724,0.021714423665643818,0.4637143058436258,7,0.4854287295092696
204737,-0.07075002044439316,0.7302500456571579,2,0.6595000252127647
204758,-0.06450001895427704,0.7325000464916229,1,0.6680000275373459
204764,0.027583412495596964,0.46833335359891254,3,0.4959167660945095
204770,-0.06450001895427704,0.7325000464916229,1,0.6680000275373459
204780,-0.06450001895427704,0.7325000464916229,1,0.6680000275373459
204795,0.031999995931982994,0.4660000205039978,2,0.4980000164359808
204834,-0.04850003123283386,0.6625000536441803,2,0.6140000224113464
204840,-0.05066665758689245,0.6333333452542623,3,0.5826666876673698
204847,0.031999995931982994,0.4660000205039978,1,0.4980000164359808
204850,-0.06300000101327896,0.7515000253915787,4,0.6885000243782997
204851,-0.060499995946884155,0.7395000159740448,2,0.6790000200271606
204867,-0.05650003254413605,0.7225000560283661,1,0.66600002348423
204868,-0.05650003254413605,0.7225000560283661,1,0.66600002348423
204881,-0.057000006238619484,0.6616666913032532,3,0.6046666850646337
204882,-0.04250001907348633,0.9865000545978546,1,0.9440000355243683
204891,-0.05400001257658005,0.6595000326633453,1,0.6055000200867653
204902,-0.041749998927116394,1.0332500487565994,2,0.991500049829483
204904,-0.060000017285346985,0.6770000457763672,2,0.6170000284910202
204915,-0.056000031530857086,0.6835000514984131,4,0.627500019967556
204923,-0.04933333396911621,0.6263333559036255,3,0.5770000219345093
204931,-0.07700002193450928,0.7280000448226929,4,0.6510000228881836
204963,-0.0625000074505806,0.7360000312328339,2,0.6735000237822533
204967,-0.060499995946884155,0.7395000159740448,1,0.6790000200271606
204968,-0.060499995946884155,0.7395000159740448,1,0.6790000200271606
204969,-0.060499995946884155,0.7395000159740448,1,0.6790000200271606
204970,0.031999995931982994,0.4660000205039978,1,0.4980000164359808
204975,0.031999995931982994,0.4660000205039978,2,0.4980000164359808
204977,-0.06450001895427704,0.7325000464916229,1,0.6680000275373459
204995,-0.0625000074505806,0.7360000312328339,2,0.6735000237822533
205003,-0.060499995946884155,0.7395000159740448,1,0.6790000200271606
205007,-0.06450001895427704,0.7325000464916229,3,0.6680000275373459
205015,-0.060499995946884155,0.7395000159740448,1,0.6790000200271606
205022,-0.060499995946884155,0.7395000159740448,1,0.6790000200271606
205038,0.031999995931982994,0.4660000205039978,1,0.4980000164359808
205041,0.03279999452643097,0.4576000213623047,5,0.49040001588873566
205047,-0.060499995946884155,0.7395000159740448,1,0.6790000200271606
205059,0.031999995931982994,0.4660000205039978,1,0.4980000164359808
205066,-0.060499995946884155,0.7395000159740448,3,0.6790000200271606
205082,-0.060499995946884155,0.7395000159740448,1,0.6790000200271606
205092,-0.060499995946884155,0.7395000159740448,1,0.6790000200271606
205110,-0.060499995946884155,0.7395000159740448,2,0.6790000200271606
205123,-0.060499995946884155,0.7395000159740448,1,0.6790000200271606
205129,-0.06383333603541057,0.7555000285307566,6,0.6916666924953461
205131,-0.060499995946884155,0.7395000159740448,1,0.6790000200271606
205146,-0.060499995946884155,0.7395000159740448,3,0.6790000200271606
205158,-0.060499995946884155,0.7395000159740448,2,0.6790000200271606
205168,0.03799999342299998,0.44850002229213715,2,0.4865000157151371
205181,-0.062000006437301636,0.7416666944821676,3,0.679666688044866
205192,-0.062000006437301636,0.7416666944821676,3,0.679666688044866
205196,-0.060499995946884155,0.7395000159740448,2,0.6790000200271606
205208,-0.06275001168251038,0.7427500337362289,2,0.6800000220537186
205210,0.03599999425932765,0.454333355029424,3,0.49033334928875166
205211,-0.0650000274181366,0.7460000514984131,1,0.6810000240802765
205216,0.031999995931982994,0.4660000205039978,2,0.4980000164359808
205226,0.031999995931982994,0.4660000205039978,1,0.4980000164359808
205227,-0.062400004267692565,0.745600026845932,5,0.6832000225782394
205235,-0.0650000274181366,0.7460000514984131,1,0.6810000240802765
205236,0.03799999342299998,0.44850002229213715,4,0.4865000157151371
205240,0.03799999342299998,0.44850002229213715,2,0.4865000157151371
205242,-0.0650000274181366,0.7460000514984131,1,0.6810000240802765
205247,0.04399999091401696,0.4310000240802765,1,0.47500001499429345
205275,-0.06387501955032349,0.744375042617321,4,0.6805000230669975
205279,-0.0650000274181366,0.7460000514984131,2,0.6810000240802765
205286,-0.0650000274181366,0.7460000514984131,1,0.6810000240802765
205288,-0.0650000274181366,0.7460000514984131,1,0.6810000240802765
205289,-0.0650000274181366,0.7460000514984131,1,0.6810000240802765
205290,-0.0650000274181366,0.7460000514984131,1,0.6810000240802765
205295,-0.0650000274181366,0.7460000514984131,1,0.6810000240802765
205298,0.04399999091401696,0.4310000240802765,3,0.47500001499429345
205299,-0.0650000274181366,0.7460000514984131,1,0.6810000240802765
205305,-0.0650000274181366,0.7460000514984131,1,0.6810000240802765
205306,-0.0650000274181366,0.7460000514984131,1,0.6810000240802765
205307,-0.0650000274181366,0.7460000514984131,1,0.6810000240802765
205310,-0.0650000274181366,0.7460000514984131,2,0.6810000240802765
205316,-0.0650000274181366,0.7460000514984131,1,0.6810000240802765
205317,-0.0650000274181366,0.7460000514984131,2,0.6810000240802765
205321,-0.0650000274181366,0.7460000514984131,2,0.6810000240802765
205327,-0.06216669579346975,0.7381667196750641,3,0.6760000238815943
205330,-0.06075002998113632,0.7342500537633896,2,0.6735000237822533
205331,0.04159999331459403,0.43120002150535586,5,0.4728000148199499
205340,-0.0650000274181366,0.7460000514984131,1,0.6810000240802765
205341,-0.0650000274181366,0.7460000514984131,2,0.6810000240802765
205371,-0.0650000274181366,0.7460000514984131,1,0.6810000240802765
205395,-0.06075002998113632,0.7342500537633896,2,0.6735000237822533
205406,-0.05650003254413605,0.7225000560283661,1,0.66600002348423
205409,-0.05650003254413605,0.7225000560283661,2,0.66600002348423
205438,-0.06600002199411392,0.7325000464916229,2,0.666500024497509
205445,-0.04799997806549072,0.625,1,0.5770000219345093
205449,-0.04250001907348633,0.9865000545978546,1,0.9440000355243683
205458,-0.04799997806549072,0.625,2,0.5770000219345093
205462,-0.04250001907348633,0.9865000545978546,1,0.9440000355243683
205469,-0.05650003254413605,0.7225000560283661,2,0.66600002348423
205477,-0.04850003123283386,0.6625000536441803,1,0.6140000224113464
205491,-0.052500031888484955,0.6925000548362732,2,0.6400000229477882
205501,-0.04850003123283386,0.6625000536441803,1,0.6140000224113464
205502,-0.05625003203749657,0.7030000537633896,4,0.646750021725893
205515,-0.061166698733965554,0.710500051577886,3,0.6493333528439205
205516,-0.06283335884412129,0.729166716337204,3,0.6663333574930826
205521,-0.04850003123283386,0.6625000536441803,1,0.6140000224113464
205529,-0.04850003123283386,0.6625000536441803,1,0.6140000224113464
205536,-0.04850003123283386,0.6625000536441803,2,0.6140000224113464
205541,-0.06250002235174179,0.741500049829483,2,0.6790000274777412
205553,-0.04850003123283386,0.6625000536441803,1,0.6140000224113464
205561,-0.05850003163019816,0.6905000507831573,3,0.6320000191529592
205582,-0.04849998652935028,0.6255000084638596,4,0.5770000219345093
205583,-0.04799997806549072,0.625,3,0.5770000219345093
205585,-0.060000017285346985,0.6770000457763672,1,0.6170000284910202
205588,-0.04950001835823059,0.6388333737850189,3,0.5893333554267883
205593,-0.05000001937150955,0.6220000386238098,2,0.5720000192523003
205596,-0.04050000011920929,0.9670000374317169,4,0.9265000373125076
205598,-0.03949999809265137,0.7480000257492065,4,0.7085000276565552
205602,-0.04950001835823059,0.6388333737850189,3,0.5893333554267883
205603,-0.04850003123283386,0.6625000536441803,2,0.6140000224113464
205604,-0.053500031431516014,0.6765000522136688,3,0.6230000207821528
205612,-0.04925002157688141,0.6447500437498093,2,0.5955000221729279
205630,-0.04899999499320984,0.6260000169277191,2,0.5770000219345093
205635,0.029749985435046256,0.4410000294446945,4,0.4707500148797408
205636,-0.04250001907348633,0.9865000545978546,1,0.9440000355243683
205638,-0.050000011920928955,0.6270000338554382,2,0.5770000219345093
205647,-0.04799997806549072,0.625,1,0.5770000219345093
205648,-0.04799997806549072,0.625,1,0.5770000219345093
205653,-0.05600001662969589,0.6500000357627869,1,0.594000019133091
205659,-0.04799997806549072,0.625,1,0.5770000219345093
205672,-0.060000017285346985,0.6770000457763672,1,0.6170000284910202
205683,-0.0480000302195549,0.7045000493526459,1,0.656500019133091
205684,-0.062059298941493056,0.665059323895971,3,0.6030000249544779
205686,-0.04100000858306885,0.7610000371932983,3,0.7200000286102295
205687,-0.05787499621510506,0.6088750138878822,4,0.5510000176727772
205688,-0.057469981115460464,0.6160700015240909,5,0.5586000204086304
205689,-0.0650000037625432,0.5356000185012817,5,0.47060001473873847
205690,-0.062125013093464077,0.5498750284314156,4,0.4877500153379515
205691,-0.0625,0.5775000154972076,1,0.5150000154972076
205692,-0.06229999959468842,0.5885000169277191,10,0.5262000173330307
205693,-0.06288888388209873,0.6428889036178589,9,0.5800000197357602
205706,-0.05400001257658005,0.6595000326633453,1,0.6055000200867653
205710,-0.06617786225378519,0.6411778801351786,1,0.5750000178813934
205711,-0.060000017285346985,0.6770000457763672,1,0.6170000284910202
205717,-0.051500008441507816,0.5490000247955322,1,0.4975000163540244
205719,-0.062059298941493056,0.665059323895971,3,0.6030000249544779
205729,-0.05400001257658005,0.6595000326633453,1,0.6055000200867653
205736,-0.05400001257658005,0.6595000326633453,1,0.6055000200867653
205746,-0.04250001907348633,0.9865000545978546,1,0.9440000355243683
205750,-0.050000011920928955,0.6270000338554382,3,0.5770000219345093
205759,0.028312488342635334,0.4398125261068344,8,0.46812501444946975
205761,-0.05983332792917887,0.6055000126361847,3,0.5456666847070059
205762,-0.05573498567014936,0.6105350043383242,5,0.5548000186681749
205763,-0.05673498471647505,0.6087350036707522,5,0.5520000189542771
205765,-0.03949999809265137,0.7480000257492065,2,0.7085000276565552
205766,-0.03799998760223389,0.7350000143051147,3,0.6970000267028809
205767,-0.05983332792917887,0.6055000126361847,3,0.5456666847070059
205768,-0.05444995926717929,0.6087833133031926,3,0.5543333540360132
205769,-0.06200000271201134,0.6140000224113464,2,0.5520000196993351
205770,-0.06011249837006135,0.6202791851433616,6,0.5601666867733002
205778,-0.04250001907348633,0.9865000545978546,1,0.9440000355243683
205780,-0.05500001460313797,0.6547500342130661,2,0.5997500196099281
205781,0.044833332765847445,0.42783334851264954,3,0.472666681278497
205787,-0.05266666909058889,0.6448333561420441,3,0.5921666870514551
205789,-0.05400001257658005,0.6595000326633453,1,0.6055000200867653
205790,-0.04966667294502258,0.6266666948795319,6,0.5770000219345093
205798,-0.03949999809265137,1.0190000534057617,1,0.9795000553131104
205799,-0.04250001907348633,0.9865000545978546,1,0.9440000355243683
205800,-0.060000017285346985,0.6770000457763672,1,0.6170000284910202
205813,-0.04250001907348633,0.9865000545978546,1,0.9440000355243683
205816,-0.060000017285346985,0.6770000457763672,1,0.6170000284910202
205819,-0.04250001907348633,0.9865000545978546,1,0.9440000355243683
205822,-0.05500001460313797,0.6547500342130661,2,0.5997500196099281
205823,0.04549999830002586,0.4385000169277191,3,0.484000015227745
205832,0.05099999997764826,0.43400001525878906,1,0.4850000152364373
205837,-0.06299999356269836,0.6660000085830688,1,0.6030000150203705
205838,0.05099999997764826,0.43400001525878906,1,0.4850000152364373
205851,-0.04250001907348633,0.9865000545978546,1,0.9440000355243683
205857,-0.04100000858306885,1.0027500540018082,2,0.9617500454187393
205861,-0.051499996334314346,0.639875017106533,4,0.5883750207722187
205872,-0.05775000900030136,0.6655000299215317,4,0.6077500209212303
205873,-0.060000017285346985,0.6770000457763672,1,0.6170000284910202
205874,-0.0480000302195549,0.7045000493526459,1,0.656500019133091
205879,-0.05675000883638859,0.6587500274181366,4,0.602000018581748
205883,-0.060000017285346985,0.6770000457763672,1,0.6170000284910202
205884,-0.061500005424022675,0.671500027179718,2,0.6100000217556953
205885,-0.04250001907348633,0.9865000545978546,1,0.9440000355243683
205890,-0.041749998927116394,1.0332500487565994,2,0.991500049829483
205892,-0.04250001907348633,0.9865000545978546,1,0.9440000355243683
205894,-0.04250001907348633,0.9865000545978546,1,0.9440000355243683
205895,-0.0480000302195549,0.7045000493526459,1,0.656500019133091
205896,-0.04250001907348633,0.9865000545978546,1,0.9440000355243683
205898,-0.04250001907348633,0.9865000545978546,1,0.9440000355243683
205901,-0.0480000302195549,0.7045000493526459,1,0.656500019133091
205922,0.03291665754901866,0.4414166907469432,6,0.47433334829596185
205923,-0.04250001907348633,0.9865000545978546,1,0.9440000355243683
205926,-0.060000017285346985,0.6770000457763672,4,0.6170000284910202
205934,-0.04250001907348633,0.9865000545978546,1,0.9440000355243683
205940,-0.0480000302195549,0.7045000493526459,1,0.656500019133091
205963,-0.060000017285346985,0.6770000457763672,2,0.6170000284910202
205964,-0.0480000302195549,0.7045000493526459,1,0.656500019133091
205968,-0.060000017285346985,0.6770000457763672,1,0.6170000284910202
205969,-0.041749998927116394,1.0332500487565994,2,0.991500049829483
205970,-0.04900002479553223,0.6632500439882278,2,0.6142500191926956
205973,-0.06075001135468483,0.6742500364780426,4,0.6135000251233578
205975,-0.040249988436698914,1.049500048160553,2,1.009250059723854
205976,-0.03949999809265137,1.0190000534057617,1,0.9795000553131104
205984,-0.060000017285346985,0.6770000457763672,3,0.6170000284910202
205995,-0.0480000302195549,0.7045000493526459,1,0.656500019133091
205997,-0.041749998927116394,1.0332500487565994,2,0.991500049829483
205998,-0.06617786225378519,0.6411778801351786,1,0.5750000178813934
206000,-0.060000017285346985,0.6770000457763672,2,0.6170000284910202
206003,-0.04099997878074646,1.0800000429153442,1,1.0390000641345978
206005,-0.060000017285346985,0.6770000457763672,2,0.6170000284910202
206007,-0.04250001907348633,0.9865000545978546,1,0.9440000355243683
206014,-0.060000017285346985,0.6770000457763672,1,0.6170000284910202
206015,-0.06308893976956609,0.6590889629557729,2,0.5960000231862068
206016,-0.0480000302195549,0.7045000493526459,1,0.656500019133091
206020,-0.040249988436698914,1.049500048160553,2,1.009250059723854
206026,-0.051500008441507816,0.5490000247955322,1,0.4975000163540244
206035,-0.06617786225378519,0.6411778801351786,2,0.5750000178813934
206039,-0.04899999126791954,0.578000009059906,1,0.5290000177919865
206041,-0.040249988436698914,1.049500048160553,2,1.009250059723854
206045,-0.06617786225378519,0.6411778801351786,1,0.5750000178813934
206048,-0.051500008441507816,0.5490000247955322,1,0.4975000163540244
206049,-0.0480000302195549,0.7045000493526459,2,0.656500019133091
206052,-0.0480000302195549,0.7045000493526459,1,0.656500019133091
206057,-0.06617786225378519,0.6411778801351786,2,0.5750000178813934
206058,-0.041749998927116394,1.0332500487565994,2,0.991500049829483
206065,-0.04099997878074646,1.0800000429153442,1,1.0390000641345978
206066,-0.05024999985471368,0.5635000169277191,2,0.5132500170730054
206068,-0.051500008441507816,0.5490000247955322,1,0.4975000163540244
206069,-0.051500008441507816,0.5490000247955322,1,0.4975000163540244
206070,-0.05024999985471368,0.5635000169277191,2,0.5132500170730054
206071,-0.06617786225378519,0.6411778801351786,3,0.5750000178813934
206072,-0.03949999809265137,1.0190000534057617,1,0.9795000553131104
206075,-0.051500008441507816,0.5490000247955322,1,0.4975000163540244
206076,-0.041749998927116394,1.0332500487565994,2,0.991500049829483
206077,-0.04250001907348633,0.9865000545978546,2,0.9440000355243683
206078,-0.04250001907348633,0.9865000545978546,1,0.9440000355243683
206079,-0.04099997878074646,1.0800000429153442,1,1.0390000641345978
206080,-0.04899999126791954,0.578000009059906,1,0.5290000177919865
206081,-0.04250001907348633,0.9865000545978546,1,0.9440000355243683
206082,-0.0480000302195549,0.7045000493526459,2,0.656500019133091
206083,-0.041749998927116394,1.0332500487565994,2,0.991500049829483
206084,-0.04250001907348633,0.9865000545978546,1,0.9440000355243683
206085,-0.04966667667031288,0.6073333621025085,3,0.5576666854321957
206086,-0.04250001907348633,0.9865000545978546,1,0.9440000355243683
206087,-0.04899999126791954,0.578000009059906,2,0.5290000177919865
206088,-0.04899999126791954,0.578000009059906,3,0.5290000177919865
206090,-0.06617786225378519,0.6411778801351786,2,0.5750000178813934
206093,-0.0480000302195549,0.7045000493526459,1,0.656500019133091
206094,-0.04899999126791954,0.578000009059906,3,0.5290000177919865
206095,-0.06695191470583284,0.6332852657417457,3,0.5663333510359129
206097,-0.041749998927116394,1.0332500487565994,2,0.991500049829483
206098,-0.04250001907348633,0.9865000545978546,2,0.9440000355243683
206100,-0.05550000071525574,0.6145000159740448,1,0.5590000152587891
206101,-0.04000002145767212,0.8033333818117777,3,0.7633333603541056
206103,-0.05024999985471368,0.5635000169277191,2,0.5132500170730054
206106,-0.051500008441507816,0.5490000247955322,1,0.4975000163540244
206108,-0.041749998927116394,1.0332500487565994,2,0.991500049829483
206110,-0.04250001907348633,0.9865000545978546,1,0.9440000355243683
206111,-0.051500008441507816,0.5490000247955322,1,0.4975000163540244
206112,-0.04250001907348633,0.9865000545978546,2,0.9440000355243683
206113,-0.051500008441507816,0.5490000247955322,1,0.4975000163540244
206115,-0.03949999809265137,1.0190000534057617,1,0.9795000553131104
206117,-0.048499991185963154,0.5665000081062317,2,0.5180000169202685
206118,-0.04889999460428953,0.558400011062622,5,0.5095000164583325
206119,-0.05000001937150955,0.6220000386238098,3,0.5720000192523003
206120,-0.051500008441507816,0.5490000247955322,1,0.4975000163540244
206121,-0.06772596715788048,0.6253926513483127,3,0.5576666841904322
206122,-0.06617786225378519,0.6411778801351786,1,0.5750000178813934
206124,-0.04950002208352089,0.6426250413060188,4,0.5931250192224979
206125,-0.03949999809265137,1.0190000534057617,1,0.9795000553131104
206128,-0.041749998927116394,1.0332500487565994,2,0.991500049829483
206129,-0.03949999809265137,1.0190000534057617,2,0.9795000553131104
206130,-0.040249988436698914,1.049500048160553,2,1.009250059723854
206131,-0.040249988436698914,1.049500048160553,2,1.009250059723854
206132,-0.04099997878074646,1.0800000429153442,1,1.0390000641345978
206133,-0.051500008441507816,0.5490000247955322,1,0.4975000163540244
206134,-0.045250024646520615,0.8455000519752502,2,0.8002500273287296
206137,-0.051500008441507816,0.5490000247955322,1,0.4975000163540244
206138,-0.06850001960992813,0.6175000369548798,4,0.5490000173449516
206139,-0.03949999809265137,1.0190000534057617,1,0.9795000553131104
206141,-0.0480000302195549,0.7045000493526459,2,0.656500019133091
206142,-0.04250001907348633,0.9865000545978546,1,0.9440000355243683
206143,-0.04799999110400677,0.5550000071525574,3,0.5070000160485506
206144,-0.04250001907348633,0.9865000545978546,2,0.9440000355243683
206145,-0.06850001960992813,0.6175000369548798,3,0.5490000173449516
206146,-0.03949999809265137,1.0190000534057617,1,0.9795000553131104
206147,-0.041749998927116394,1.0332500487565994,2,0.991500049829483
206149,-0.060000014025717974,0.583250030875206,2,0.523250016849488
206150,-0.051500008441507816,0.5490000247955322,1,0.4975000163540244
206152,-0.051500008441507816,0.5490000247955322,1,0.4975000163540244
206154,-0.041749998927116394,1.0332500487565994,2,0.991500049829483
206157,-0.040249988436698914,1.049500048160553,2,1.009250059723854
206159,-0.051500008441507816,0.5490000247955322,1,0.4975000163540244
206160,-0.04874999122694135,0.5722500085830688,4,0.5235000173561275
206161,-0.04916666354984045,0.553000013033549,3,0.5038333494837085
206162,-0.04099997878074646,1.0800000429153442,1,1.0390000641345978
206164,-0.05900000315159559,0.6001666883627573,3,0.5411666852111617
206165,-0.051500008441507816,0.5490000247955322,1,0.4975000163540244
206168,-0.06600001951058705,0.6066667040189108,3,0.5406666845083237
206169,-0.03949999809265137,1.0190000534057617,4,0.9795000553131104
206170,-0.03949999809265137,1.0190000534057617,2,0.9795000553131104
206173,-0.03949999809265137,1.0190000534057617,2,0.9795000553131104
206174,-0.046000013748804726,0.988500048716863,3,0.9425000349680583
206176,-0.06350001941124599,0.5958333710829417,3,0.5323333516716957
206177,-0.04099997878074646,1.0800000429153442,1,1.0390000641345978
206178,-0.038700008392333986,1.043000054359436,5,1.004300045967102
206182,-0.03949999809265137,1.0190000534057617,6,0.9795000553131104
206183,-0.04099997878074646,1.0800000429153442,1,1.0390000641345978
206184,-0.061875009909272194,0.6053750291466713,4,0.5435000192373991
206185,-0.04099997878074646,1.0800000429153442,1,1.0390000641345978
206187,-0.04525001347064972,1.0802500396966934,2,1.0350000262260437
206188,-0.03949999809265137,1.0190000534057617,4,0.9795000553131104
206190,-0.051500008441507816,0.5490000247955322,1,0.4975000163540244
206191,-0.0603333463271459,0.5931666990121206,6,0.5328333526849747
206192,-0.044499993324279785,1.1270000338554382,2,1.0825000405311584
206193,-0.048666675885518394,1.0207500408093135,6,0.9720833649237951
206194,-0.05424999492242932,0.5915000140666962,2,0.5372500191442668
206197,-0.04383333524068197,1.0801667074362438,3,1.0363333721955619
206198,-0.04050000011920929,0.9670000374317169,2,0.9265000373125076
206202,-0.05699998140335083,0.6340000033378601,1,0.5770000219345093
206203,-0.03800004720687866,0.8880000710487366,2,0.8500000238418579
206204,-0.06100001931190491,0.5850000381469727,5,0.5240000188350677
206205,-0.06100001931190491,0.5850000381469727,3,0.5240000188350677
206206,-0.05699998140335083,0.6340000033378601,1,0.5770000219345093
206207,-0.058500013003746666,0.5895000298817953,6,0.5310000168780487
206209,-0.05920001268386841,0.5856000304222106,5,0.5264000177383422
206210,-0.03941666583220164,1.043500045935313,6,1.0040833801031113
206211,-0.04299995303153992,1.0460000038146973,1,1.0030000507831573
206212,-0.03650001436471939,0.7980000376701355,2,0.7615000233054161
206213,-0.05699998140335083,0.6340000033378601,1,0.5770000219345093
206217,-0.037250030785799026,0.843000054359436,4,0.805750023573637
206218,-0.05699998140335083,0.6340000033378601,1,0.5770000219345093
206219,-0.05737500451505184,0.6036250218749046,4,0.5462500173598528
206220,-0.05725000984966755,0.5917500257492065,4,0.534500015899539
206221,-0.03800004720687866,0.8880000710487366,4,0.8500000238418579
206223,-0.03499998152256012,0.7080000042915344,1,0.6730000227689743
206224,-0.03700002531210581,0.8280000487963358,3,0.79100002348423
206225,-0.05950000137090683,0.6350000202655792,2,0.5755000188946724
206226,-0.05866668621699015,0.6083333690961202,3,0.5496666828791301
206227,-0.05699998140335083,0.6340000033378601,1,0.5770000219345093
206228,-0.03800002634525299,0.8266000509262085,5,0.7886000245809555
206229,-0.05870001018047333,0.608100026845932,5,0.5494000166654587
206230,-0.056249991059303284,0.6242500096559525,2,0.5680000185966492
206231,-0.05825001373887062,0.6087500303983688,4,0.5505000166594982
206232,-0.05840000510215759,0.6270000219345093,5,0.5686000168323517
206233,-0.05783334126075109,0.6091666917006174,3,0.5513333504398663
206234,-0.05875001102685928,0.6252500265836716,4,0.5665000155568123
206235,-0.04100000858306885,0.7610000371932983,3,0.7200000286102295
206236,-0.056999996304512024,0.6100000143051147,3,0.5530000180006027
206237,0.0072692270578744896,0.3065384713073189,13,0.3138076983651934
206238,-0.08400001376867294,0.6500000357627869,2,0.5660000219941139
206269,0.005499996244907379,0.4385000169277191,1,0.4440000131726265
206304,0.011727262648161162,0.4348182055083188,11,0.44654546815647994
206322,0.02100000181235373,0.45500001311302185,1,0.4760000149253756
206329,0.02100000181235373,0.45500001311302185,1,0.4760000149253756
206448,0.013000000268220901,0.42500001192092896,1,0.43800001218914986
206612,-0.06800002343952656,0.5304000377655029,5,0.4624000143259764
206617,-0.061961562193643585,0.5175577298952982,26,0.4555961677016547
206627,-0.06199999712407589,0.5130000114440918,1,0.4510000143200159
206628,-0.06400000490248203,0.5170000195503235,1,0.45300001464784145
206631,-0.06300000101327896,0.5150000154972076,2,0.4520000144839287
206633,-0.06400000490248203,0.5170000195503235,2,0.45300001464784145
206634,-0.0694999834522605,0.527999997138977,1,0.45850001368671656
206673,-0.0624999962747097,0.5685000121593475,1,0.5060000158846378
206678,-0.06400000490248203,0.5170000195503235,1,0.45300001464784145
206685,-0.06425001798197627,0.5160000324249268,2,0.4517500144429505
206686,-0.06625001924112439,0.5240000337362289,2,0.45775001449510455
206688,-0.06400000490248203,0.5170000195503235,1,0.45300001464784145
206690,-0.06410001013427973,0.5166000247001648,5,0.452500014565885
206694,-0.06350000621750951,0.5157500207424164,2,0.4522500145249069
206704,-0.06850001169368625,0.5350000262260437,2,0.46650001453235745
206708,-0.06800002418458462,0.534000039100647,1,0.46600001491606236
206714,-0.06899999920278788,0.5360000133514404,1,0.46700001414865255
206728,-0.06800002418458462,0.534000039100647,1,0.46600001491606236
206731,-0.06800002418458462,0.534000039100647,2,0.46600001491606236
206740,-0.06199999712407589,0.5130000114440918,2,0.4510000143200159
206741,-0.06650003883987665,0.5190000534057617,2,0.45250001456588507
206744,-0.06882389784683468,0.5385739124171436,4,0.4697500145703089
206756,-0.06480001299642027,0.5478000283241272,5,0.483000015327707
206758,-0.06418310281382872,0.5448497846469283,18,0.48066668183309963
206769,-0.06400000490248203,0.5170000195503235,2,0.45300001464784145
206788,-0.0624999962747097,0.5685000121593475,1,0.5060000158846378
206806,-0.0624999962747097,0.5685000121593475,1,0.5060000158846378
206815,-0.06535912124633785,0.5239591353219748,5,0.45860001407563694
206834,-0.06600000647207101,0.5200000206629435,3,0.4540000141908725
206846,-0.06783331651240587,0.527999997138977,6,0.4601666806265712
206847,-0.06699998304247856,0.527999997138977,2,0.4610000140964985
206848,-0.06699998304247856,0.527999997138977,1,0.4610000140964985
206851,-0.06699998304247856,0.527999997138977,1,0.4610000140964985
206870,-0.06872727027670904,0.5277272842147134,11,0.4590000139380043
206897,-0.06800002418458462,0.534000039100647,1,0.46600001491606236
206900,-0.06250000558793545,0.5770000219345093,1,0.5145000163465738
206907,-0.06250000558793545,0.5770000219345093,1,0.5145000163465738
206910,-0.0637500083539635,0.572750024497509,8,0.5090000161435455
206911,-0.06183335122962793,0.5606667002042135,3,0.4988333489745856
206913,-0.0624999962747097,0.5685000121593475,1,0.5060000158846378
206924,-0.06199999712407589,0.5130000114440918,1,0.4510000143200159
206930,-0.06250000558793545,0.5770000219345093,1,0.5145000163465738
206931,-0.0624999962747097,0.5685000121593475,1,0.5060000158846378
206932,-0.0624999962747097,0.5685000121593475,1,0.5060000158846378
206933,-0.06250000093132257,0.5727500170469284,2,0.5102500161156058
206940,-0.0624999962747097,0.5685000121593475,1,0.5060000158846378
206951,-0.06400000490248203,0.5170000195503235,3,0.45300001464784145
206952,-0.06504096201896678,0.5179409762778879,5,0.4529000142589211
206955,-0.06599998916499317,0.5246250033378601,4,0.45862501417286694
207062,-0.020500010810792446,0.47200002521276474,4,0.4515000144019723
207125,-0.01766667515039444,0.4696666896343231,3,0.4520000144839287
207200,-0.01800000574439764,0.46950002014636993,1,0.4515000144019723
207221,-0.01800000574439764,0.46950002014636993,1,0.4515000144019723
208371,-0.01800000574439764,0.46950002014636993,1,0.4515000144019723
208508,-0.01800000574439764,0.46950002014636993,1,0.4515000144019723
208916,-0.01800000574439764,0.46950002014636993,1,0.4515000144019723
209001,-0.01800000574439764,0.46950002014636993,1,0.4515000144019723
209062,-0.01800000574439764,0.46950002014636993,1,0.4515000144019723
209091,-0.01800000574439764,0.46950002014636993,1,0.4515000144019723
209268,-0.01800000574439764,0.46950002014636993,1,0.4515000144019723
209351,-0.01800000574439764,0.46950002014636993,1,0.4515000144019723
209365,-0.01750000985339284,0.4697500243782997,2,0.4522500145249069
209557,-0.01800000574439764,0.46950002014636993,1,0.4515000144019723
209599,-0.01800000574439764,0.46950002014636993,1,0.4515000144019723
209676,-0.01800000574439764,0.46950002014636993,1,0.4515000144019723
209726,-0.01800000574439764,0.46950002014636993,1,0.4515000144019723
209789,-0.01766667515039444,0.4696666896343231,3,0.4520000144839287
209790,-0.01800000574439764,0.46950002014636993,1,0.4515000144019723
209792,-0.01800000574439764,0.46950002014636993,2,0.4515000144019723
209867,-0.01800000574439764,0.46950002014636993,2,0.4515000144019723
209880,-0.01800000574439764,0.46950002014636993,1,0.4515000144019723
210023,-0.01800000574439764,0.46950002014636993,1,0.4515000144019723
210087,-0.01800000574439764,0.46950002014636993,2,0.4515000144019723
210105,-0.01800000574439764,0.46950002014636993,2,0.4515000144019723
210208,-0.01800000574439764,0.46950002014636993,1,0.4515000144019723
210226,-0.01800000574439764,0.46950002014636993,1,0.4515000144019723
210255,-0.01800000574439764,0.46950002014636993,1,0.4515000144019723
210297,-0.01800000574439764,0.46950002014636993,1,0.4515000144019723
210379,-0.01800000574439764,0.46950002014636993,1,0.4515000144019723
210412,-0.01800000574439764,0.46950002014636993,1,0.4515000144019723
210423,-0.01800000574439764,0.46950002014636993,1,0.4515000144019723
210424,-0.01800000574439764,0.46950002014636993,2,0.4515000144019723
210520,-0.01800000574439764,0.46950002014636993,2,0.4515000144019723
210530,-0.01800000574439764,0.46950002014636993,2,0.4515000144019723
210619,-0.01733334455639124,0.4698333591222763,3,0.45250001456588507
210678,-0.01800000574439764,0.46950002014636993,2,0.4515000144019723
210682,-0.01800000574439764,0.46950002014636993,1,0.4515000144019723
210773,-0.01800000574439764,0.46950002014636993,1,0.4515000144019723
210775,-0.01800000574439764,0.46950002014636993,1,0.4515000144019723
210777,-0.01800000574439764,0.46950002014636993,1,0.4515000144019723
210880,-0.01800000574439764,0.46950002014636993,1,0.4515000144019723
210943,-0.01800000574439764,0.46950002014636993,1,0.4515000144019723
210986,-0.01800000574439764,0.46950002014636993,1,0.4515000144019723
211002,-0.01800000574439764,0.46950002014636993,1,0.4515000144019723
211066,-0.01800000574439764,0.46950002014636993,2,0.4515000144019723
211221,-0.01800000574439764,0.46950002014636993,2,0.4515000144019723
211225,-0.01800000574439764,0.46950002014636993,1,0.4515000144019723
211291,-0.01700001396238804,0.4700000286102295,1,0.45300001464784145
211409,-0.01733334455639124,0.4698333591222763,3,0.45250001456588507
211439,-0.01750000985339284,0.4697500243782997,2,0.4522500145249069
211449,-0.01800000574439764,0.46950002014636993,1,0.4515000144019723
211528,-0.01700001396238804,0.4700000286102295,1,0.45300001464784145
211581,-0.019500017166137695,0.47450003027915955,2,0.45500001311302185
211704,-0.01750000985339284,0.4697500243782997,2,0.4522500145249069
211738,-0.01800000574439764,0.46950002014636993,1,0.4515000144019723
211766,-0.01750000985339284,0.4697500243782997,2,0.4522500145249069
211779,-0.01700001396238804,0.4700000286102295,2,0.45300001464784145
211823,-0.01700001396238804,0.4700000286102295,1,0.45300001464784145
211840,-0.01700001396238804,0.4700000286102295,1,0.45300001464784145
211882,-0.03037259980618967,0.485172614004016,5,0.45480001419782634
211884,-0.01700001396238804,0.4700000286102295,1,0.45300001464784145
211886,-0.01700001396238804,0.4700000286102295,2,0.45300001464784145
211949,-0.01700001396238804,0.4700000286102295,1,0.45300001464784145
212139,-0.01700001396238804,0.4700000286102295,1,0.45300001464784145
212156,-0.01700001396238804,0.4700000286102295,1,0.45300001464784145
212258,-0.01700001396238804,0.4700000286102295,1,0.45300001464784145
212286,-0.031000005081295967,0.4870000183582306,5,0.4560000132769346
212321,-0.01700001396238804,0.4700000286102295,1,0.45300001464784145
212609,-0.01700001396238804,0.4700000286102295,1,0.45300001464784145
212685,-0.01700001396238804,0.4700000286102295,1,0.45300001464784145
212727,-0.01700001396238804,0.4700000286102295,1,0.45300001464784145
212797,-0.018250015564262867,0.4722500294446945,2,0.45400001388043165
212896,-0.019500017166137695,0.47450003027915955,2,0.45500001311302185
212990,-0.019500017166137695,0.47450003027915955,1,0.45500001311302185
212993,-0.018250015564262867,0.4722500294446945,2,0.45400001388043165
213140,-0.019500017166137695,0.47450003027915955,1,0.45500001311302185
213162,-0.019500017166137695,0.47450003027915955,1,0.45500001311302185
213330,-0.019500017166137695,0.47450003027915955,2,0.45500001311302185
213404,-0.019500017166137695,0.47450003027915955,1,0.45500001311302185
213413,-0.019500017166137695,0.47450003027915955,1,0.45500001311302185
213475,-0.01950001437216997,0.4735000282526016,2,0.45400001388043165
213482,-0.019500017166137695,0.47450003027915955,1,0.45500001311302185
213494,-0.019500013440847397,0.47316669424374896,3,0.45366668080290157
213525,-0.019500011578202248,0.4725000262260437,3,0.45300001464784145
213566,-0.02435715656195368,0.4786428851740701,7,0.4542857286121164
213748,-0.028787661212682947,0.4817876758605244,1,0.45300001464784145
213881,-0.028725059532480644,0.4823679311624596,7,0.4536428716299789
213990,-0.028787661212682947,0.4817876758605244,2,0.45300001464784145
214000,-0.028787661212682947,0.4817876758605244,2,0.45300001464784145
214006,-0.028787661212682947,0.4817876758605244,3,0.45300001464784145
214017,-0.028787661212682947,0.4817876758605244,1,0.45300001464784145
214236,-0.031000012531876564,0.484000027179718,1,0.45300001464784145
214367,-0.031000012531876564,0.484000027179718,1,0.45300001464784145
214380,-0.03357143833168915,0.4857143099818911,7,0.45214287165020195
214399,-0.031000005081295967,0.4870000183582306,1,0.4560000132769346
214411,-0.031000005081295967,0.4870000183582306,1,0.4560000132769346
214444,-0.031000005081295967,0.4870000183582306,1,0.4560000132769346
214500,-0.031000012531876564,0.484000027179718,1,0.45300001464784145
214629,-0.03783334419131279,0.49150002499421436,3,0.45366668080290157
214731,-0.031000012531876564,0.484000027179718,2,0.45300001464784145
214789,-0.04050000384449959,0.48250001668930054,1,0.44200001284480095
214810,-0.031000012531876564,0.484000027179718,1,0.45300001464784145
214817,-0.031000012531876564,0.484000027179718,1,0.45300001464784145
214830,-0.031000012531876564,0.484000027179718,1,0.45300001464784145
214841,-0.031000010048349697,0.4850000242392222,3,0.45400001419087255
214921,-0.03864383132159721,0.48914384555965673,2,0.4505000142380595
214938,-0.03600001707673073,0.4780000299215317,1,0.44200001284480095
215332,-0.04050000384449959,0.48250001668930054,1,0.44200001284480095
215386,-0.04050000384449959,0.48250001668930054,1,0.44200001284480095
215546,-0.04150000400841236,0.497500017285347,1,0.4560000132769346
215591,-0.04050000384449959,0.48250001668930054,1,0.44200001284480095
215652,-0.04050000384449959,0.48250001668930054,1,0.44200001284480095
215697,-0.03578765863478206,0.4807876738339665,3,0.4450000151991844
215742,-0.04050000384449959,0.48250001668930054,1,0.44200001284480095
215746,-0.04050000384449959,0.48250001668930054,2,0.44200001284480095
215768,-0.04150000400841236,0.497500017285347,3,0.4560000132769346
215771,-0.03578765863478206,0.4807876738339665,2,0.4450000151991844
215780,-0.04150000400841236,0.497500017285347,1,0.4560000132769346
215863,-0.04050000384449959,0.48250001668930054,1,0.44200001284480095
215872,-0.04050000384449959,0.48250001668930054,1,0.44200001284480095
215956,-0.04050000384449959,0.48250001668930054,1,0.44200001284480095
215993,-0.04050000384449959,0.48250001668930054,1,0.44200001284480095
216000,-0.04050000384449959,0.48250001668930054,1,0.44200001284480095
216039,-0.04050000384449959,0.48250001668930054,1,0.44200001284480095
216041,-0.04050000384449959,0.48250001668930054,1,0.44200001284480095
216059,-0.03578765863478206,0.4807876738339665,3,0.4450000151991844
216072,-0.04050000384449959,0.48250001668930054,1,0.44200001284480095
216086,-0.04050000384449959,0.48250001668930054,1,0.44200001284480095
216090,-0.03578765863478206,0.4807876738339665,2,0.4450000151991844
216115,-0.0390000082552433,0.48100002110004425,3,0.44200001284480095
216137,-0.04050000384449959,0.48250001668930054,1,0.44200001284480095
216143,-0.03578765863478206,0.4807876738339665,2,0.4450000151991844
216168,-0.03578765863478206,0.4807876738339665,1,0.4450000151991844
216245,-0.04050000384449959,0.48250001668930054,1,0.44200001284480095
216254,-0.04050000384449959,0.48250001668930054,1,0.44200001284480095
216293,-0.04050000384449959,0.48250001668930054,1,0.44200001284480095
216380,-0.04050000384449959,0.48250001668930054,1,0.44200001284480095
216393,-0.03600001707673073,0.4780000299215317,2,0.44200001284480095
216401,-0.04050000384449959,0.48250001668930054,1,0.44200001284480095
216461,-0.037500012665987015,0.47950002551078796,3,0.44200001284480095
216505,-0.03600001707673073,0.4780000299215317,1,0.44200001284480095
216522,-0.038929222107927076,0.4819292357375225,3,0.4430000136295954
216556,-0.04050000384449959,0.48250001668930054,2,0.44200001284480095
216580,-0.04050000384449959,0.48250001668930054,2,0.44200001284480095
216601,-0.03600001707673073,0.4780000299215317,1,0.44200001284480095
216643,-0.03755556388447682,0.4833889106909434,9,0.4458333468064666
216688,-0.03600001707673073,0.4780000299215317,1,0.44200001284480095
216757,-0.04050000384449959,0.48250001668930054,1,0.44200001284480095
216781,-0.04150000400841236,0.497500017285347,1,0.4560000132769346
216791,-0.04050000384449959,0.48250001668930054,1,0.44200001284480095
216805,-0.03600001707673073,0.4780000299215317,1,0.44200001284480095
216842,-0.04050000384449959,0.48250001668930054,1,0.44200001284480095
216848,-0.04050000384449959,0.48250001668930054,1,0.44200001284480095
216969,-0.03600001707673073,0.4780000299215317,1,0.44200001284480095
216975,-0.03600001707673073,0.4780000299215317,1,0.44200001284480095
216983,-0.04050000384449959,0.48250001668930054,1,0.44200001284480095
216992,-0.04050000384449959,0.48250001668930054,1,0.44200001284480095
217019,-0.04050000384449959,0.48250001668930054,2,0.44200001284480095
217034,-0.04050000384449959,0.48250001668930054,2,0.44200001284480095
217065,-0.03825001046061516,0.4802500233054161,2,0.44200001284480095
217276,-0.03825001046061516,0.4802500233054161,2,0.44200001284480095
217309,-0.03600001707673073,0.4780000299215317,1,0.44200001284480095
217434,-0.04025000752881169,0.4845000207424164,2,0.4442500132136047
217531,-0.0388333440447847,0.48233335713545483,3,0.4435000130906701
217595,-0.04050000384449959,0.48250001668930054,1,0.44200001284480095
217688,-0.0388333440447847,0.48233335713545483,3,0.4435000130906701
217689,-0.0400000112131238,0.4865000247955322,1,0.44650001358240843
217705,-0.0400000112131238,0.4865000247955322,1,0.44650001358240843
217707,-0.03800001414492726,0.48225002735853195,2,0.4442500132136047
217757,-0.0400000112131238,0.4865000247955322,1,0.44650001358240843
217758,-0.042788684058935156,0.49078869788721274,2,0.4480000138282776
217761,-0.034500012174248695,0.5210000276565552,3,0.4865000154823065
217764,-0.05750000663101673,0.5515000224113464,1,0.4940000157803297
217770,-0.0469523965153843,0.5063274103455245,4,0.45937501383014023
217773,-0.03681251686066389,0.49737503100186586,16,0.460562514141202
217797,0.005499986931681633,0.450500026345253,2,0.4560000132769346
217928,-0.009000000823289157,0.47150001525878904,10,0.4625000144354999
217939,0.0084999930113554,0.4475000202655792,2,0.4560000132769346
217943,0.0084999930113554,0.4475000202655792,1,0.4560000132769346
217968,-0.008428573874490601,0.4725714453629085,7,0.46414287148841793
217986,0.005499986931681633,0.450500026345253,1,0.4560000132769346
217989,0.006499988958239555,0.44950002431869507,6,0.4560000132769346
217998,0.005499986931681633,0.450500026345253,1,0.4560000132769346
218009,-0.007250003982335329,0.4702500179409981,2,0.46300001395866275
218012,0.002388887728254,0.4545000145832698,9,0.4568889023115238
218052,0.0020000003278255463,0.45500001311302185,1,0.4570000134408474
218054,-0.006750005297362804,0.471250019967556,4,0.4645000146701932
218055,-0.006436529385546823,0.47343654384464023,3,0.4670000144590934
218079,-0.002500018570572138,0.4685000330209732,4,0.46600001445040107
218091,-0.002357142312186105,0.460785727415766,7,0.4584285851035799
218093,0.0013749944046139717,0.4611250199377537,4,0.46250001434236765
218094,0.0009999852627515793,0.46300002932548523,1,0.4640000145882368
218098,0.0009999852627515793,0.46300002932548523,1,0.4640000145882368
218099,0.0009999852627515793,0.46300002932548523,1,0.4640000145882368
218102,0.001166655992468198,0.4621666918198268,3,0.46333334781229496
218104,-0.033833348851961396,0.5176666975021362,6,0.48383334865017485
218105,-0.001500006765127182,0.46250002086162567,2,0.4610000140964985
